SMILES,Valid,HBD,HBA,ConjSystems,AroSystems,ChargedAtoms,TotalFormalCharge,Halogens,RotBonds,RingCount,AroRingCount,HeteroAtoms,HeavyAtoms,FracCsp3,TPSA,cLogP,MolWt,ExactMass,ChiralCenters
OP(=O)([1*])O,TRUE,2,1,0,0,0,0,0,0,0,0,5,4,0,57.53,-0.3716,80.987,80.97415555,0
c1nc(C)c(O)c(c1[10*])C=O,TRUE,1,3,1,1,0,0,0,1,1,1,4,10,0.142857143,50.19,0.08272,136.13,136.0398534,0
O=c1nc(N)[nH]c(c12)NC[C@H]([15*])N2,TRUE,4,5,1,1,0,0,0,0,2,1,7,12,0.333333333,95.83,-0.9351,166.164,166.0728849,1
OC(=O)[21*],TRUE,1,1,1,0,0,0,0,0,0,0,3,3,0,37.3,0.2137,45.017,44.99765427,0
[5*]c1[nH]cnc1,TRUE,1,1,1,1,0,0,0,0,1,1,3,5,0,28.68,-0.4157,67.071,67.0296231,0
O[C@H]1[C@@H](O)[C@@H](O[C@@H]1[16*])n2cnc(c23)c(N)ncn3,TRUE,3,8,1,1,0,0,0,1,3,2,9,17,0.444444444,119.31,-1.4655,236.211,236.0783642,4
[O-]C(=O)[23*],TRUE,0,2,1,0,1,-1,0,0,0,0,3,3,0,40.13,-1.121,44.009,43.99037782,0
[3*]c1ccccc1,TRUE,0,0,1,1,0,0,0,0,1,1,1,6,0,0,0.8612,77.106,77.03912516,0
[10*][C@@H]1SC[C@@H]([C@@H]12)NC(=O)N2,TRUE,2,2,1,0,0,0,0,0,2,0,5,9,0.8,41.13,-0.3414,143.191,143.0279088,3
C[N+]([2*])(C)C,TRUE,0,0,0,0,1,1,0,0,0,0,2,4,1,0,0.1569,59.112,59.07295071,0
OC[2*],TRUE,1,1,0,0,0,0,0,0,0,0,2,2,1,20.23,-0.5145,31.034,31.01838972,0
NC[6*],TRUE,1,1,0,0,0,0,0,0,0,0,2,2,1,26.02,-0.5481,30.05,30.03437413,0
[7*]CN=C(N)N,TRUE,2,1,1,0,0,0,0,1,0,0,4,5,0.5,64.4,-1.2334,72.091,72.05617219,0
[7*][C@H]1OC(=O)C(O)=C1O,TRUE,2,4,1,0,0,0,0,0,1,0,5,8,0.25,66.76,-0.2538,115.064,115.0031336,1
O=C([7*])N,TRUE,1,1,1,0,0,0,0,0,0,0,3,3,0,43.09,-0.3856,44.033,44.01363868,0
[17*]CC,TRUE,0,0,0,0,0,0,0,0,0,0,1,2,1,0,0.9739,29.062,29.03912516,0
[6*]SC,TRUE,0,1,0,0,0,0,0,0,0,0,2,2,1,0,0.8137,47.102,46.9955461,0
c1cc(O)ccc1[4*],TRUE,1,1,1,1,0,0,0,0,1,1,2,7,0,20.23,0.5668,93.105,93.03403978,0
C=C1[C@@H](O)C[C@H](O)C\C1=C\C=C(CCC2)\[C@@H]([C@]23C)CC[C@@H]3[9*],TRUE,2,2,1,0,0,0,0,1,3,0,3,21,0.684210526,40.46,3.849,287.423,287.2011051,5
OC([18*])(C)C,TRUE,1,1,0,0,0,0,0,0,0,0,2,4,1,20.23,0.2641,59.088,59.04968984,0
O[C@H](C1)C=C(C)[C@H]([14*])C1(C)C,TRUE,1,1,0,0,0,0,0,0,1,0,2,10,0.777777778,20.23,2.0613,139.218,139.1122901,2
CC1(C)C[C@H](O)CC(C)=C1\C=C\C(C)=C\C=C\C(C)=C\C=C\C=C(C)\C=C\C=C(C)\C=C\[3*],TRUE,1,1,1,0,0,0,0,9,1,0,2,32,0.35483871,20.23,8.5568,429.668,429.3157409,1
O=c1[nH]c(=O)nc(n2C[10*])c1nc(c23)cc(C)c(c3)C,TRUE,1,5,1,1,0,0,0,1,3,1,7,19,0.230769231,80.64,0.70824,255.257,255.0882006,0
O=C(N[9*])C,TRUE,1,1,1,0,0,0,0,0,0,0,3,4,0.5,29.1,-0.4132,58.06,58.02928875,0
O=C[9*],TRUE,0,1,0,0,0,0,0,0,0,0,2,2,0,17.07,-0.2741,29.018,29.00273965,0
SC[12*],TRUE,1,1,0,0,0,0,0,0,0,0,2,2,1,0,0.423,47.102,46.9955461,0
C=C1CC[C@H](O)C\C1=C\C=C(CCC2)\[C@@H]([C@]23C)CC[C@@H]3[8*],TRUE,1,1,1,0,0,0,0,1,3,0,2,20,0.684210526,20.23,4.8782,271.424,271.2061905,4
CN([5*])/C([NH3+])=N\[H],TRUE,2,1,1,0,1,1,0,0,0,0,4,5,0.5,54.73,-1.44083,73.099,73.06344864,0
CC([4*])C,TRUE,0,0,0,0,0,0,0,0,0,0,1,3,1,0,1.364,43.089,43.05477522,0
[5*]c1c[nH]c(c12)cccc2,TRUE,1,0,1,1,0,0,0,0,2,2,2,9,0,15.79,1.3425,116.143,116.0500242,0
[7*]c1c(N)nc(C)nc1,TRUE,1,3,1,1,0,0,0,0,1,1,4,8,0.2,51.8,-0.45818,108.124,108.0561722,0
O=C(N[9*])N,TRUE,2,1,1,0,0,0,0,0,0,0,4,4,0,55.12,-0.881,59.048,59.02453772,0
O[C@@H]([4*])C,TRUE,1,1,0,0,0,0,0,0,0,0,2,3,1,20.23,-0.126,45.061,45.03403978,1
[30*]N1C=C(C(=O)N)CC=C1,TRUE,1,2,1,0,0,0,0,1,1,0,4,9,0.166666667,46.33,0.0393,123.135,123.0558378,0
O=c1nc(N)[nH]c(c12)ncc(n2)[20*],TRUE,2,5,1,1,0,0,0,0,2,2,7,12,0,97.55,-1.5301,162.132,162.0415847,0
N[C@H]([5*])C,TRUE,1,1,0,0,0,0,0,0,0,0,2,3,1,26.02,-0.1596,44.077,44.05002419,1
CC1(C)CCCC(C)=C1/C=C/C(C)=C/C=C/C(C)=C/[20*],TRUE,0,0,1,0,0,0,0,4,1,0,1,19,0.473684211,0,6.0248,255.425,255.2112759,0
C1C[C@]([3*])(C)Oc(c12)c(C)c(C)c(O)c2C,TRUE,1,2,1,1,0,0,0,0,2,1,3,15,0.538461538,29.46,2.90796,205.277,205.1228548,1
[5*][C@H]1SSCC1,TRUE,0,2,0,0,0,0,0,0,1,0,3,5,1,0,1.6469,105.207,104.9832672,1
COC(=O)[7*],TRUE,0,2,1,0,0,0,0,0,0,0,3,4,0.5,26.3,0.3021,59.044,59.01330434,0
[7*][C@H]1NCCC1,TRUE,1,1,0,0,0,0,0,0,1,0,2,5,1,12.03,0.2452,70.115,70.06567426,1
[12*]OC,TRUE,0,1,0,0,0,0,0,0,0,0,2,2,1,9.23,0.0971,31.034,31.01838972,0
FC(F)(F)[15*],TRUE,0,0,0,0,0,0,3,0,0,0,4,4,1,0,1.0555,69.005,68.99520966,0
n1n[nH]nc1-c(cccc2)c2-c(cc3)ccc3[10*],TRUE,1,3,1,3,0,0,0,2,3,3,5,17,0,54.46,1.7083,221.243,221.0827213,0
[6*]c1cc(O)c(O)cc1,TRUE,2,2,1,1,0,0,0,0,1,1,3,8,0,40.46,0.2724,109.104,109.0289544,0
C1=CC(=O)C=C([C@@H](F)C2)[C@@]1(C)[C@@H]([C@@H](O)C3)[C@@H]2[C@@H]([C@]34C)C[C@@H]5[C@@]4([21*])OC(O5)(C)C,TRUE,1,4,1,0,0,0,1,0,5,0,6,27,0.772727273,55.76,3.2201,375.46,375.1971626,9
c1cc(Cl)ccc1[4*],TRUE,0,0,1,1,0,0,1,0,1,1,2,7,0,0,1.5146,111.551,111.0001528,0
CN1[C@H]([6*])CCC1,TRUE,0,1,0,0,0,0,0,0,1,0,2,6,1,3.24,0.5874,84.142,84.08132432,1
c1ncccc1[2*],TRUE,0,1,1,1,0,0,0,0,1,1,2,6,0,12.89,0.2562,78.094,78.03437413,0
Cl\C=C\[2*],TRUE,0,0,0,0,0,0,1,0,0,0,2,3,0,0,1.2457,61.491,60.98450274,0
[2*]C#C,TRUE,0,0,0,0,0,0,0,0,0,0,1,2,0,0,0.1264,25.03,25.00782503,0
[6*]NN,TRUE,2,2,0,0,0,0,0,0,0,0,3,2,0,38.05,-1.086,31.038,31.0296231,0
NC([2*])(C)C,TRUE,1,1,0,0,0,0,0,0,0,0,2,4,1,26.02,0.2305,58.104,58.06567426,0
CN([9*])C,TRUE,0,1,0,0,0,0,0,0,0,0,2,3,1,3.24,0.0123,44.077,44.05002419,0
[4*]c1cc(OC)ccc1,TRUE,0,1,1,1,0,0,0,1,1,1,2,8,0.142857143,9.23,0.8698,107.132,107.0496898,0
O[C@@H]1[C@@H]([13*])O[C@H]([C@H]1O)n2cnc(c23)c(N)ncn3,TRUE,3,8,1,1,0,0,0,1,3,2,9,17,0.444444444,119.31,-1.4655,236.211,236.0783642,4
[7*]C1CC1,TRUE,0,0,0,0,0,0,0,0,1,0,1,3,1,0,1.118,41.073,41.03912516,0
[9*]Cn1ncnc1,TRUE,0,3,1,1,0,0,0,1,1,1,4,6,0.333333333,30.71,-0.2151,82.086,82.04052213,0
[9*]c1c(F)cc(F)cc1,TRUE,0,0,1,1,0,0,2,0,1,1,3,8,0,0,1.1394,113.086,113.0202815,0
C1C[C@@]([12*])(C)Oc(c12)c(C)c(C)c(O)c2C,TRUE,1,2,1,1,0,0,0,0,2,1,3,15,0.538461538,29.46,2.90796,205.277,205.1228548,1
[25*][C@@H]1SC(=O)NC1=O,TRUE,1,3,1,0,0,0,0,0,1,0,5,7,0.333333333,46.17,-0.1552,116.121,115.9806243,1
[*]N1CCN(C)CC1,TRUE,0,2,0,0,0,0,0,0,1,0,3,7,1,6.48,-0.3019,99.157,99.09222335,0
O=S(=O)([8*])C,TRUE,0,2,0,0,0,0,0,0,0,0,4,4,1,34.14,-0.5047,79.1,78.98537534,0
c1cc(Cl)ccc1-c2c([7*])nc(N)nc2N,TRUE,2,4,1,2,0,0,1,1,2,2,6,15,0,77.82,1.136,219.655,219.0437489,0
[19*]OC(=O)c1cc(OC)c(OC)c(c1)OC,TRUE,0,5,1,1,0,0,0,4,1,1,6,15,0.3,53.99,1.3335,211.193,211.0606485,0
c1csc(c12)CCN([8*])C2,TRUE,0,2,1,1,0,0,0,0,2,1,3,9,0.428571429,3.24,1.5705,138.215,138.0377453,0
[8*]c1c(Cl)cccc1,TRUE,0,0,1,1,0,0,1,0,1,1,2,7,0,0,1.5146,111.551,111.0001528,0
COc(c1[3*])ccc(c1)-c(c2)ccc(c23)cc(cc3)C(=O)O,TRUE,1,2,1,2,0,0,0,3,3,3,4,21,0.055555556,46.53,3.3882,277.299,277.0864693,0
[13*]C12C[C@H]3C[C@@H](C1)C[C@@H](C2)C3,TRUE,0,0,0,0,0,0,0,0,4,0,1,10,1,0,2.9244,135.23,135.1173755,0
COc(c1[6*])ccc(c1)OC,TRUE,0,2,1,1,0,0,0,2,1,1,3,10,0.25,18.46,0.8784,137.158,137.0602545,0
FC(F)[4*],TRUE,0,0,0,0,0,0,2,0,0,0,3,3,1,0,0.7583,51.015,51.00463147,0
COc1c(OC)ccnc1[13*],TRUE,0,3,1,1,0,0,0,2,1,1,4,10,0.285714286,31.35,0.2734,138.146,138.0555035,0
c1nccc(c1[*])Nc2cc(C)ccc2,TRUE,1,2,1,2,0,0,0,2,2,2,3,14,0.083333333,24.92,2.30822,183.234,183.0922234,0
c1cc(F)ccc1[4*],TRUE,0,0,1,1,0,0,1,0,1,1,2,7,0,0,1.0003,95.096,95.02970335,0
N#C[17*],TRUE,0,1,0,0,0,0,0,0,0,0,2,2,0,23.79,0.01678,26.018,26.003074,0
CN1[C@@H]([9*])CCC1,TRUE,0,1,0,0,0,0,0,0,1,0,2,6,1,3.24,0.5874,84.142,84.08132432,1
C/N=C(/N[3*])NC,TRUE,2,1,1,0,0,0,0,0,0,0,4,6,0.666666667,36.42,-0.7545,86.118,86.07182226,0
[7*]C1CCCCC1,TRUE,0,0,0,0,0,0,0,0,1,0,1,6,1,0,2.2883,83.154,83.08607535,0
CC([6*])(C)C,TRUE,0,0,0,0,0,0,0,0,0,0,1,4,1,0,1.7541,57.116,57.07042529,0
[20*]NC(=O)c1c(C)c(O)ccc1,TRUE,2,2,1,1,0,0,0,1,1,1,4,11,0.125,49.33,0.89472,150.157,150.0555035,0
C1=CC(=O)C=C([C@@H](F)C2)[C@@]1(C)[C@@](F)([C@@H](O)C3)[C@@H]2[C@@H]([C@]34C)C[C@H](C)[C@@]4([21*])O,TRUE,2,3,1,0,0,0,2,0,4,0,6,25,0.75,57.53,2.7891,351.413,351.1771761,9
[6*][C@@H]1[C@H](O)Cc(c12)cccc2,TRUE,1,1,1,1,0,0,0,0,2,1,2,10,0.333333333,20.23,1.194,133.17,133.0653399,2
O1C[C@@H]([13*])OC12CCCCC2,TRUE,0,2,0,0,0,0,0,0,2,0,3,10,1,18.46,1.569,141.19,141.0915547,1
[14*][C@H]1OC(=O)C[C@H](O)C1,TRUE,1,3,1,0,0,0,0,0,1,0,4,8,0.8,46.53,-0.4403,115.108,115.0395191,2
Cl[C@@H](F)[7*],TRUE,0,0,0,0,0,0,2,0,0,0,3,3,1,0,1.0276,67.47,66.97508093,1
c1sc(N)nc1[25*],TRUE,1,3,1,1,0,0,0,0,1,1,4,6,0,38.91,-0.1001,99.138,99.0016941,0
O=S(=O)([18*])N,TRUE,1,2,0,0,0,0,0,0,0,0,5,4,0,60.16,-1.2608,80.088,79.9806243,0
ClC[11*],TRUE,0,0,0,0,0,0,1,0,0,0,2,2,1,0,0.732,49.48,48.98450274,0
[5*][C@@H]1OCCNC1,TRUE,1,2,0,0,0,0,0,0,1,0,3,6,1,21.26,-0.5184,86.114,86.06058888,1
c1c([15*])c(=O)[nH]c(C)c1-c2ccncc2,TRUE,1,2,1,2,0,0,0,1,2,2,4,14,0.090909091,45.75,0.91992,185.206,185.0714879,0
BrC[12*],TRUE,0,0,0,0,0,0,1,0,0,0,2,2,1,0,0.8881,93.931,92.93398716,0
c1ccnc(N2[5*])c1C(=O)Nc(c23)c(C)ccn3,TRUE,1,4,1,2,0,0,0,0,3,2,6,17,0.083333333,58.12,1.95312,225.231,225.0776359,0
[9*]Cn1ccnc1,TRUE,0,2,1,1,0,0,0,1,1,1,3,6,0.25,17.82,0.3899,81.098,81.04527316,0
[15*]c1c(Cl)cc(Cl)cc1,TRUE,0,0,1,1,0,0,2,0,1,1,3,8,0,0,2.168,145.996,144.9611805,0
C1=CC(=O)C=C(C[C@H]2Cl)[C@@]1(C)[C@@H]([C@@H](O)C3)[C@@H]2[C@@H]([C@]34C)C[C@@H](C)[C@@]4([20*])O,TRUE,2,3,1,0,0,0,1,0,4,0,5,24,0.75,57.53,2.9663,349.878,349.1570474,9
[8*]C=C,TRUE,0,0,0,0,0,0,0,0,0,0,1,2,0,0,0.6792,27.046,27.0234751,0
Clc(n1)nc(N)c(c12)ncn2[C@@H]3O[C@H]([13*])[C@@H](O)C3,TRUE,2,7,1,1,0,0,1,1,3,2,9,17,0.444444444,99.08,0.2171,254.657,254.0444772,3
[14*]Oc1c(OC)cccc1,TRUE,0,2,1,1,0,0,0,2,1,1,3,9,0.142857143,18.46,1.5383,123.131,123.0446045,0
O=C([12*])Nc1c(C)cccc1C,TRUE,1,1,1,1,0,0,0,1,1,1,3,11,0.222222222,29.1,2.38464,148.185,148.0762389,0
c1cccc(c12)snc2N(CC3)CCN3[11*],TRUE,0,4,1,1,0,0,0,1,3,2,5,15,0.363636364,19.37,1.8826,218.305,218.0751934,0
c1c([12*])c(Cl)cc(c12)NC(=O)C2,TRUE,1,1,1,1,0,0,1,0,2,1,4,11,0.125,29.1,1.0092,166.587,166.0059665,0
CN1C[C@H]([17*])C=C([C@H]12)c3c4c(C2)cn(C)c4ccc3,TRUE,0,2,1,1,0,0,0,0,4,2,3,18,0.375,8.17,2.7696,237.326,237.1391735,2
Ic(c1)c(=O)[nH]c(=O)n1[C@H](O[C@@H]2[12*])C[C@@H]2O,TRUE,2,5,1,1,0,0,1,1,2,1,8,15,0.5,84.32,-0.7036,323.066,322.9528797,3
c1cc(N)ccc1[*],TRUE,1,1,1,1,0,0,0,0,1,1,2,7,0,26.02,0.4434,92.121,92.05002419,0
[19*][C@H]1CC[C@H]([C@@]12C)[C@H]3[C@H]([C@@H](O)C2)[C@]4(C)C([C@H](C3)C)=CC(=O)CC4,TRUE,1,2,1,0,0,0,0,0,4,0,3,22,0.85,37.3,4.0729,301.45,301.2167552,8
O=C([10*])C,TRUE,0,1,0,0,0,0,0,0,0,0,2,3,0.5,17.07,0.0822,43.045,43.01838972,0
[*]Nc1onc(C)c1C,TRUE,1,3,1,1,0,0,0,1,1,1,4,8,0.4,38.06,1.16764,111.124,111.0558378,0
C\C=C\C(=O)N([3*])c1c(C)cccc1,TRUE,0,1,1,1,0,0,0,2,1,1,3,13,0.181818182,20.31,2.36842,174.223,174.091889,0
Oc1c([6*])c(=O)oc(c12)cccc2,TRUE,1,3,1,1,0,0,0,0,2,2,4,12,0,50.44,0.6732,161.136,161.023869,0
Cn1nnnc1[1*],TRUE,0,4,1,1,0,0,0,0,1,1,5,6,0.5,43.6,-1.6153,83.074,83.0357711,0
c1sc(N)nc1C(\C(=O)N[18*])=N\OC,TRUE,2,6,1,1,0,0,0,3,1,1,8,13,0.166666667,89.6,-0.3437,199.215,199.0289715,0
O=C(C1)Nc(c12)cccc2[4*],TRUE,1,1,1,1,0,0,0,0,2,1,3,10,0.125,29.1,0.3558,132.142,132.0449388,0
n1onc(c12)cccc2[8*],TRUE,0,3,1,1,0,0,0,0,2,2,4,9,0,38.92,0.3974,119.103,119.0245377,0
[3*]c1[nH]ncc1,TRUE,1,1,1,1,0,0,0,0,1,1,3,5,0,28.68,-0.4157,67.071,67.0296231,0
O1C(C)(C)O[C@H]([C@]12[17*])[C@H]3[C@@H](CO2)OC(O3)(C)C,TRUE,0,5,0,0,0,0,0,0,3,0,6,16,1,46.15,0.8913,229.252,229.1075986,4
c1cc(N[*])cc(OC)c1Nc2c(cccc3)c3nc(c24)cccc4,TRUE,2,4,1,2,0,0,0,4,4,4,5,24,0.05,46.18,5.0164,314.368,314.1293371,0
N1C[C@H](C)Cc(c12)cccc2[*],TRUE,1,1,1,1,0,0,0,0,2,1,2,11,0.4,12.03,1.4653,146.213,146.0969744,1
[8*]c1cc(I)c(c(I)c1)Oc2cc(I)c(O)cc2,TRUE,1,2,1,2,0,0,3,2,2,2,6,17,0,29.46,4.1729,562.89,562.7501984,0
[4*]c1ncccc1,TRUE,0,1,1,1,0,0,0,0,1,1,2,6,0,12.89,0.2562,78.094,78.03437413,0
[O-]P(=O)([10*])O,TRUE,1,2,0,0,1,-1,0,0,0,0,5,4,0,60.36,-1.0036,79.979,79.9668791,1
[NH3+]C[11*],TRUE,1,0,0,0,1,1,0,0,0,0,2,2,1,27.64,-1.2649,31.058,31.04165058,0
OC1([4*])CCCCC1,TRUE,1,1,0,0,0,0,0,0,1,0,2,7,1,20.23,1.1884,99.153,99.08098997,0
c1cc(OC)ccc1[4*],TRUE,0,1,1,1,0,0,0,1,1,1,2,8,0.142857143,9.23,0.8698,107.132,107.0496898,0
[30*]OC(=O)C,TRUE,0,2,1,0,0,0,0,0,0,0,3,4,0.5,26.3,0.0138,59.044,59.01330434,0
C1=CC(=O)C=C(CC2)[C@@]1(C)[C@@](F)([C@@H](O)C3)[C@@H]2[C@H](C[C@H]4O5)[C@@]3(C)[C@]4([21*])OC56CCCC6,TRUE,1,4,1,0,0,0,1,0,6,0,6,29,0.791666667,55.76,3.8984,401.498,401.2128127,8
[2*]Oc1c(C)cccc1,TRUE,0,1,1,1,0,0,0,1,1,1,2,8,0.142857143,9.23,1.83812,107.132,107.0496898,0
[5*]NC,TRUE,1,1,0,0,0,0,0,0,0,0,2,2,1,12.03,-0.3299,30.05,30.03437413,0
O=c1nc(C)[nH]c(c12)ccc([11*])c2,TRUE,1,2,1,1,0,0,0,0,2,2,4,12,0.111111111,45.75,0.40612,159.168,159.0558378,0
[7*]N1CCN(CC1)c2c(C)cccc2,TRUE,0,2,1,1,0,0,0,1,2,1,3,13,0.454545455,6.48,1.58132,175.255,175.1235235,0
[10*]c1nnc(n12)CCCC2,TRUE,0,3,1,1,0,0,0,0,2,1,4,9,0.666666667,30.71,-0.211,122.151,122.0718223,0
[nH]1c(N)nc(=O)c(c12)ncn2C[9*],TRUE,2,5,1,1,0,0,0,1,2,2,7,12,0.166666667,89.59,-0.7914,164.148,164.0572348,0
Fc1cccc(Cl)c1-c(c2C(=O)N[14*])noc2C,TRUE,1,3,1,2,0,0,2,2,2,2,7,17,0.090909091,55.13,2.63662,253.64,253.0180084,0
O=C([24*])Nc1cc(C(=O)O)ccc1,TRUE,2,2,1,1,0,0,0,2,1,1,5,12,0,66.4,1.466,164.14,164.0347681,0
[16*]OC(=O)N,TRUE,1,2,1,0,0,0,0,0,0,0,4,4,0,52.32,-0.454,60.032,60.0085533,0
O[C@]1([10*])NC(=O)c(c12)cccc2,TRUE,2,2,1,1,0,0,0,0,2,1,4,11,0.125,49.33,0.0819,148.141,148.0398534,1
C1OC(=O)N[C@H]1[6*],TRUE,1,2,1,0,0,0,0,0,1,0,4,6,0.666666667,38.33,-0.3984,86.07,86.02420337,1
c1cc(F)c(Cl)cc1Nc2ncnc(c23)cc(OC)c(O[15*])c3,TRUE,1,5,1,2,0,0,2,4,3,3,8,22,0.066666667,56.27,4.0176,318.715,318.0445575,0
C1COCCN1[9*],TRUE,0,2,0,0,0,0,0,0,1,0,3,6,1,12.47,-0.2171,86.114,86.06058888,0
C1[C@@H]([27*])CN(C)[C@@H]([C@H]12)Cc3c4c2cccc4[nH]c3,TRUE,1,1,1,1,0,0,0,0,4,2,3,17,0.466666667,19.03,2.8495,225.315,225.1391735,3
c1cccc(CC2)c1C(=C[9*])c(c23)cccc3,TRUE,0,0,1,2,0,0,0,0,3,2,1,16,0.125,0,3.7237,205.28,205.1017254,0
Fc(c1)c(=O)[nH]c(=O)n1[C@H](O[C@@H]2[12*])C[C@@H]2O,TRUE,2,5,1,1,0,0,1,1,2,1,8,15,0.5,84.32,-1.1691,215.16,215.04681,3
C1=CC(=O)C=C([C@H](C2)C)[C@@]1(C)[C@@](F)([C@@H](O)C3)[C@@H]2[C@@H]([C@]34C)CC[C@@]4([19*])O,TRUE,2,3,1,0,0,0,1,0,4,0,5,24,0.75,57.53,2.8411,333.423,333.1865979,8
c1cc(Cl)ccc1C(=O)n(c(c2[10*])C)c(c23)ccc(c3)OC,TRUE,0,3,1,2,0,0,1,2,3,3,5,21,0.117647059,31.23,3.47482,298.749,298.0634813,0
COc(c1)ccc(c12)nc([*])[nH]2,TRUE,1,2,1,1,0,0,0,1,2,2,4,11,0.125,37.91,0.7461,147.157,147.0558378,0
Cc1c(OC)c(C)cnc1[7*],TRUE,0,2,1,1,0,0,0,1,1,1,3,10,0.375,22.12,0.88164,136.174,136.0762389,0
CN1C[C@@H]([3*])CCC1,TRUE,0,1,0,0,0,0,0,0,1,0,2,7,1,3.24,1.0498,98.169,98.09697438,1
c1cccc(c12)Sc3c(C2[3*])cccc3,TRUE,0,1,2,2,0,0,0,0,3,2,2,14,0.076923077,0,3.7899,197.282,197.0424963,0
c1cccc(C2[2*])c1C=Cc(c23)cccc3,TRUE,0,0,1,2,0,0,0,0,3,2,1,15,0.066666667,0,3.8091,191.253,191.0860754,0
[12*]NC(=O)c1ccc(N)cc1,TRUE,2,2,1,1,0,0,0,1,1,1,4,10,0,55.12,0.4629,135.146,135.0558378,0
COc(c1)c(OC)cc(c12)nc(N([16*])C)nc2N,TRUE,1,6,1,1,0,0,0,3,2,2,7,17,0.272727273,73.5,1.1297,233.251,233.1038507,0
[13*][C@H]1OCCC1,TRUE,0,1,0,0,0,0,0,0,1,0,2,5,1,9.23,0.6722,71.099,71.04968984,1
[15*]C1C(=O)CCCC1=O,TRUE,0,2,0,0,0,0,0,0,1,0,3,8,0.666666667,34.14,0.6463,111.12,111.0446045,0
CN1C[C@H]([16*])C=C([C@H]12)c3c4c(C2)c[nH]c4ccc3,TRUE,1,1,1,1,0,0,0,0,4,2,3,17,0.333333333,19.03,2.7592,223.299,223.1235235,2
O=S([O-])(=O)[10*],TRUE,0,3,0,0,1,-1,0,0,0,0,5,4,0,57.2,-1.0041,80.064,79.95736344,0
[11*][C@H]1NCCCC1,TRUE,1,1,0,0,0,0,0,0,1,0,2,6,1,12.03,0.6353,84.142,84.08132432,1
[*]Nc1ncccn1,TRUE,1,3,1,1,0,0,0,1,1,1,4,7,0,37.81,0.3528,94.097,94.04052213,0
O[C@H]([9*])C,TRUE,1,1,0,0,0,0,0,0,0,0,2,3,1,20.23,-0.126,45.061,45.03403978,1
O=c1nc(N)ccn1C[10*],TRUE,1,4,1,1,0,0,0,1,1,1,5,9,0.2,60.91,-0.6677,124.123,124.0510868,0
[18*]Oc1nsnc1N2CCOCC2,TRUE,0,6,1,1,0,0,0,2,2,1,7,12,0.666666667,47.48,0.2178,186.216,186.0337225,0
[10*]N1CCCCC1,TRUE,0,1,0,0,0,0,0,0,1,0,2,6,1,3.24,0.9366,84.142,84.08132432,0
C1N([4*])C(=O)c(c2[C@@H]13)cccc2CCC3,TRUE,0,1,1,1,0,0,0,0,3,1,3,14,0.416666667,20.31,2.0266,186.234,186.091889,1
N12C[C@@H]([2*])C(CC1)CC2,TRUE,0,1,0,0,0,0,0,0,3,0,2,8,1,3.24,1.0498,110.18,110.0969744,1
C1CC(=O)C=C(C=C2)[C@]1(C)[C@H](CC3)[C@@H]2[C@@H]([C@]34C)CC[C@@H]4[16*],TRUE,0,1,1,0,0,0,0,0,4,0,2,20,0.736842105,17.07,4.6321,269.408,269.1905404,6
[3*]Oc1c(C)cccc1C,TRUE,0,1,1,1,0,0,0,1,1,1,2,9,0.25,9.23,2.14654,121.159,121.0653399,0
N[C@@H]([3*])C,TRUE,1,1,0,0,0,0,0,0,0,0,2,3,1,26.02,-0.1596,44.077,44.05002419,1
[8*]N1CC(=O)NC(=O)C1,TRUE,1,3,1,0,0,0,0,0,1,0,5,8,0.5,49.41,-1.5909,113.096,113.0351024,0
CN1C([16*])=NCCC1,TRUE,0,2,1,0,0,0,0,0,1,0,3,7,0.8,15.6,0.2272,97.141,97.07657329,0
[10*]N1CCCC1,TRUE,0,1,0,0,0,0,0,0,1,0,2,5,1,3.24,0.5465,70.115,70.06567426,0
[3*]c1cc(O)ccc1,TRUE,1,1,1,1,0,0,0,0,1,1,2,7,0,20.23,0.5668,93.105,93.03403978,0
Cn1c(=S)n(cc1)C(=O)O[10*],TRUE,0,5,1,1,0,0,0,0,1,1,6,10,0.2,36.16,1.00509,157.174,157.0071734,0
c1cccc(c12)Sc3c(N2[4*])cccc3,TRUE,0,2,1,2,0,0,0,0,3,2,3,14,0,3.24,3.7536,198.27,198.0377453,0
[9*]c1cc([N+]([O-])=O)ccc1,TRUE,0,2,1,1,2,0,0,1,1,1,4,9,0,43.14,0.7694,122.103,122.0242034,0
C1CC(=O)C=C(CC2)[C@@]1(C)[C@@H](CC3)[C@@H]2[C@@H]([C@]34C)CC[C@@H]4[18*],TRUE,0,1,1,0,0,0,0,0,4,0,2,20,0.842105263,17.07,4.8561,271.424,271.2061905,6
c1cc(Cl)c([24*])cc1NC(=O)Nc2ccc(cc2)Oc3cc(ncc3)C(=O)NC,TRUE,3,4,1,3,0,0,1,5,3,3,9,28,0.05,92.35,3.7055,395.826,395.0910931,0
[O-][N+](=O)c(c1[8*])cccc1,TRUE,0,2,1,1,2,0,0,1,1,1,4,9,0,43.14,0.7694,122.103,122.0242034,0
c1cc(Cl)cnc1N([C@H]2[1*])C(=O)c(c23)nccn3,TRUE,0,4,1,2,0,0,1,1,3,2,7,17,0.090909091,58.98,1.7333,245.649,245.0230135,1
[14*]OC(=O)N1CCN(C)CC1,TRUE,0,3,1,0,0,0,0,0,1,0,5,10,0.833333333,32.78,-0.1653,143.166,143.0820526,0
c1cc(Br)ccc1[3*],TRUE,0,0,1,1,0,0,1,0,1,1,2,7,0,0,1.6237,156.002,154.9496372,0
[10*]NC(=O)c1c(OC)c(Br)ccc1OC,TRUE,1,3,1,1,0,0,1,3,1,1,6,14,0.222222222,47.56,1.6604,259.079,257.9765802,0
CN([11*])c1ncccc1,TRUE,0,2,1,1,0,0,0,1,1,1,3,8,0.166666667,16.13,0.9821,107.136,107.0609232,0
[8*][C@H]1SC(=O)NC1=O,TRUE,1,3,1,0,0,0,0,0,1,0,5,7,0.333333333,46.17,-0.1552,116.121,115.9806243,1
s1c(N)nc(c12)CC[C@H]([1*])C2,TRUE,1,3,1,1,0,0,0,0,2,1,4,10,0.571428571,38.91,1.5518,153.23,153.0486443,1
O=C(C)c(cc1)ccc1[*],TRUE,0,1,1,1,0,0,0,1,1,1,2,9,0.125,17.07,1.0638,119.143,119.0496898,0
[17*]Oc1ccccc1,TRUE,0,1,1,1,0,0,0,1,1,1,2,7,0,9.23,1.5297,93.105,93.03403978,0
C1CC(=O)O[C@@]12[C@]3(C)[C@@H](CC2)[C@H]4[C@H](CC3)[C@]5(C)C(C[C@H]4[*])=CC(=O)CC5,TRUE,0,3,2,0,0,0,0,0,5,0,4,25,0.818181818,43.37,4.5418,341.471,341.2116698,7
c1c(C)ccc(n12)nc(c2[7*])-c3ccc(C)cc3,TRUE,0,2,1,2,0,0,0,1,3,3,3,17,0.133333333,17.3,2.79274,221.283,221.1078734,0
O=C([7*])N(C)C,TRUE,0,1,1,0,0,0,0,0,0,0,3,5,0.666666667,20.31,0.2173,72.087,72.04493881,0
[10*]Cn1cnc(c12)cnc(n2)N,TRUE,1,5,1,1,0,0,0,1,2,2,6,11,0.166666667,69.62,-0.0847,148.149,148.0623202,0
c1cccnc1C(=C\[6*])\c2ccc(C)cc2,TRUE,0,1,1,2,0,0,0,2,2,2,2,15,0.071428571,12.89,3.32852,194.257,194.0969744,0
[11*]NC(=O)N(N=O)C,TRUE,1,3,1,0,0,0,0,1,0,0,6,7,0.5,61.77,-0.2265,102.073,102.0303514,0
[26*]NC(=O)c1c(=O)cc(C)[nH]c1,TRUE,2,2,1,1,0,0,0,1,1,1,5,11,0.142857143,61.96,-0.12258,151.145,151.0507525,0
Clc(c1)ccc(c12)Sc3c(N2[11*])cccc3,TRUE,0,2,1,2,0,0,1,0,3,2,4,15,0,3.24,4.407,232.715,231.9987729,0
[19*]C[n+]1ccccc1,TRUE,0,0,1,1,1,1,0,1,1,1,2,7,0.166666667,3.88,0.4809,93.129,93.05730064,0
COc(c1)c(OC)c(OC)cc1[7*],TRUE,0,3,1,1,0,0,0,3,1,1,4,12,0.333333333,27.69,0.887,167.184,167.0708192,0
[7*]c1c(N)nc(N)nc1,TRUE,2,4,1,1,0,0,0,0,1,1,5,8,0,77.82,-1.1844,109.112,109.0514212,0
FC1(F)[C@H](O)[C@@H]([13*])O[C@H]1n2ccc(N)nc2=O,TRUE,2,6,1,1,0,0,2,1,2,1,9,16,0.5,90.37,-0.7741,232.166,232.0533726,3
C=C1[C@H]([13*])[C@@H](O)C[C@@H]1n2cnc(c23)c(=O)nc([nH]3)N,TRUE,3,6,1,1,0,0,0,1,3,2,8,18,0.363636364,109.82,-0.0985,246.25,246.0990996,3
C1=CC(=O)C=C(CC2)[C@@]1(C)[C@@](F)([C@@H](O)C3)[C@@H]2[C@@H]([C@]34C)C[C@H](C)[C@@]4([20*])O,TRUE,2,3,1,0,0,0,1,0,4,0,5,24,0.75,57.53,2.8411,333.423,333.1865979,8
COc(c1)c(O)c(OC)cc1[17*],TRUE,1,3,1,1,0,0,0,2,1,1,4,11,0.25,38.69,0.584,153.157,153.0551691,0
[35*]c1sccc1,TRUE,0,1,1,1,0,0,0,0,1,1,2,5,0,0,0.9227,83.135,82.9955461,0
[*][C@@H]1O[C@@H](C)[C@H](O)[C@@H](N)C1,TRUE,2,3,0,0,0,0,0,0,1,0,4,9,1,55.48,-0.6412,130.167,130.0868036,4
[O-][N+](=O)c(cc1)ccc1[10*],TRUE,0,2,1,1,2,0,0,1,1,1,4,9,0,43.14,0.7694,122.103,122.0242034,0
ClC(Cl)[15*],TRUE,0,0,0,0,0,0,2,0,0,0,3,3,1,0,1.2969,83.925,82.94553039,0
OC(=O)C1=C(Cl)CC[C@@H](N12)[C@H]([6*])C2=O,TRUE,1,2,1,0,0,0,1,1,2,0,6,13,0.5,57.61,0.8638,200.601,200.0114458,2
[nH]1c([*])nc(c12)cccc2,TRUE,1,1,1,1,0,0,0,0,2,2,3,9,0,28.68,0.7375,117.131,117.0452732,0
[10*]N1CCC(=CC1)n2c(=O)[nH]c(c23)cccc3,TRUE,1,3,1,1,0,0,0,1,3,2,5,16,0.25,41.03,1.3405,214.248,214.098037,0
c1cc(F)ccc1C(=O)[14*],TRUE,0,1,1,1,0,0,1,1,1,1,3,9,0,17.07,1.5152,123.106,123.024618,0
[9*]c1cc(I)c(c(I)c1)Oc2cc(I)c(O)c(I)c2,TRUE,1,2,1,2,0,0,4,2,2,2,7,18,0,29.46,4.7775,688.786,688.6468464,0
c1cc(Cl)cc(c12)CCc3c(nccc3)C2=C(CC4)CCN4C(=O)O[25*],TRUE,0,3,2,2,0,0,1,0,4,2,6,25,0.3,42.43,4.3322,353.829,353.1056805,0
c1cccc(N2[2*])c1CCc(c23)cccc3,TRUE,0,1,1,2,0,0,0,0,3,2,2,15,0.142857143,3.24,3.3876,194.257,194.0969744,0
c1cc(OC)cc(c12)ccc([3*])c2,TRUE,0,1,1,1,0,0,0,1,2,2,2,12,0.090909091,9.23,2.023,157.192,157.0653399,0
c1ccccc1C(=O)c2ccc(n23)[C@H]([11*])CC3,TRUE,0,2,1,2,0,0,0,2,3,2,3,16,0.214285714,22,2.7132,210.256,210.091889,1
COc(c1)ccc(c12)nccc2[11*],TRUE,0,2,1,1,0,0,0,1,2,2,3,12,0.1,22.12,1.418,158.18,158.0605889,0
Oc1cc([18*])cc(OC2(C)C)c1[C@@H]([C@H]23)C=C(C)CC3,TRUE,1,2,1,1,0,0,0,0,3,1,3,18,0.5,29.46,3.1777,243.326,243.1385048,2
Clc(c1)ccc(c12)ccc(n2)\C=C\c(cc3[12*])ccc3,TRUE,0,1,1,2,0,0,1,2,3,3,3,19,0,12.89,4.2332,264.735,264.058002,0
[10*]OC(=O)c1ccccc1,TRUE,0,2,1,1,0,0,0,1,1,1,3,9,0,26.3,1.3077,121.115,121.0289544,0
[3*]Oc1cccc(c12)cccc2,TRUE,0,1,1,1,0,0,0,1,2,2,2,11,0,9.23,2.6829,143.165,143.0496898,0
C1N([6*])C(=O)c(c12)cccc2N,TRUE,1,2,1,1,0,0,0,0,2,1,4,11,0.125,46.33,0.6889,147.157,147.0558378,0
O=C1NC(=O)CC[C@H]1[3*],TRUE,1,2,1,0,0,0,0,0,1,0,4,8,0.6,46.17,-0.2392,112.108,112.0398534,1
c1cc(O)cc(c12)sc(-c3ccc(O)cc3)c2C(=O)c(cc4)ccc4O[12*],TRUE,2,5,1,3,0,0,0,4,4,4,6,26,0,66.76,5.0536,361.398,361.0534549,0
Clc1cccc(Cl)c1-c(c2C(=O)N[14*])noc2C,TRUE,1,3,1,2,0,0,2,2,2,2,7,17,0.090909091,55.13,3.15092,270.095,268.9884578,0
Oc1cc([15*])cc(OC2(C)C)c1[C@@H]([C@H]23)CC(=O)CC3,TRUE,1,3,1,1,0,0,0,0,3,1,4,18,0.533333333,46.53,2.1906,245.298,245.1177694,2
O=C(C1)N([16*])C(=O)CC12CCCC2,TRUE,0,2,1,0,0,0,0,0,2,0,4,12,0.777777778,37.38,1.1601,166.2,166.0868036,0
[19*]N1CCN(CC1)c2ncccn2,TRUE,0,4,1,1,0,0,0,1,2,1,5,12,0.5,32.26,0.0629,163.204,163.0983714,0
[N-]=[N+]=N[C@H]1C[C@@H](O[C@@H]1[13*])n2cc(C)c(=O)[nH]c2=O,TRUE,1,5,2,1,2,0,0,2,2,1,9,17,0.555555556,112.85,0.31822,236.211,236.0783642,3
C1COc(c12)ccc([13*])c2,TRUE,0,1,1,1,0,0,0,0,2,1,2,9,0.25,9.23,0.7961,119.143,119.0496898,0
O=C1C([7*])C(=O)c(c12)cccc2,TRUE,0,2,1,1,0,0,0,0,2,1,3,11,0.111111111,34.14,1.4034,145.137,145.0289544,0
c1cc(C)ccc1C(=O)c2ccc([8*])n2C,TRUE,0,2,1,2,0,0,0,2,2,2,3,15,0.153846154,22,1.73912,198.245,198.091889,0
Cc1[nH]cnc1[8*],TRUE,1,1,1,1,0,0,0,0,1,1,3,6,0.25,28.68,-0.10728,81.098,81.04527316,0
c1cc(O)cc2c1C[C@@H](N([14*])CC3)[C@@H]([C@]234)CCCC4,TRUE,1,2,1,1,0,0,0,0,4,1,3,18,0.625,23.47,2.9149,242.342,242.1544893,3
COC(=O)Nc([nH]1)nc(c12)ccc([*])c2,TRUE,2,3,1,1,0,0,0,1,2,2,6,14,0.111111111,67.01,0.9158,190.182,190.0616515,0
[12*]Oc1cccc(c12)NC(=O)CC2,TRUE,1,2,1,1,0,0,0,1,2,1,4,12,0.222222222,38.33,1.4144,162.168,162.0555035,0
[7*]NC(=O)c1ccccc1,TRUE,1,1,1,1,0,0,0,1,1,1,3,9,0,29.1,0.8807,120.131,120.0449388,0
O=C([7*])Nc1ccc(cc1)C(=O)O,TRUE,2,2,1,1,0,0,0,2,1,1,5,12,0,66.4,1.466,164.14,164.0347681,0
Clc(c1)c([1*])cc(c12)C(=O)N([C@H](N2)C)c3c(C)cccc3,TRUE,1,2,1,2,0,0,1,1,3,2,5,20,0.1875,32.34,3.24132,285.754,285.0794657,1
O=[P@@]1([5*])OCCCN1,TRUE,1,2,0,0,0,0,0,0,1,0,5,7,1,38.33,0.6537,120.068,120.0214401,1
c1ccccc1C(C(=O)OC2)=C2c3ccc([*])cc3,TRUE,0,2,1,2,0,0,0,2,3,2,3,18,0.0625,26.3,2.3288,235.262,235.0759046,0
O=C1[C@@H]([8*])[C@H](N12)SCC(C=C)=C2C(=O)O,TRUE,1,3,1,0,0,0,0,2,2,0,6,14,0.333333333,57.61,0.764,210.234,210.0224891,2
c1sc(N)nc1C(=N\O)\C(=O)N[13*],TRUE,3,6,1,1,0,0,0,2,1,1,8,12,0,100.6,-0.5159,185.188,185.0133214,0
c1ccccc1C(c(c2n34)cc(Cl)cc2)=NCc4nnc3[10*],TRUE,0,4,1,3,0,0,1,1,4,3,6,21,0.0625,43.07,2.4463,293.737,293.059399,0
[19*][C@H]1[C@H](C)C[C@H]([C@@]12C)[C@H]3[C@](F)([C@@H](O)C2)[C@]4(C)C(CC3)=CC(=O)C=C4,TRUE,1,2,1,0,0,0,1,0,4,0,4,23,0.75,37.3,3.941,317.424,317.1916833,8
[*]c1c(C)cccc1,TRUE,0,0,1,1,0,0,0,0,1,1,1,7,0.142857143,0,1.16962,91.133,91.05477522,0
[1*]C1CCCC1,TRUE,0,0,0,0,0,0,0,0,1,0,1,5,1,0,1.8982,69.127,69.07042529,0
[4*]c1[nH]c(=S)[nH]c(=O)c1,TRUE,2,2,1,1,0,0,0,0,1,1,5,8,0,48.65,-0.39291,127.148,126.9966087,0
O[C@@H](C1)[C@@H]([12*])O[C@H]1n2cnc(c23)[C@H](O)CN=CN3,TRUE,3,7,1,1,0,0,0,1,3,1,8,17,0.6,91.9,-0.4745,237.239,237.0987653,4
n1c([17*])cnc(c12)nc(N)nc2N,TRUE,2,6,1,1,0,0,0,0,2,2,7,12,0,103.6,-1.2412,161.148,161.0575692,0
O=C1[C@@H]([6*])[C@H](N12)SCC(C)=C2C(=O)O,TRUE,1,3,1,0,0,0,0,1,2,0,6,13,0.5,57.61,0.5979,198.223,198.0224891,2
[7*]/C=C/c1ccccc1,TRUE,0,0,1,1,0,0,0,1,1,1,1,8,0,0,2.2066,103.144,103.0547752,0
c1ccc(cc1[3*])Oc2ccccc2,TRUE,0,1,1,2,0,0,0,2,2,2,2,13,0,9.23,2.6535,169.203,169.0653399,0
[*]Nc1sc(nn1)C,TRUE,1,4,1,1,0,0,0,1,1,1,5,7,0.333333333,37.81,0.72272,114.153,114.0125931,0
c1cccc([C@]2([9*])O)c1C(N23)=NCC3,TRUE,1,3,1,1,0,0,0,0,3,1,4,13,0.3,35.83,0.4143,173.195,173.0714879,1
c1ccccc1-c(noc2C)c2-c3ccc([*])cc3,TRUE,0,2,1,3,0,0,0,2,3,3,3,18,0.0625,26.03,3.49162,234.278,234.091889,0
Fc1cncnc1[10*],TRUE,0,2,1,1,0,0,1,0,1,1,4,7,0,25.78,-0.2097,97.072,97.02020128,0
[O-][N+](=O)\C=C(\N[14*])NC,TRUE,2,4,1,0,2,0,0,3,0,0,6,8,0.333333333,67.2,-0.6647,116.1,116.0460014,0
Clc1cccc(Cl)c1Nc(c2[7*])cccc2,TRUE,1,1,1,2,0,0,2,2,2,2,4,15,0,12.03,3.9116,237.109,236.0033796,0
[10*]C1CCC1,TRUE,0,0,0,0,0,0,0,0,1,0,1,4,1,0,1.5081,55.1,55.05477522,0
FC[*],TRUE,0,0,0,0,0,0,1,0,0,0,2,2,1,0,0.4627,33.025,33.01405328,0
CN1C[C@@H]([2*])C=C([C@H]12)c3c4c(C2)c[nH]c4ccc3,TRUE,1,1,1,1,0,0,0,0,4,2,3,17,0.333333333,19.03,2.7592,223.299,223.1235235,2
O1[C@@H]([14*])COc(c12)cccc2,TRUE,0,2,1,1,0,0,0,0,2,1,3,10,0.25,18.46,1.3332,135.142,135.0446045,1
O=C([15*])N1CCN(CC1)c(n2)nc(N)c(c23)cc(OC)c(c3)OC,TRUE,1,7,2,1,0,0,0,3,3,2,9,23,0.4,93.81,1.0205,316.341,316.1409644,0
C1=CC(=O)C=C([C@@H](F)C2)[C@@]1(C)[C@@](F)([C@@H](O)C3)[C@@H]2[C@@H]([C@]34C)C[C@@H]5[C@@]4([21*])OC(O5)(C)C,TRUE,1,4,1,0,0,0,2,0,5,0,7,28,0.772727273,55.76,3.3122,393.45,393.1877408,9
O=C1NC(=O)C[C@@]1([5*])C,TRUE,1,2,1,0,0,0,0,0,1,0,4,8,0.6,46.17,-0.2392,112.108,112.0398534,1
c1cc(O)c(cc1[9*])C(=O)N,TRUE,2,2,1,1,0,0,0,1,1,1,4,10,0,63.32,-0.3343,136.13,136.0398534,0
[3*]Oc1ccc(O)cc1,TRUE,1,2,1,1,0,0,0,1,1,1,3,8,0,29.46,1.2353,109.104,109.0289544,0
C1COCCN1c(cc2)c(F)cc2N3C[C@H]([13*])OC3=O,TRUE,0,4,1,1,0,0,1,2,3,1,7,19,0.461538462,42.01,1.4943,265.264,265.0988455,1
c1cc(F)ccc1O[17*],TRUE,0,1,1,1,0,0,1,1,1,1,3,8,0,9.23,1.6688,111.095,111.024618,0
Clc(c1)c(N)cc(OC)c1C(=O)N[9*],TRUE,2,3,1,1,0,0,1,2,1,1,6,13,0.125,64.35,1.1249,199.617,199.0274302,0
C[S@@](=O)[21*],TRUE,0,1,0,0,0,0,0,0,0,0,3,3,1,17.07,-0.1708,63.101,62.99046072,1
[C@H]12[C@@H]([15*])C[C@H](C1)C=C2,TRUE,0,0,0,0,0,0,0,0,2,0,1,7,0.714285714,0,1.9202,93.149,93.07042529,3
c1cc(Cl)cc(c12)nccc2N[6*],TRUE,1,2,1,1,0,0,1,1,2,2,4,12,0,24.92,2.7644,177.614,177.0219509,0
S=C(N)c(c1)ccnc1[3*],TRUE,1,2,1,1,0,0,0,1,1,1,4,9,0,38.91,-0.1096,137.187,137.0173442,0
C1CCC[C@@]([C@]123)(O)[C@@H](N([15*])CC2)Cc4c3cc(O)cc4,TRUE,2,3,1,1,0,0,0,0,4,1,4,19,0.625,43.7,2.0298,258.341,258.1494039,3
c1cc(Cl)cc(c12)nccc2Nc(cc3[5*])ccc3O,TRUE,2,3,1,2,0,0,1,2,3,3,5,19,0,45.15,3.512,269.711,269.0481656,0
C[C@@]1([5*])OC(=O)N(C1=O)C,TRUE,0,3,1,0,0,0,0,0,1,0,5,9,0.6,46.61,-0.1395,128.107,128.0347681,1
[12*]c1ccc(cc1)C(=O)Nc2cc(c(C)cc2)Nc3nc(ccn3)-c4cccnc4,TRUE,2,5,1,4,0,0,0,5,4,4,7,29,0.043478261,79.8,4.01752,380.431,380.1511352,0
C1=CC(=O)C=C(CC2)[C@@]1(C)[C@@](F)([C@@H](O)C3)[C@@H]2[C@@H]([C@]34C)C[C@@H](O)[C@@]4([21*])O,TRUE,3,4,1,0,0,0,1,0,4,0,6,24,0.736842105,77.76,1.5659,335.395,335.1658625,8
Clc(c1)ccc(c12)NC(=O)[C@@H]([18*])N=C2c3ccccc3,TRUE,1,2,1,2,0,0,1,1,3,2,5,19,0.066666667,41.46,3.0049,269.711,269.0481656,1
[O-]P(=O)([10*])O,TRUE,1,2,0,0,1,-1,0,0,0,0,5,4,0,60.36,-1.0036,79.979,79.9668791,1
Clc(n1)nc(N)c(c12)ncn2[C@@H]3O[C@H]([14*])[C@@H](O)[C@@H]3F,TRUE,2,7,1,1,0,0,2,1,3,2,10,18,0.444444444,99.08,0.1651,272.647,272.0350554,4
[2*]c1c(C)c(C)ccc1,TRUE,0,0,1,1,0,0,0,0,1,1,1,8,0.25,0,1.47804,105.16,105.0704253,0
O[C@]1([19*])CC[C@H]([C@@]12C)[C@H]3[C@H](C(=O)C2)[C@]4(C)C(CC3)=CC(=O)C=C4,TRUE,1,3,1,0,0,0,0,0,4,0,4,22,0.684210526,54.37,2.7112,299.39,299.1647196,6
c1cc(Cl)ccc1O[4*],TRUE,0,1,1,1,0,0,1,1,1,1,3,8,0,9.23,2.1831,127.55,126.9950674,0
[3*]c1c(Cl)cccc1Cl,TRUE,0,0,1,1,0,0,2,0,1,1,3,8,0,0,2.168,145.996,144.9611805,0
O=c1nc(N)[nH]c(c12)[nH]cc2[11*],TRUE,3,3,1,1,0,0,0,0,2,2,6,11,0,87.56,-0.992,149.133,149.0463358,0
C1=C[C@@H]([10*])O[C@H]1n2cc(C)c(=O)[nH]c2=O,TRUE,1,4,1,1,0,0,0,1,2,1,6,14,0.333333333,64.09,-0.19458,193.182,193.0613171,2
O=c1nc(N)[nH]c(c12)NC[C@H]([16*])N2C=O,TRUE,3,5,1,1,0,0,0,1,2,1,8,14,0.285714286,104.11,-1.3842,194.174,194.0677995,1
O=c1n(C)c(=O)n(C)c(c12)ncn2C[11*],TRUE,0,6,1,1,0,0,0,1,2,2,7,14,0.375,61.82,-1.0595,193.186,193.0725505,0
Oc(c1)ccc(c1[C@@]23C)C[C@H]([C@@H]2C)N([12*])CC3,TRUE,1,2,1,1,0,0,0,0,3,1,3,16,0.571428571,23.47,2.3807,216.304,216.1388392,3
[12*]C=C(C)C,TRUE,0,0,0,0,0,0,0,0,0,0,1,4,0.5,0,1.4594,55.1,55.05477522,0
c1ccc(Cl)cc1N(CC2)CCN2[11*],TRUE,0,2,1,1,0,0,1,1,2,1,4,13,0.4,6.48,1.9263,195.673,195.0689011,0
O=c1n(C[12*])nc(n12)cccc2,TRUE,0,4,1,1,0,0,0,1,2,2,5,11,0.142857143,39.3,0.0028,148.145,148.0510868,0
[C@H]12C(C)(C)[C@]([*])(C)[C@H](C1)CC2,TRUE,0,0,0,0,0,0,0,0,2,0,1,10,1,0,3.1704,137.246,137.1330255,3
O=S(=O)([7*])O,TRUE,1,2,0,0,0,0,0,0,0,0,5,4,0,54.37,-0.6615,81.072,80.96463989,0
[6*]Oc1cc(C)cc(c1)C,TRUE,0,1,1,1,0,0,0,1,1,1,2,9,0.25,9.23,2.14654,121.159,121.0653399,0
[6*][C@@H]1OC(=O)NC1,TRUE,1,2,1,0,0,0,0,0,1,0,4,6,0.666666667,38.33,-0.3984,86.07,86.02420337,1
[6*]c1cc(OC)c(OC)cc1,TRUE,0,2,1,1,0,0,0,2,1,1,3,10,0.25,18.46,0.8784,137.158,137.0602545,0
COc(c1)c(OC)c(OC)cc1C(=O)N[9*],TRUE,1,4,1,1,0,0,0,4,1,1,6,15,0.3,56.79,0.9065,210.209,210.0766329,0
C1=CC(=O)C=C([C@@H](F)C2)[C@@]1(C)[C@@](F)([C@@H](O)C3)[C@@H]2[C@@H]([C@]34C)C[C@@H](C)[C@@]4([21*])O,TRUE,2,3,1,0,0,0,2,0,4,0,6,25,0.75,57.53,2.7891,351.413,351.1771761,9
COc1nccnc1N[*],TRUE,1,4,1,1,0,0,0,2,1,1,5,9,0.2,47.04,0.3614,124.123,124.0510868,0
CC1(C)NC(=O)N(C1=O)c2cc([21*])c([N+]([O-])=O)cc2,TRUE,1,4,1,1,2,0,0,2,2,1,8,18,0.272727273,92.55,0.6042,248.218,248.0671308,0
c1ccnc(N2C(=O)[11*])c1NC(=O)c(c23)cccc3,TRUE,1,3,1,2,0,0,0,0,3,2,6,18,0,62.3,2.4547,238.226,238.0616515,0
O=c(n1)[nH][nH]c1[19*],TRUE,2,2,1,1,0,0,0,0,1,1,5,6,0,61.54,-1.7274,84.058,84.01978668,0
CN1[C@H]([6*])CCCC1,TRUE,0,1,0,0,0,0,0,0,1,0,2,7,1,3.24,0.9775,98.169,98.09697438,1
C1CC(=O)C=C(CC2)[C@@]1(C)[C@@](F)([C@@H](O)C3)[C@@H]2[C@@H]([C@]34C)CC[C@@]4([22*])O,TRUE,2,3,1,0,0,0,1,0,4,0,5,23,0.842105263,57.53,2.8191,321.412,321.1865979,7
C1OC(=O)c(c12)c(O)c([20*])c(OC)c2C,TRUE,1,4,1,1,0,0,0,1,2,1,5,14,0.3,55.76,0.55422,193.178,193.0500838,0
c1cc(Cl)cc(c12)C(=NCC(=O)N2[6*])c3c(F)cccc3,TRUE,0,2,1,2,0,0,2,1,3,2,6,20,0.066666667,32.67,3.1274,287.701,287.0387438,0
c1ccc([O-])cc1N([5*])c2ccc(C)cc2,TRUE,0,2,1,2,1,-1,0,2,2,2,3,15,0.076923077,26.3,2.67102,197.237,197.0846126,0
[5*]C1=[NH+]CCN1,TRUE,2,1,1,0,1,1,0,0,1,0,3,5,0.666666667,26,-2.4245,70.095,70.05254961,0
[*][C@@H]1O[C@@H](C)[C@@H](O)[C@@H](N)C1,TRUE,2,3,0,0,0,0,0,0,1,0,4,9,1,55.48,-0.6412,130.167,130.0868036,4
[13*]c1occc1,TRUE,0,1,1,1,0,0,0,0,1,1,2,5,0,13.14,0.4542,67.067,67.01838972,0
c1ncc(Br)cc1C(=O)O[16*],TRUE,0,3,1,1,0,0,1,1,1,1,5,10,0,39.19,1.4652,200.999,199.9347154,0
C1CC(=O)O[C@@]1(CC2)[C@@](C)(C[C@H]3O4)[C@@H]2[C@@H]([C@@]345)[C@H]([23*])CC=6[C@]5(C)CCC(=O)C6,TRUE,0,4,2,0,0,0,0,0,6,0,5,26,0.818181818,55.9,3.6731,355.454,355.1909343,8
C1OCC[C@@H]1[2*],TRUE,0,1,0,0,0,0,0,0,1,0,2,5,1,9.23,0.7445,71.099,71.04968984,1
Cn1nc([*])s/c1=N\C(=O)C,TRUE,0,4,1,1,0,0,0,0,1,1,6,10,0.4,47.25,-0.8966,156.19,156.0231578,0
C1CC(=O)[C@@H]2Oc(c(O)cc3)c4c3C[C@H]([C@]1([C@]245)O)N([15*])CC5,TRUE,2,5,1,1,0,0,0,0,5,1,6,21,0.5625,70,0.5797,286.307,286.107933,4
C1S[C@H]([10*])O[C@@H]1n2ccc(N)nc2=O,TRUE,1,6,1,1,0,0,0,1,2,1,7,13,0.428571429,70.14,-0.0796,198.227,198.0337225,2
[3*]c1cc(F)c(cc1)-c2ccccc2,TRUE,0,0,1,2,0,0,1,1,2,2,2,13,0,0,2.6673,171.194,171.0610035,0
Cc1onc(c1C(=O)N[12*])-c2ccccc2,TRUE,1,3,1,2,0,0,0,2,2,2,5,15,0.090909091,55.13,1.84412,201.205,201.0664025,0
[10*]Oc(c1)ccc(c12)OCO2,TRUE,0,3,1,1,0,0,0,1,2,1,4,10,0.142857143,27.69,1.2584,137.114,137.023869,0
O=c1cc(C(=O)O)oc(c2[11*])c1cc(c23)c(=O)cc(C(=O)O)n3CC,TRUE,2,6,1,1,0,0,0,3,3,3,9,24,0.125,126.81,0.6988,328.256,328.0457267,0
O[C@@]1([17*])CC[C@H]([C@@]12C)[C@H]3[C@H](CC2)[C@@H]4C(CC3)=CC(=O)CC4,TRUE,1,2,1,0,0,0,0,0,4,0,3,20,0.833333333,37.3,3.3661,273.396,273.185455,6
[25*]Cn1cnc(c12)c(N)ncn2,TRUE,1,5,1,1,0,0,0,1,2,2,6,11,0.166666667,69.62,-0.0847,148.149,148.0623202,0
[7*]OC(=O)c1ccc(N)cc1,TRUE,1,3,1,1,0,0,0,1,1,1,4,10,0,52.32,0.8899,136.13,136.0398534,0
[5*]Cn1cnc2c(N)nc(c3c12)cccc3,TRUE,1,4,1,1,0,0,0,1,3,3,5,15,0.090909091,56.73,1.6735,197.221,197.0827213,0
[12*]O[N+]([O-])=O,TRUE,0,3,1,0,2,0,0,1,0,0,5,4,0,52.37,-0.341,62.004,61.98781786,0
c1cc(F)cc(c12)onc2[7*],TRUE,0,2,1,1,0,0,1,0,2,2,4,10,0,26.03,1.1415,136.105,136.0198669,0
O=c1c([14*])c(C)nc(n12)CCCC2,TRUE,0,3,1,1,0,0,0,0,2,1,4,12,0.555555556,34.89,0.06262,163.2,163.087138,0
[1*]c1cccc(c12)cccc2,TRUE,0,0,1,1,0,0,0,0,2,2,1,10,0,0,2.0144,127.166,127.0547752,0
[8*]c1cc(C)ccc1,TRUE,0,0,1,1,0,0,0,0,1,1,1,7,0.142857143,0,1.16962,91.133,91.05477522,0
[9*]Oc1ccc(cc1)C(\N)=N\[H],TRUE,2,2,1,1,0,0,0,2,1,1,4,10,0,59.1,0.81377,135.146,135.0558378,0
s1c(N)nc(c12)ccc(O[14*])c2,TRUE,1,4,1,1,0,0,0,1,2,2,5,11,0,48.14,1.7216,165.197,165.0122588,0
O[C@]1([21*])CC[C@H]([C@@]12C)[C@H]3[C@H]([C@@H](O)C2)[C@]4(C)C(CC3)=CC(=O)CC4,TRUE,2,3,1,0,0,0,0,0,4,0,4,22,0.842105263,57.53,2.727,303.422,303.1960197,7
ON([5*])C(=O)N,TRUE,2,2,1,0,0,0,0,0,0,0,5,5,0,66.56,-0.7794,75.047,75.01945234,0
c1c([5*])sc(c12)cccc2,TRUE,0,1,1,1,0,0,0,0,2,2,2,9,0,0,2.0759,133.195,133.0111962,0
O=C([3*])Nc1c(C)cccc1,TRUE,1,1,1,1,0,0,0,1,1,1,3,10,0.125,29.1,2.07622,134.158,134.0605889,0
N[C@@H]([C@@H]1[4*])C1,TRUE,1,1,0,0,0,0,0,0,1,0,2,4,1,26.02,0.0552,56.088,56.05002419,2
Clc1c(Cl)cc(Cl)c(O)c1[8*],TRUE,1,1,1,1,0,0,3,0,1,1,5,10,0,20.23,2.527,196.44,194.9171227,0
C1=CC(=O)C=C(CC2)[C@@]1(C)[C@@](Cl)([C@@H](O)C3)[C@@H]2[C@@H]([C@]34C)C[C@@H](C)[C@@]4([20*])O,TRUE,2,3,1,0,0,0,1,0,4,0,5,24,0.75,57.53,3.1104,349.878,349.1570474,8
O[C@@H]1[C@@H](O)[C@H]([*])O[C@@H]([C@H]12)CO[C@H](O2)C,TRUE,2,5,0,0,0,0,0,0,2,0,6,13,1,68.15,-1.2562,189.187,189.0762985,6
C1C[NH2+]CCC1[13*],TRUE,1,0,0,0,1,1,0,0,1,0,2,6,1,16.61,-0.3186,85.15,85.08860077,0
c1cccc(c12)Oc3c(C2[14*])cccc3,TRUE,0,1,1,2,0,0,0,0,3,2,2,14,0.076923077,9.23,3.431,181.214,181.0653399,0
O=C([9*])NC,TRUE,1,1,1,0,0,0,0,0,0,0,3,4,0.5,29.1,-0.1249,58.06,58.02928875,0
O=C([17*])NO,TRUE,2,2,1,0,0,0,0,0,0,0,4,4,0,49.33,-0.3655,60.032,60.0085533,0
[11*]Oc1c(Cl)cc(Cl)c(Cl)c1,TRUE,0,1,1,1,0,0,3,1,1,1,5,10,0,9.23,3.4899,196.44,194.9171227,0
IC#C[11*],TRUE,0,0,0,0,0,0,1,0,0,0,2,3,0,0,0.8891,150.926,150.904473,0
N1CCN=C1[4*],TRUE,1,2,1,0,0,0,0,0,1,0,3,5,0.666666667,24.39,-0.5051,69.087,69.04527316,0
CC1(C)CCSc(c12)ccc([15*])c2,TRUE,0,1,1,1,0,0,0,0,2,1,2,12,0.454545455,0,2.6346,177.292,177.0737964,0
Oc(c1)c(O)c(Cl)c(c12)CCNC[C@H]2[11*],TRUE,3,3,1,1,0,0,1,0,2,1,5,14,0.4,52.49,1.4873,212.656,212.0478313,1
c1cc(Cl)cc(c12)C(=NCC(=O)N2[9*])c3ccccc3,TRUE,0,2,1,2,0,0,1,1,3,2,5,19,0.066666667,32.67,2.9883,269.711,269.0481656,0
O=c1n(CC)nnn1C[15*],TRUE,0,5,1,1,0,0,0,2,1,1,6,9,0.75,52.71,-1.0335,127.127,127.0619858,0
[10*]Nc1nnc(cc1C)-c2ccccc2,TRUE,1,3,1,2,0,0,0,2,2,2,4,14,0.090909091,37.81,2.32822,184.222,184.0874723,0
O=c1n(C[8*])c(=O)n(C)c(c12)ncn2C,TRUE,0,6,1,1,0,0,0,1,2,2,7,14,0.375,61.82,-1.0595,193.186,193.0725505,0
c1cc(Cl)c([1*])cc1C(=O)NN([C@@H](C2)C)c(c23)cccc3,TRUE,1,2,2,2,0,0,1,2,3,2,5,20,0.1875,32.34,2.6106,285.754,285.0794657,1
c1cnccc1[6*],TRUE,0,1,1,1,0,0,0,0,1,1,2,6,0,12.89,0.2562,78.094,78.03437413,0
[C@@H]12[C@H]([7*])C[C@@H](C1)C=C2,TRUE,0,0,0,0,0,0,0,0,2,0,1,7,0.714285714,0,1.9202,93.149,93.07042529,3
O[C@H]1[C@@H](O)[C@@H](O[C@@H]1[13*])n2nc(nc2)C(=O)N,TRUE,3,7,1,1,0,0,0,2,2,1,9,15,0.571428571,123.49,-2.497,213.173,213.0623798,4
c1ccccc1N(C(=O)C([5*])C2=O)N2c3ccccc3,TRUE,0,2,2,2,0,0,0,2,3,2,5,19,0.066666667,40.62,2.3192,251.265,251.0820526,0
Oc(c1)cc(O)cc1[4*],TRUE,2,2,1,1,0,0,0,0,1,1,3,8,0,40.46,0.2724,109.104,109.0289544,0
[*]c1sc(nn1)NC(=O)C,TRUE,1,4,1,1,0,0,0,1,1,1,6,9,0.25,54.88,-0.3289,142.163,142.0075077,0
O=C1CN(C)C(=O)[C@H](N12)Cc3c([C@H]2[15*])[nH]c4c3cccc4,TRUE,1,2,3,1,0,0,0,0,4,2,6,20,0.333333333,56.41,0.9411,268.296,268.1086017,2
O1COc(c12)ccc([8*])c2,TRUE,0,2,1,1,0,0,0,0,2,1,3,9,0.142857143,18.46,0.5899,121.115,121.0289544,0
c1cc(Cl)cc2c1[nH]c(c23)cc([9*])cc3,TRUE,1,0,1,1,0,0,1,0,3,3,3,14,0,15.79,3.1491,200.648,200.0267019,0
[8*]Cn1c(=O)[nH]c(=O)c(c12)[nH]cn2,TRUE,2,4,1,1,0,0,0,1,2,2,7,12,0.166666667,83.54,-1.0803,165.132,165.0412504,0
[7*][C@H]1[C@H](O)C[C@H](C)CC1,TRUE,1,1,0,0,0,0,0,0,1,0,2,8,1,20.23,1.5051,113.18,113.09664,3
[4*][C@@H]1O[C@H](C)[C@@H](O)[C@H](N)[C@@H]1O,TRUE,3,4,0,0,0,0,0,0,1,0,5,10,1,75.71,-1.6704,146.166,146.0817182,5
[*][C@H]1O[C@H]1C,TRUE,0,1,0,0,0,0,0,0,1,0,2,4,1,12.53,0.2805,57.072,57.03403978,2
[6*][C@H]1OCCN[C@@H]1C,TRUE,1,2,0,0,0,0,0,0,1,0,3,7,1,21.26,-0.1299,100.141,100.0762389,2
CN1C(=O)[C@H]([6*])CC1=O,TRUE,0,2,1,0,0,0,0,0,1,0,4,8,0.6,37.38,-0.2871,112.108,112.0398534,1
OC(=O)C1=C(Cl)CS[C@@H](N12)[C@H]([7*])C2=O,TRUE,1,3,1,0,0,0,1,1,2,0,7,13,0.428571429,57.61,0.7743,218.641,217.9678667,2
[6*]C#CC,TRUE,0,0,0,0,0,0,0,0,0,0,1,3,0.333333333,0,0.5165,39.057,39.0234751,0
c1cc(N(C)C)ccc1[10*],TRUE,0,1,1,1,0,0,0,1,1,1,2,9,0.25,3.24,0.9272,120.175,120.0813243,0
c1cc(Cl)ccc1C(=N\C[6*])/c2c(O)ccc(F)c2,TRUE,1,2,1,2,0,0,2,3,2,2,5,18,0.071428571,32.59,3.5289,262.691,262.0434948,0
[20*][C@H]1[C@H](C)C[C@H]([C@@]12C)[C@H]3[C@](Cl)([C@@H](O)C2)[C@]4(C)C([C@@H](F)C3)=CC(=O)C=C4,TRUE,1,2,1,0,0,0,2,0,4,0,5,24,0.75,37.3,4.1583,351.869,351.1527109,9
[*]c1ccc(C)cc1,TRUE,0,0,1,1,0,0,0,0,1,1,1,7,0.142857143,0,1.16962,91.133,91.05477522,0
[5*]N1CCCCCC1,TRUE,0,1,0,0,0,0,0,0,1,0,2,7,1,3.24,1.3267,98.169,98.09697438,0
C1[C@@H]([5*])C(=O)c(c12)cc(OC)c(c2)OC,TRUE,0,3,1,1,0,0,0,2,2,1,4,14,0.363636364,35.53,1.7804,191.206,191.0708192,1
C1C[C@H](O)[C@@H]2Oc(c(O)cc3)c4c3C[C@H]([C@]1([C@]245)O)N([18*])CC5,TRUE,3,5,1,1,0,0,0,0,5,1,6,21,0.625,73.16,0.3715,288.323,288.1235831,5
C1CC(=O)C=C([C@@H](F)C2)[C@@]1(C)[C@@H]([C@@H](O)C3)[C@@H]2[C@@H]([C@]34C)C[C@@H]5[C@@]4([21*])OC(O5)(C)C,TRUE,1,4,1,0,0,0,1,0,5,0,6,27,0.863636364,55.76,3.4441,377.476,377.2128127,9
[S-]C[2*],TRUE,0,1,0,0,1,-1,0,0,0,0,2,2,1,0,0.0401,46.094,45.98826964,0
C1CSC(N12)=N[C@@H]([8*])C2,TRUE,0,3,1,0,0,0,0,0,2,0,4,8,0.8,15.6,0.2802,127.192,127.0329942,1
SC([5*])(C)C,TRUE,1,1,0,0,0,0,0,0,0,0,2,4,1,0,1.2016,75.156,75.02684622,0
O[C@]1([19*])CC[C@H]([C@@]12C)[C@H]3[C@H]([C@@H](O)C2)[C@]4(C)C(CC3)=CC(=O)C=C4,TRUE,2,3,1,0,0,0,0,0,4,0,4,22,0.736842105,57.53,2.503,301.406,301.1803697,7
[O-][N+](=O)\C=C(\N[15*])NC,TRUE,2,4,1,0,2,0,0,3,0,0,6,8,0.333333333,67.2,-0.6647,116.1,116.0460014,0
c1ccsc1C(=O)c(cc2)ccc2[4*],TRUE,0,2,1,2,0,0,0,2,2,2,3,13,0,17.07,2.1537,187.243,187.0217608,0
OC(=O)c(cc1)ccc1[10*],TRUE,1,1,1,1,0,0,0,1,1,1,3,9,0,37.3,0.5594,121.115,121.0289544,0
c1cc(Cl)ccc1N\C(N)=N\C(N)=N\C[14*],TRUE,3,1,1,1,0,0,1,2,1,1,7,15,0.111111111,88.79,0.8881,224.675,224.070298,0
C1S[C@H]([11*])O[C@@H]1n2cc(F)c(N)nc2=O,TRUE,1,6,1,1,0,0,1,1,2,1,8,14,0.428571429,70.14,0.0595,216.217,216.0243007,2
c1c([2*])c(Cl)cc(c12)NC=NS2(=O)=O,TRUE,1,3,1,1,0,0,1,0,2,1,7,13,0,58.53,0.6571,215.641,214.968201,0
c1ccccc1C(\Cl)=C(\c2ccc(O[6*])cc2)c3ccccc3,TRUE,0,1,1,3,0,0,1,4,3,3,3,22,0,9.23,5.6851,305.784,305.0733177,0
[*]Nc1ncccc1,TRUE,1,2,1,1,0,0,0,1,1,1,3,7,0,24.92,0.9578,93.109,93.04527316,0
C1=CC(=O)C=C(CC2)[C@@]1(C)[C@@H]([C@@H](O)C3)[C@@H]2[C@@H]([C@]34C)C[C@@H](C)[C@@]4([16*])C,TRUE,1,2,1,0,0,0,0,0,4,0,3,23,0.761904762,37.3,4.239,313.461,313.2167552,8
C1C[C@@H]([11*])O[C@H]1n2cnc(c23)c(=O)nc[nH]3,TRUE,1,5,1,1,0,0,0,1,3,2,7,15,0.444444444,72.8,0.304,205.197,205.0725505,2
c1cc(C)ccc1C(=O)Oc(cc2[8*])c(cc2)OC(=O)c3ccc(C)cc3,TRUE,0,4,1,3,0,0,0,4,3,3,5,26,0.090909091,52.6,3.91644,345.374,345.112684,0
CN1C[C@@H]([7*])CC1,TRUE,0,1,0,0,0,0,0,0,1,0,2,6,1,3.24,0.6597,84.142,84.08132432,1
C1C[C@@H]([10*])C(=O)c(c12)c3c(n2C)cccc3,TRUE,0,2,1,1,0,0,0,0,3,2,3,15,0.307692308,22,2.645,198.245,198.091889,1
[4*]Cn1c(C)ncc1,TRUE,0,2,1,1,0,0,0,1,1,1,3,7,0.4,17.82,0.69832,95.125,95.06092322,0
Cc1ccsc1C(=C[11*])c2sccc2C,TRUE,0,2,1,2,0,0,0,2,2,2,3,14,0.166666667,0,4.36494,219.354,219.0302174,0
[6*]c1noc(c12)cccc2,TRUE,0,2,1,1,0,0,0,0,2,2,3,9,0,26.03,1.0024,118.115,118.0292887,0
O[C@H](C1)C[C@H](O)CC1=C\C=C(CCC2)\[C@@H]([C@]23C)CC[C@@H]3[9*],TRUE,2,2,1,0,0,0,0,1,3,0,3,20,0.777777778,40.46,3.6829,275.412,275.2011051,5
[O-][N+](=O)c1cnc(C)n1C[8*],TRUE,0,4,1,1,2,0,0,2,1,1,6,10,0.4,60.96,0.60652,140.122,140.0460014,0
C1CCCCN1c2c([11*])cccc2,TRUE,0,1,1,1,0,0,0,1,2,1,2,12,0.454545455,3.24,1.8515,160.24,160.1126244,0
[5*]C/N=C(N)/N=C(N)N,TRUE,3,1,1,0,0,0,0,1,0,0,6,8,0.333333333,102.78,-1.9187,114.132,114.0779703,0
c1cccc(C2=C[4*])c1C=Cc(c23)cccc3,TRUE,0,0,1,2,0,0,0,0,3,2,1,16,0,0,4.1089,203.264,203.0860754,0
Cc1c(OC)cc(C)c(c1C)/C=C/C(C)=C/C=C/C(C)=C/C(=O)O[24*],TRUE,0,3,1,1,0,0,0,6,1,1,4,24,0.285714286,35.53,5.08996,325.428,325.1803697,0
O=S(=O)(N)/N=C([12*])\N,TRUE,2,2,1,0,0,0,0,1,0,0,7,7,0,98.54,-1.9461,122.129,122.0024224,0
[14*]c1nc(sc1)N=C(N)N,TRUE,2,3,1,1,0,0,0,1,1,1,6,9,0,77.29,-0.7774,141.179,141.0234922,0
O[C@@H]1[C@H](O)[C@@H]([13*])O[C@H]1n2c(=O)nc(N)nc2,TRUE,3,8,1,1,0,0,0,1,2,1,9,15,0.571428571,123.49,-2.6535,213.173,213.0623798,4
c1cccc(c1[C@]23[7*])[C@@H](CC2)c4c3cccc4,TRUE,0,0,2,2,0,0,0,0,5,2,1,16,0.25,0,3.7186,205.28,205.1017254,0
O=C([2*])c1ccccc1,TRUE,0,1,1,1,0,0,0,1,1,1,2,8,0,17.07,1.3761,105.116,105.0340398,0
c1cccc(C2[*])c1c(c23)cccc3,TRUE,0,0,1,2,0,0,0,0,3,2,1,13,0.076923077,0,3.3057,165.215,165.0704253,0
C1C[C@@H]([10*])O[C@H]1n2ccc(N)nc2=O,TRUE,1,5,1,1,0,0,0,1,2,1,6,13,0.5,70.14,0.0099,180.187,180.0773016,2
O[C@H]1CC[C@H]([C@@]12C)[C@H]3[C@H](CC2)c4c(C[C@H]3[22*])cc(O)cc4,TRUE,2,2,1,1,0,0,0,0,4,1,3,20,0.666666667,40.46,3.5569,271.38,271.169805,6
CN1CCC([11*])CC1,TRUE,0,1,0,0,0,0,0,0,1,0,2,7,1,3.24,1.0498,98.169,98.09697438,0
O[C@]1([19*])CC[C@H]([C@@]12C)[C@H]3[C@H]([C@@H](O)C2)[C@]4(C)C([C@H](C3)C)=CC(=O)C=C4,TRUE,2,3,1,0,0,0,0,0,4,0,4,23,0.75,57.53,2.749,315.433,315.1960197,8
[7*]Oc1cccc(c12)[nH]cc2,TRUE,1,1,1,1,0,0,0,1,2,2,3,10,0,25.02,2.011,132.142,132.0449388,0
CN1[C@@H]([8*])CCCC1,TRUE,0,1,0,0,0,0,0,0,1,0,2,7,1,3.24,0.9775,98.169,98.09697438,1
c1cc(Br)ccc1C(=O)c(c(N)c2[8*])ccc2,TRUE,1,2,1,2,0,0,1,2,2,2,4,16,0,43.09,2.4369,275.125,273.986751,0
c1cccc(C(=O)O)c1-c(cc2)ccc2[9*],TRUE,1,1,1,2,0,0,0,2,2,2,3,15,0,37.3,2.2264,197.213,197.0602545,0
C1CN([12*])C(=O)c(c12)c3c(n2C)cccc3,TRUE,0,2,1,1,0,0,0,0,3,2,4,15,0.25,25.24,1.6409,199.233,199.087138,0
CN1CC[C@H](CCC1)n(c2=O)nc([16*])c(c23)cccc3,TRUE,0,4,1,1,0,0,0,1,3,2,5,19,0.466666667,38.13,1.2279,256.329,256.1449872,1
O[C@@]1([16*])CC[C@H]([C@@]12C)[C@H]3[C@H](CC2)c4c(CC3)cc(O)cc4,TRUE,2,2,1,1,0,0,0,0,4,1,3,20,0.666666667,40.46,3.4862,271.38,271.169805,5
OC1([9*])CCCC1,TRUE,1,1,0,0,0,0,0,0,1,0,2,6,1,20.23,0.7983,85.126,85.06533991,0
O1CCc2c1ccc(c23)CC[C@H]3[8*],TRUE,0,1,1,1,0,0,0,0,3,1,2,12,0.454545455,9.23,2.1581,159.208,159.08099,1
c1cc(O)c(NC=O)cc1[9*],TRUE,2,2,1,1,0,0,0,2,1,1,4,10,0,49.33,0.1351,136.13,136.0398534,0
C1CC(=O)C=C(CC2)[C@H]1[C@@H](CC3)[C@@H]2[C@@H]([C@]34C)CC[C@@H]4[*],TRUE,0,1,1,0,0,0,0,0,4,0,2,19,0.833333333,17.07,4.466,257.397,257.1905404,6
C[N+]1(C)C[C@H]([*])CC1,TRUE,0,0,0,0,1,1,0,0,1,0,2,7,1,0,0.8043,99.177,99.10425084,1
O[C@H]1[C@H](O)[C@@H]([12*])O[C@H]1n2ccc(N)nc2=O,TRUE,3,7,1,1,0,0,0,1,2,1,8,15,0.5,110.6,-2.0485,212.185,212.0671308,4
c1ccccc1-c2oc([7*])nc2-c3ccccc3,TRUE,0,2,1,3,0,0,0,2,3,3,3,17,0,26.03,3.1832,220.251,220.0762389,0
[O-][N+](=O)c(nc1)c([*])n1C,TRUE,0,4,1,1,2,0,0,1,1,1,6,9,0.25,60.96,-0.4971,126.095,126.0303514,0
[nH]1cnc(c12)ncnc2[*],TRUE,1,3,1,1,0,0,0,0,2,2,5,9,0,54.46,-0.4725,119.107,119.0357711,0
O=C(N)c(cc1)cc2c1[nH]c(c23)CC[C@@H]([2*])C3,TRUE,2,1,1,1,0,0,0,1,3,2,4,16,0.307692308,58.88,2.0933,213.26,213.102788,1
c1c([2*])c(Cl)cc(c12)NCNS2(=O)=O,TRUE,2,3,1,1,0,0,1,0,2,1,7,13,0.142857143,58.2,0.1759,217.657,216.9838511,0
NC1([18*])CCCCC1,TRUE,1,1,0,0,0,0,0,0,1,0,2,7,1,26.02,1.1548,98.169,98.09697438,0
[12*]Oc1cccc(c12)oc(cc2=O)C(=O)O,TRUE,1,4,1,1,0,0,0,2,2,2,6,15,0,76.74,1.3343,205.145,205.0136983,0
Clc1sccc1[10*],TRUE,0,1,1,1,0,0,1,0,1,1,3,6,0,0,1.5761,117.58,116.9565737,0
c1ccc(cc1[3*])C(=O)c2ccccc2,TRUE,0,1,1,2,0,0,0,2,2,2,2,14,0,17.07,2.0922,181.214,181.0653399,0
O=C([3*])c1cccnc1,TRUE,0,2,1,1,0,0,0,1,1,1,3,8,0,29.96,0.7711,106.104,106.0292887,0
c1c(C)onc1N[*],TRUE,1,3,1,1,0,0,0,1,1,1,4,7,0.25,38.06,0.85922,97.097,97.04018778,0
Clc(c1)ccc(OC)c1C(=O)N[24*],TRUE,1,2,1,1,0,0,1,2,1,1,5,12,0.125,38.33,1.5427,184.602,184.0165311,0
O=C([7*])N=C(N)N,TRUE,2,1,1,0,0,0,0,0,0,0,5,6,0,81.47,-1.0709,86.074,86.03543675,0
[2*][C@@H]1CO[C@@H]([C@@H]12)[C@@H](O)CO2,TRUE,1,3,0,0,0,0,0,0,2,0,4,9,1,38.69,-0.5173,129.135,129.0551691,4
O=C1C([21*])=C(C)C(=O)c(c12)cccc2,TRUE,0,2,1,1,0,0,0,0,2,1,3,13,0.090909091,34.14,1.8889,171.175,171.0446045,0
[7*]c1c(Cl)c(Cl)ccc1,TRUE,0,0,1,1,0,0,2,0,1,1,3,8,0,0,2.168,145.996,144.9611805,0
c1c([6*])ccc(c12)oc3c(c2=O)cc(c(n3)N)C(=O)O,TRUE,2,5,1,1,0,0,0,1,3,3,7,19,0,106.42,0.7962,255.209,255.0405817,0
c1cc(O[15*])ccc1N2CCN(CC2)C(=O)C,TRUE,0,3,2,1,0,0,0,2,2,1,5,16,0.416666667,32.78,1.1982,219.264,219.1133527,0
[12*]/C=C/C,TRUE,0,0,0,0,0,0,0,0,0,0,1,3,0.333333333,0,1.0693,41.073,41.03912516,0
Oc1ccc(C)cc1[4*],TRUE,1,1,1,1,0,0,0,0,1,1,2,8,0.142857143,20.23,0.87522,107.132,107.0496898,0
c1cc(Cl)ccc1C(=O)c(cc2)ccc2O[5*],TRUE,0,2,1,2,0,0,1,3,2,2,4,16,0,26.3,3.4141,231.658,231.0212822,0
O=C1N([6*])C(=O)c(c12)cccc2,TRUE,0,2,1,1,0,0,0,0,2,1,4,11,0,37.38,0.7469,146.125,146.0242034,0
c1cc(=O)c(O)cn1C[6*],TRUE,1,3,1,1,0,0,0,1,1,1,4,9,0.166666667,42.23,0.0607,124.119,124.0398534,0
O=C1CN(C(=O)[5*])C[C@H](N12)c3c(CC2)cccc3,TRUE,0,2,3,1,0,0,0,0,3,1,5,17,0.384615385,40.62,1.0973,229.259,229.0977027,1
[21*]NC(=O)N1CCNC1=O,TRUE,2,2,1,0,0,0,0,0,1,0,6,9,0.5,61.44,-0.8145,128.111,128.0460014,0
c1cccc(N2[13*])c1Sc(c23)ccc(c3)C(=O)C,TRUE,0,3,1,2,0,0,0,1,3,2,4,17,0.071428571,20.31,3.9562,240.307,240.0483099,0
COc(c1)ccc(c12)[nH]cc2[6*],TRUE,1,1,1,1,0,0,0,1,2,2,3,11,0.111111111,25.02,1.3511,146.169,146.0605889,0
O=C1[C@@H]([9*])[C@H](N12)SCC(=C2C(=O)O)/C=C\c3scnc3C,TRUE,1,5,1,1,0,0,0,3,3,1,8,20,0.307692308,70.5,2.05632,307.376,307.0211092,2
[24*]NC(=O)c1ncc(C)nc1,TRUE,1,3,1,1,0,0,0,1,1,1,5,10,0.166666667,54.88,-0.02088,136.134,136.0510868,0
O[C@H](C1)CC[C@H](C)\C1=C\C=C(CCC2)\[C@@H]([C@]23C)CC[C@@H]3[7*],TRUE,1,1,1,0,0,0,0,1,3,0,2,20,0.789473684,20.23,4.9581,273.44,273.2218405,5
Fc(n1)nc(N)c(c12)ncn2[C@@H]([C@H]3O)O[C@H]([14*])[C@H]3O,TRUE,3,8,1,1,0,0,1,1,3,2,10,18,0.444444444,119.31,-1.3264,254.201,254.0689424,4
[4*][C@@H]1NCCCC1,TRUE,1,1,0,0,0,0,0,0,1,0,2,6,1,12.03,0.6353,84.142,84.08132432,1
O[C@@H]1[C@@H](O)[C@H](N=C(N)N)[C@@H](O)[C@@H]([C@H]1[*])N=C(N)N,TRUE,7,5,2,0,0,0,0,2,1,0,10,17,0.75,189.49,-4.2955,245.263,245.1362134,6
C1CN(C)CCCN1c(n2C[15*])nc(c23)cccc3,TRUE,0,4,1,1,0,0,0,2,3,2,5,18,0.5,24.3,1.685,243.334,243.1609716,0
Cn1c([6*])cnc1,TRUE,0,2,1,1,0,0,0,0,1,1,3,6,0.25,17.82,-0.4053,81.098,81.04527316,0
[4*]Nc1cc(OC)cc(c12)cccn2,TRUE,1,3,1,1,0,0,0,2,2,2,4,13,0.1,34.15,2.1196,173.195,173.0714879,0
C[N+]1([6*])CCCC1,TRUE,0,0,0,0,1,1,0,0,1,0,2,6,1,0,0.6911,85.15,85.08860077,0
[5*][C@@H]1O[C@@H](C)[C@H](O)[C@@H](O)[C@H]1O,TRUE,3,4,0,0,0,0,0,0,1,0,5,10,1,69.92,-1.6368,147.15,147.0657338,5
C1OC(=O)C=C1[20*],TRUE,0,2,1,0,0,0,0,0,1,0,3,6,0.25,26.3,-0.0236,83.066,83.01330434,0
O=C1C[C@@H]([8*])Oc(c12)cc(O)cc2O,TRUE,2,4,1,1,0,0,0,0,2,1,5,13,0.222222222,66.76,0.9384,179.151,179.0344337,1
c1cc(OC)c(O)cc1[6*],TRUE,1,2,1,1,0,0,0,1,1,1,3,9,0.142857143,29.46,0.5754,123.131,123.0446045,0
c1cc(F)ccc1-c(c(/C=C/[17*])n2C(C)C)c(c23)cccc3,TRUE,0,1,1,2,0,0,1,3,3,3,3,21,0.157894737,4.93,5.5483,278.35,278.1345028,0
c1noc(C)c1C(=O)Nc2ccc([16*])cc2,TRUE,1,3,1,2,0,0,0,2,2,2,5,15,0.090909091,55.13,1.40992,201.205,201.0664025,0
[11*]N1CCC(CC1)n2c(=O)[nH]c(c23)cccc3,TRUE,1,3,1,1,0,0,0,1,3,2,5,16,0.416666667,41.03,1.4308,216.264,216.1136871,0
[22*]OC(=O)Nc(nc1=O)c(F)cn1[C@@H]2O[C@H](C)[C@@H](O)[C@H]2O,TRUE,3,8,1,1,0,0,1,2,2,1,11,20,0.5,122.91,-0.9657,288.211,288.0631883,4
Clc(c1)ccc(c2N[5*])c1nc(c23)ccc(c3)OC,TRUE,1,3,1,1,0,0,1,2,3,3,5,18,0.071428571,34.15,3.9262,257.7,257.0481656,0
[3*]c1cc(Cl)c(Cl)cc1,TRUE,0,0,1,1,0,0,2,0,1,1,3,8,0,0,2.168,145.996,144.9611805,0
O1[C@@H]2C(O)=C([23*])C[C@]([C@]123)(C)[C@@H]4[C@@H](CC3)[C@H]5[C@](C)(CC4)[C@@H](O)CC5,TRUE,2,3,1,0,0,0,0,0,5,0,4,22,0.894736842,52.99,3.4501,303.422,303.1960197,8
CO/N=C(\C(=O)N[14*])c1occc1,TRUE,1,4,1,1,0,0,0,3,1,1,6,12,0.142857143,63.83,0.2106,167.144,167.0456671,0
COc(c1)c(OC)cc(c12)ccnc2[6*],TRUE,0,3,1,1,0,0,0,2,2,2,4,14,0.181818182,31.35,1.4266,188.206,188.0711536,0
COC(=O)C(C1[11*])=C(C)NC(C)=C1C(=O)OC,TRUE,1,5,1,0,0,0,0,2,1,0,6,16,0.454545455,64.63,0.8214,224.236,224.0922829,0
C1N([5*])C[C@@H]([C@@H]12)CCC2,TRUE,0,1,0,0,0,0,0,0,2,0,2,8,1,3.24,1.1826,110.18,110.0969744,2
O=C([4*])NC(=O)N,TRUE,2,2,1,0,0,0,0,0,0,0,5,6,0,72.19,-0.676,87.058,87.01945234,0
C1=CC(=O)N[C@H](CC2)[C@@]1(C)[C@@H](CC3)[C@@H]2[C@@H]([C@]34C)CC[C@@H]4[26*],TRUE,1,1,1,0,0,0,0,0,4,0,3,20,0.833333333,29.1,3.6214,272.412,272.2014395,7
[12*]Oc1cccc2[nH]c(c3c12)cccc3,TRUE,1,1,1,1,0,0,0,1,3,3,3,14,0,25.02,3.1642,182.202,182.0605889,0
c1cccc(C\2=C\[6*])c1OCc(c23)cccc3,TRUE,0,1,1,2,0,0,0,0,3,2,2,16,0.066666667,9.23,3.5175,207.252,207.08099,0
[O-]P([O-])(=O)[*],TRUE,0,3,0,0,2,-2,0,0,0,0,5,4,0,63.19,-1.6356,78.971,78.95960265,0
O=[S@@]([23*])O,TRUE,1,1,0,0,0,0,0,0,0,0,4,3,0,37.3,-0.3276,65.073,64.96972527,1
c1cccc(Cl)c1-c(c2C(=O)N[13*])noc2C,TRUE,1,3,1,2,0,0,1,2,2,2,6,16,0.090909091,55.13,2.49752,235.65,235.0274302,0
[11*]OC(=O)c1cccc(c12)c(=O)c(C)c(o2)-c3ccccc3,TRUE,0,4,1,2,0,0,0,2,3,3,5,21,0.058823529,56.51,3.38952,279.271,279.0657338,0
O=C1[C@@H]([7*])[C@H](N12)SCC(=C2C(=O)O)/C=C/C,TRUE,1,3,1,0,0,0,0,2,2,0,6,15,0.4,57.61,1.1541,224.261,224.0381392,2
c1ccc(Cl)c(c12)scc2[10*],TRUE,0,1,1,1,0,0,1,0,2,2,3,10,0,0,2.7293,167.64,166.9722238,0
CO/N=C(C1)/[C@@H]([21*])CN1c(n2)c(F)cc(c23)c(=O)c(C(=O)O)cn3C4CC4,TRUE,1,7,2,1,0,0,1,4,4,2,10,26,0.411764706,97.02,1.7289,359.337,359.1155582,1
c1ccc(Cl)cc1C(=O)[4*],TRUE,0,1,1,1,0,0,1,1,1,1,3,9,0,17.07,2.0295,139.561,138.9950674,0
COc(c1)c(OC)c(OC)cc1N[10*],TRUE,1,4,1,1,0,0,0,4,1,1,5,13,0.333333333,39.72,1.5886,182.199,182.0817182,0
Nc1nc(N)nc(c12)ccc([10*])c2C,TRUE,2,4,1,1,0,0,0,0,2,2,5,13,0.111111111,77.82,0.27722,173.199,173.0827213,0
[2*]c1c(Br)cccc1,TRUE,0,0,1,1,0,0,1,0,1,1,2,7,0,0,1.6237,156.002,154.9496372,0
Br[C@@H](Cl)[5*],TRUE,0,0,0,0,0,0,2,0,0,0,3,3,1,0,1.453,128.376,126.8950148,1
[8*]OC(=O)c1c(Cl)cc(N)cc1,TRUE,1,3,1,1,0,0,1,1,1,1,5,11,0,52.32,1.5433,170.575,170.0008811,0
[10*]NC=[N+]1CCCCCC1,TRUE,1,0,1,0,1,1,0,1,1,0,3,9,0.857142857,15.04,0.6551,126.203,126.1151499,0
[17*]Oc(c1)ccc(c12)NC(=O)CC2,TRUE,1,2,1,1,0,0,0,1,2,1,4,12,0.222222222,38.33,1.4144,162.168,162.0555035,0
[14*]c1nnnn1C2CCCCC2,TRUE,0,4,1,1,0,0,0,1,2,1,5,11,0.857142857,43.6,0.3529,151.193,151.0983714,0
[11*]N1CCCCCCC1,TRUE,0,1,0,0,0,0,0,0,1,0,2,8,1,3.24,1.7168,112.196,112.1126244,0
c1cc(Cl)ccc1C(=O)N[10*],TRUE,1,1,1,1,0,0,1,1,1,1,4,10,0,29.1,1.5341,154.576,154.0059665,0
O=S1(=O)[C@@H]([9*])N(C)C(=O)CC1,TRUE,0,3,1,0,0,0,0,0,1,0,6,10,0.8,54.45,-0.9038,162.19,162.0224891,1
C1OC(=O)[C@@H]([C@H]12)[C@H]([16*])c3c([C@@H]2O)cc4c(c3)OCO4,TRUE,1,5,2,1,0,0,0,0,4,1,6,18,0.461538462,64.99,0.8419,247.226,247.0606485,4
[19*]OC(=O)/C=C/c1cc(OC)c(OC)c(c1)OC,TRUE,0,5,1,1,0,0,0,5,1,1,6,17,0.25,53.99,1.7331,237.231,237.0762985,0
c1cc(Cl)cc(c12)[nH]c(=O)n2C(CC3)CCN3[13*],TRUE,1,3,1,1,0,0,1,1,3,2,6,17,0.416666667,41.03,2.0842,250.709,250.0747147,0
[14*]Cn1c(=O)[nH]c(c12)cccc2,TRUE,1,2,1,1,0,0,0,1,2,2,4,11,0.125,37.79,0.8364,147.157,147.0558378,0
[6*]c1c(I)cccc1,TRUE,0,0,1,1,0,0,1,0,1,1,2,7,0,0,1.4658,203.002,202.9357731,0
On1c([3*])cc(C)cc1=O,TRUE,1,3,1,1,0,0,0,0,1,1,4,9,0.166666667,42.23,-0.43138,124.119,124.0398534,0
Cl[C@H]([14*])C,TRUE,0,0,0,0,0,0,1,0,0,0,2,3,1,0,1.1205,63.507,63.00015281,1
c1ccc2[nH]c(Br)c(C3)c2c1C([C@@H]34)=C[C@@H]([25*])CN4C,TRUE,1,1,1,1,0,0,1,0,4,2,4,18,0.333333333,19.03,3.5217,302.195,301.0340355,2
O=C1CCCN1[5*],TRUE,0,1,1,0,0,0,0,0,1,0,3,6,0.75,20.31,0.0731,84.098,84.04493881,0
O[C@@H](C1)[C@H](O)Cc(c12)cccc2O[16*],TRUE,2,3,1,1,0,0,0,1,2,1,4,13,0.4,49.69,0.3501,179.195,179.0708192,2
Fc(c1)ccc2c1C(=O)N(C)Cc(n23)c(nc3)C(=O)O[20*],TRUE,0,5,1,2,0,0,1,1,3,2,8,20,0.153846154,64.43,1.2181,274.231,274.0627944,0
[16*]Oc1cccc(c12)C(=O)CCC2,TRUE,0,2,1,1,0,0,0,1,2,1,3,12,0.3,26.3,2.0487,161.18,161.0602545,0
[1*]c1nc(=O)c(=O)[nH]n1C,TRUE,1,4,1,1,0,0,0,0,1,1,6,9,0.25,67.75,-2.3568,126.095,126.0303514,0
[8*]Oc1c(C)c(C)c(c(c1)C)OC(=O)C,TRUE,0,3,1,1,0,0,0,2,1,1,4,14,0.363636364,35.53,2.38026,193.222,193.0864693,0
c1cccc(c12)Sc3c(cccc3)N=C2N(CC4)CCN4[10*],TRUE,0,4,1,2,0,0,0,0,4,2,5,21,0.235294118,18.84,3.3114,294.403,294.1064935,0
c1cc(OC)ccc1C(=O)Nc(c2[10*])cccc2,TRUE,1,2,1,2,0,0,0,3,2,2,4,17,0.071428571,38.33,2.1221,226.255,226.0868036,0
[5*][C@H]1OC(N)=NC1=O,TRUE,1,3,1,0,0,0,0,0,1,0,5,7,0.333333333,64.68,-1.2667,99.069,99.01945234,1
C1=CC(=O)C=C(CC2)[C@@]1(C)[C@@](F)([C@@H](O)C3)[C@@H]2[C@@H]([C@]34C)C[C@@H](C)[C@@]4([20*])O,TRUE,2,3,1,0,0,0,1,0,4,0,5,24,0.75,57.53,2.8411,333.423,333.1865979,8
c1cc(O[15*])cc(c12)NC(=O)CC2,TRUE,1,2,1,1,0,0,0,1,2,1,4,12,0.222222222,38.33,1.4144,162.168,162.0555035,0
c1ccc(Cl)c(Cl)c1N(CC2)CCN2[11*],TRUE,0,2,1,1,0,0,2,1,2,1,5,14,0.4,6.48,2.5797,230.118,229.0299287,0
Clc(c1)ccc(c12)Sc3c(C\2=C\[4*])cccc3,TRUE,0,1,1,2,0,0,1,0,3,2,3,16,0,0,4.7431,243.738,243.0035239,0
[8*]Oc1c(C)ccc(c1)C,TRUE,0,1,1,1,0,0,0,1,1,1,2,9,0.25,9.23,2.14654,121.159,121.0653399,0
Clc(c1)ccc(c12)CCc3c(N2[3*])cccc3,TRUE,0,1,1,2,0,0,1,0,3,2,3,16,0.142857143,3.24,4.041,228.702,228.058002,0
c1c(C)onc1C(=O)N[2*],TRUE,1,3,1,1,0,0,0,1,1,1,5,9,0.2,55.13,0.17712,125.107,125.0351024,0
CC1(C)C(=O)N([22*])C(=O)c(c12)cc(OC)cc2,TRUE,0,3,1,1,0,0,0,1,2,1,5,16,0.333333333,46.61,1.4195,218.232,218.0817182,0
O=C([13*])N(C1)C[C@H]([C@H]12)CCCC2,TRUE,0,1,1,0,0,0,0,0,2,0,3,11,0.888888889,20.31,1.7777,152.217,152.1075391,2
Clc1cccc(C)c1NC(=O)c(cn2)sc2Nc(c3)nc(C)nc3N(CC4)CCN4[15*],TRUE,2,8,1,3,0,0,1,5,4,3,11,30,0.3,86.28,3.78554,442.956,442.121682,0
[33*]c1cc(F)ccc1,TRUE,0,0,1,1,0,0,1,0,1,1,2,7,0,0,1.0003,95.096,95.02970335,0
O1C(C)(C)O[C@]2([20*])[C@H]1C[C@H]([C@@]23C)[C@H]4[C@H]([C@@H](O)C3)[C@]5(C)C(CC4)=CC(=O)C=C5,TRUE,1,4,1,0,0,0,0,0,5,0,5,26,0.772727273,55.76,3.2721,357.47,357.2065844,8
[19*]c1c(F)cc(F)c(F)c1,TRUE,0,0,1,1,0,0,3,0,1,1,4,9,0,0,1.2785,131.076,131.0108597,0
O[C@H]1C[C@@H](O[C@@H]1[12*])n2c(=O)nc(N)nc2,TRUE,2,7,1,1,0,0,0,1,2,1,8,14,0.571428571,103.26,-1.6243,197.174,197.0674651,3
[3*][C@H]1CO[C@H]([C@H]12)OCC2,TRUE,0,2,0,0,0,0,0,0,2,0,3,8,1,18.46,0.717,113.136,113.0602545,3
O[C@@H]1C[C@H](O[C@H]1[11*])n2cc(C)c(=O)[nH]c2=O,TRUE,2,5,1,1,0,0,0,1,2,1,7,15,0.555555556,84.32,-0.99978,211.197,211.0718818,3
C1CC[C@H](O)c(n12)nc(C)c([15*])c2=O,TRUE,1,4,1,1,0,0,0,0,2,1,5,13,0.555555556,55.12,-0.44648,179.199,179.0820526,1
Fc(c1)ccc(c12)NC(=O)C\2=C/c([nH]c3C)c(C)c3C(=O)N[11*],TRUE,3,2,1,2,0,0,1,2,3,2,7,22,0.125,73.99,2.45744,298.297,298.0991799,0
O[C@@H]1[C@@H]([14*])O[C@H]([C@H]1O)n2cnc(c23)c(OC)nc(n3)N,TRUE,3,9,1,1,0,0,0,2,3,2,10,19,0.5,128.54,-1.4569,266.237,266.0889289,4
Fc1cccc(Cl)c1Nc(c2[9*])ccc(c2)C,TRUE,1,1,1,2,0,0,2,2,2,2,4,16,0.076923077,12.03,3.70572,234.681,234.0485802,0
[10*]Oc1cc(C)ccc1,TRUE,0,1,1,1,0,0,0,1,1,1,2,8,0.142857143,9.23,1.83812,107.132,107.0496898,0
N[C@H]1[C@H](O)O[C@H]([11*])[C@@H](O)[C@@H]1O,TRUE,4,5,0,0,0,0,0,0,1,0,6,10,1,95.94,-2.7405,148.138,148.0609828,5
[8*]Oc1ccc(cc1)NC(=O)C,TRUE,1,2,1,1,0,0,0,2,1,1,4,11,0.125,38.33,1.4881,150.157,150.0555035,0
O=c1nc(N[*])ccn1CC,TRUE,1,4,1,1,0,0,0,2,1,1,5,10,0.333333333,46.92,0.1394,138.15,138.0667369,0
COc1c(OC)ncnc1N[*],TRUE,1,5,1,1,0,0,0,3,1,1,6,11,0.333333333,56.27,0.37,154.149,154.0616515,0
[5*][C@H]1OC(=O)C=C(C1)OC,TRUE,0,3,1,0,0,0,0,1,1,0,4,9,0.5,35.53,0.339,127.119,127.0395191,1
[3*]/C=C/C1=CCCC=C1,TRUE,0,0,1,0,0,0,0,1,1,0,1,8,0.25,0,2.3258,105.16,105.0704253,0
[1*]c1sc(nn1)C,TRUE,0,3,1,1,0,0,0,0,1,1,4,6,0.333333333,25.78,0.02112,99.138,99.0016941,0
[23*]Cn1nnnc1,TRUE,0,4,1,1,0,0,0,1,1,1,5,6,0.5,43.6,-0.8201,83.074,83.0357711,0
O=C1[C@@H]([8*])[C@H](N12)SCC=C2C(=O)O,TRUE,1,3,1,0,0,0,0,1,2,0,6,12,0.428571429,57.61,0.2078,184.196,184.0068391,2
O=C1[C@@H]([6*])[C@H](N12)SCC(C)=C2C([O-])=O,TRUE,0,4,1,0,1,-1,0,1,2,0,6,13,0.5,60.44,-0.7368,197.215,197.0152127,2
[14*]C1=CCC=CC1,TRUE,0,0,0,0,0,0,0,0,1,0,1,6,0.333333333,0,1.7696,79.122,79.05477522,0
C[N+]1([12*])CCCCC1,TRUE,0,0,0,0,1,1,0,0,1,0,2,7,1,0,1.0812,99.177,99.10425084,0
C1CN([19*])CC[N+]1(C)C,TRUE,0,1,0,0,1,1,0,0,1,0,3,8,1,3.24,-0.1573,114.192,114.1151499,0
[12*]c1ccc(nc1)-c2c(cccc2)-c3n[nH]nn3,TRUE,1,4,1,3,0,0,0,2,3,3,6,17,0,67.35,1.1033,222.231,222.0779703,0
C1CC(=O)N([12*])c(c12)nc(C)nc2C,TRUE,0,3,1,1,0,0,0,0,2,1,5,13,0.444444444,46.09,0.83694,176.199,176.0823869,0
[5*]C1=CCCCCC1,TRUE,0,0,0,0,0,0,0,0,1,0,1,7,0.714285714,0,2.3837,95.165,95.08607535,0
C[C@]1([6*])C(=O)N(C)C(=O)NC1=O,TRUE,1,3,1,0,0,0,0,0,1,0,6,11,0.5,66.48,-0.5775,155.133,155.0456671,1
[5*]C1=CCCCC1,TRUE,0,0,0,0,0,0,0,0,1,0,1,6,0.666666667,0,1.9936,81.138,81.07042529,0
O[C@@]1([16*])CC[C@H]([C@@]12C)[C@H]3[C@H](CC2)c4c(CC3)cc(OC)cc4,TRUE,1,2,1,1,0,0,0,1,4,1,3,21,0.684210526,29.46,3.7892,285.407,285.185455,5
[6*]c1ccc(O)c(c12)[nH]c(=O)cc2,TRUE,2,2,1,1,0,0,0,0,2,2,4,12,0,53.09,0.4083,160.152,160.0398534,0
[*][C@@H]1CCc(c12)cccc2,TRUE,0,0,1,1,0,0,0,0,2,1,1,9,0.333333333,0,2.2232,117.171,117.0704253,1
O[C@]1([21*])CC[C@H]([C@@]12C)[C@H]3[C@H](C(=O)C2)[C@]4(C)C(CC3)=CC(=O)CC4,TRUE,1,3,1,0,0,0,0,0,4,0,4,22,0.789473684,54.37,2.9352,301.406,301.1803697,6
C1=CC(=O)C=C([C@@H](F)C2)[C@@]1(C)[C@@H]([C@@H](O)C3)[C@@H]2[C@@H]([C@]34C)C[C@@H](C)[C@@]4([20*])O,TRUE,2,3,1,0,0,0,1,0,4,0,5,24,0.75,57.53,2.697,333.423,333.1865979,9
[18*][C@H]1[C@@H](O)CC[C@@H](C2)[C@@H]1C[C@H](N23)c4c(CC3)c5c([nH]4)cccc5,TRUE,2,2,1,1,0,0,0,0,5,2,4,22,0.578947368,39.26,3.1957,295.406,295.1810384,5
COc1c(OC)c(OC)cc(CC[C@@H]2[6*])c1c(c23)ccc(OC)c(=O)c3,TRUE,0,5,1,2,0,0,0,4,3,2,6,25,0.35,53.99,3.2848,341.383,341.1388988,1
CN(C)C(=O)Oc(cc1[2*])ccc1,TRUE,0,2,1,1,0,0,0,1,1,1,4,12,0.222222222,29.54,0.9216,164.184,164.0711536,0
COc(c1)ccc(c12)Sc3c(N2[5*])cccc3,TRUE,0,3,1,2,0,0,0,1,3,2,4,16,0.076923077,12.47,3.7622,228.296,228.0483099,0
O[C@@]1([19*])CC[C@H]([C@@]12C)[C@H]3[C@H](CC2)[C@]4(C)C(CC3)=Cc5c(C4)cno5,TRUE,1,3,1,1,0,0,0,0,5,1,4,23,0.75,46.26,4.0946,312.433,312.1963541,6
Clc(c1)c(N)c(Cl)cc1[7*],TRUE,1,1,1,1,0,0,2,0,1,1,4,9,0,26.02,1.7502,161.011,159.9720795,0
CN(C)C(=O)Oc(c1)cc(cc1[10*])OC(=O)N(C)C,TRUE,0,4,1,1,0,0,0,2,1,1,7,18,0.333333333,59.08,0.982,251.262,251.103182,0
[12*]Oc1ccc(cc1)C(=O)Nc2cccc(c23)c(=O)cc(o3)-c4n[nH]nn4,TRUE,2,7,1,3,0,0,0,4,4,4,10,26,0,123,2.0685,348.298,348.0732788,0
c1ccsc1C(=O)[*],TRUE,0,2,1,1,0,0,0,1,1,1,3,7,0,17.07,1.4376,111.145,110.9904607,0
[11*]NC(=O)c(c1)c(OC)cc(c12)n[nH]n2,TRUE,2,4,1,1,0,0,0,2,2,2,7,14,0.125,79.9,0.1606,191.17,191.0569005,0
O[C@@H]1[C@@H]([17*])[C@H](C2)[C@H]([C@H]3O)[C@H](C4)N1[C@@H]2[C@@H]([C@@]345)N(C)c6c5cccc6,TRUE,2,4,1,1,0,0,0,0,7,1,5,22,0.666666667,46.94,0.8661,297.378,297.1603029,10
C1C([*])Cc(c12)cccc2,TRUE,0,0,1,1,0,0,0,0,2,1,1,9,0.333333333,0,2.123,117.171,117.0704253,0
O[C@@]1([15*])CC[C@H]([C@@]12C)[C@H]3[C@H](CC2)[C@@H]4C(CC3)=CCCC4,TRUE,1,1,0,0,0,0,0,0,4,0,2,19,0.888888889,20.23,4.1871,259.413,259.2061905,6
O1COc(c12)c(OC)cc([4*])c2,TRUE,0,3,1,1,0,0,0,1,2,1,4,11,0.25,27.69,0.5985,151.141,151.0395191,0
c1ccsc1C(=C[3*])c2sccc2,TRUE,0,2,1,2,0,0,0,2,2,2,3,12,0,0,3.7481,191.3,190.9989172,0
Oc(c1)ccc(c12)[nH]cc2[3*],TRUE,2,1,1,1,0,0,0,0,2,2,3,10,0,36.02,1.0481,132.142,132.0449388,0
[5*][C@H]1OC(N)=N[C@@H]1C,TRUE,1,3,1,0,0,0,0,0,1,0,4,7,0.75,47.61,-0.4048,99.113,99.05583784,2
C1=C[C@H]([1*])[C@@H]2Oc(c(cc3)OC(=O)C)c4c3C[C@H]([C@H]1[C@]245)N(C)CC5,TRUE,0,4,1,1,0,0,0,1,5,1,5,23,0.526315789,38.77,2.3947,310.373,310.1443185,5
[18*][C@@H]1OCCC1,TRUE,0,1,0,0,0,0,0,0,1,0,2,5,1,9.23,0.6722,71.099,71.04968984,1
C1=C[C@H](O)[C@@H]2Oc(c(O[21*])cc3)c4c3C[C@H]([C@H]1[C@]245)N(C)CC5,TRUE,1,4,1,1,0,0,0,1,5,1,5,21,0.529411765,41.93,1.3356,284.335,284.1286684,5
c1cc(Br)cc2c1NC(=O)CN([C@]23[11*])CCO3,TRUE,1,3,1,1,0,0,1,0,3,1,6,16,0.363636364,41.57,1.393,282.117,280.9925647,1
[6*]c1c(F)cccc1,TRUE,0,0,1,1,0,0,1,0,1,1,2,7,0,0,1.0003,95.096,95.02970335,0
COc(c1)c(Br)cc(c1[4*])OC,TRUE,0,2,1,1,0,0,1,2,1,1,4,11,0.25,18.46,1.6409,216.054,214.9707666,0
c1cc(Cl)cc(c12)C(=N[C@H]([1*])C(=O)N2C)c3ccccc3,TRUE,0,2,1,2,0,0,1,1,3,2,5,20,0.125,32.67,3.0292,283.738,283.0638157,1
[10*]OC(=O)N(C)C,TRUE,0,2,1,0,0,0,0,0,0,0,4,6,0.666666667,29.54,0.1489,88.086,88.03985343,0
[5*][C@H]1OC(N)=NC1,TRUE,1,3,1,0,0,0,0,0,1,0,4,6,0.666666667,47.61,-0.7933,85.086,85.04018778,1
O=C1NC(=S)NC(=O)C1[10*],TRUE,2,3,1,0,0,0,0,0,1,0,6,9,0.25,58.2,-1.1449,143.147,142.9915233,0
[12*][C@H]1[C@@H](O)C[C@@H]([N@@H+]([C@@H]12)C)CC2,TRUE,2,1,0,0,1,1,0,0,2,0,3,10,1,24.67,-0.8655,141.214,141.1148155,5
COc(c1[3*])cc(C)c(c1)OC,TRUE,0,2,1,1,0,0,0,2,1,1,3,11,0.333333333,18.46,1.18682,151.185,151.0759046,0
O=C([4*])N1CCCC1,TRUE,0,1,1,0,0,0,0,0,1,0,3,7,0.8,20.31,0.7515,98.125,98.06058888,0
O=C(C)N([3*])c1ccccc1,TRUE,0,1,1,1,0,0,0,1,1,1,3,10,0.125,20.31,1.5038,134.158,134.0605889,0
ClC(Cl)(Cl)[12*],TRUE,0,0,0,0,0,0,3,0,0,0,4,4,1,0,1.8634,118.37,116.906558,0
C1C[C@H]([1*])[C@@H]2Oc(c(OC)cc3)c4c3C[C@H]([C@H]1[C@]245)N(C)CC5,TRUE,0,3,1,1,0,0,0,1,5,1,4,21,0.666666667,21.7,2.702,284.379,284.1650539,5
O[C@H]1CC[C@H]([C@@]12[13*])[C@H]3[C@H](CC2)[C@@H]4C(CC3)=CC(=O)CC4,TRUE,1,2,1,0,0,0,0,0,4,0,3,19,0.823529412,37.3,3.1908,259.369,259.169805,6
Clc(c1)ccc(c12)NC(=O)[C@@H]([15*])N=C2c3c(F)cccc3,TRUE,1,2,1,2,0,0,2,1,3,2,6,20,0.066666667,41.46,3.144,287.701,287.0387438,1
c1cc(Cl)cc2c1NC(=O)CN([C@@]23[11*])CCO3,TRUE,1,3,1,1,0,0,1,0,3,1,6,16,0.363636364,41.57,1.2839,237.666,237.0430802,1
c1cccc(Cl)c1C2=NCC(=O)N(C)c(c23)sc([10*])c3,TRUE,0,3,1,2,0,0,1,1,3,2,6,19,0.142857143,32.67,2.3899,289.767,289.0202366,0
OC([6*])O,TRUE,2,2,0,0,0,0,0,0,0,0,3,3,1,40.46,-1.1961,47.033,47.01330434,0
[16*]NC(=O)c1c(I)c(N(C)C(=O)C)c(I)c(c1I)NC(=O)C,TRUE,2,3,1,1,0,0,3,3,1,1,10,21,0.25,78.51,2.6356,625.95,625.7934602,0
C1CO[C@@H]([7*])[C@H](C)N1C,TRUE,0,2,0,0,0,0,0,0,1,0,3,8,1,12.47,0.2123,114.168,114.091889,2
[*]Nc1nc(C)ccn1,TRUE,1,3,1,1,0,0,0,1,1,1,4,8,0.2,37.81,0.66122,108.124,108.0561722,0
[*]Nc1nc(C)cc(n1)C,TRUE,1,3,1,1,0,0,0,1,1,1,4,9,0.333333333,37.81,0.96964,122.151,122.0718223,0
C1C[C@@H](O)C[C@@H](C[C@@H]2O)[C@@]1(C)[C@@H](CC3)[C@@H]2[C@@H]([C@]34C)CC[C@@H]4[19*],TRUE,2,2,0,0,0,0,0,0,4,0,3,21,1,40.46,3.6986,291.455,291.2324052,9
c1cc(Cl)cc2c1N(C)C(=O)CN([C@]23[8*])C(=O)C=C(O3)C,TRUE,0,3,2,1,0,0,1,0,3,1,7,20,0.285714286,49.85,1.7386,291.714,291.0536449,1
c1cc(Cl)cc(c12)C(=NCC(=S)N2[11*])c3c(F)cccc3,TRUE,0,2,1,2,0,0,2,1,3,2,6,20,0.066666667,15.6,3.9282,303.769,303.0159002,0
N12C[C@H]([*])C(CC1)CC2,TRUE,0,1,0,0,0,0,0,0,3,0,2,8,1,3.24,1.0498,110.18,110.0969744,1
c1cc(Cl)cc(c12)C(=N[C@H](O)C(=O)N2[9*])c3c(F)cccc3,TRUE,1,3,1,2,0,0,2,1,3,2,7,21,0.066666667,52.9,2.4458,303.7,303.0336584,1
CC1(C)[C@@H]([13*])C1,TRUE,0,0,0,0,0,0,0,0,1,0,1,5,1,0,1.7541,69.127,69.07042529,1
[17*]C/N=C/N,TRUE,1,1,1,0,0,0,0,1,0,0,3,4,0.5,38.38,-0.5198,57.076,57.04527316,0
[4*]c1sc(cc1)C(=O)c2ccccc2,TRUE,0,2,1,2,0,0,0,2,2,2,3,13,0,17.07,2.1537,187.243,187.0217608,0
[12*]NC(=O)c1c(OC)cccc1OC,TRUE,1,3,1,1,0,0,0,3,1,1,5,13,0.222222222,47.56,0.8979,180.183,180.0660682,0
[16*][C@H]1C(C)(C)S[C@@H](N12)[C@@H](C2=O)/N=C/N3CCCCCC3,TRUE,0,3,2,0,0,0,0,2,3,0,6,19,0.857142857,35.91,1.8284,280.417,280.1483583,3
[10*]Cn1nncc1,TRUE,0,3,1,1,0,0,0,1,1,1,4,6,0.333333333,30.71,-0.2151,82.086,82.04052213,0
c1sccc1[19*],TRUE,0,1,1,1,0,0,0,0,1,1,2,5,0,0,0.9227,83.135,82.9955461,0
C1CC(O)CCN1[10*],TRUE,1,2,0,0,0,0,0,0,1,0,3,7,1,23.47,-0.0926,100.141,100.0762389,0
[6*]ON=O,TRUE,0,3,1,0,0,0,0,1,0,0,4,3,0,38.66,0.1487,46.005,45.99290324,0
C1N(C)CCC(=C12)c3c([C@@H]2[9*])cccc3,TRUE,0,1,1,1,0,0,0,0,3,1,2,14,0.384615385,3.24,2.3797,184.262,184.1126244,1
c1nc(C)ccc1-c(ncc(Cl)c2)c2-c3ccc([1*])cc3,TRUE,0,2,1,3,0,0,1,2,3,3,4,20,0.058823529,25.78,3.94702,279.75,279.0689011,0
Fc(c1)c(=O)[nH]c(=O)n1[C@@H]2O[C@H]([13*])[C@@H](O)[C@H]2O,TRUE,3,6,1,1,0,0,1,1,2,1,9,16,0.5,104.55,-2.1983,231.159,231.0417246,4
O=C1C=C(O)C(=C[C@H]1[9*])NNc2ncccc2,TRUE,3,5,2,1,0,0,0,3,2,1,6,16,0.090909091,74.25,1.2444,216.22,216.0773016,1
CC1(C)SC[C@@H]([9*])[NH2+]1,TRUE,1,1,0,0,1,1,0,0,1,0,3,7,1,16.61,-0.0919,117.217,117.0606718,1
C[n+]1c(C)c(O)c(C=O)c([13*])c1,TRUE,1,2,1,1,1,1,0,1,1,1,4,11,0.25,41.18,-0.48778,151.165,151.0627799,0
C1CCC(=O)C([13*])=C1Nc2ccc(cc2)C([C@@H]3C)=NNC(=O)C3,TRUE,2,4,1,1,0,0,0,3,3,1,6,22,0.352941176,70.56,2.4725,296.35,296.1399018,1
[13*]c1cc(I)ccc1,TRUE,0,0,1,1,0,0,1,0,1,1,2,7,0,0,1.4658,203.002,202.9357731,0
O[C@@H]1[C@@H]([15*])O[C@H](C1)n2cc(C)c(=O)[nH]c2=O,TRUE,2,5,1,1,0,0,0,1,2,1,7,15,0.555555556,84.32,-0.99978,211.197,211.0718818,3
c1cc(O)cc(c12)Oc3c(C2[6*])ccc(O)c3,TRUE,2,3,1,2,0,0,0,0,3,2,4,16,0.076923077,49.69,2.8422,213.212,213.0551691,0
C[C@]1([7*])OC(=O)NC1,TRUE,1,2,1,0,0,0,0,0,1,0,4,7,0.75,38.33,-0.0083,100.097,100.0398534,1
[15*]c1c(N)nc(C)cc1,TRUE,1,2,1,1,0,0,0,0,1,1,3,8,0.166666667,38.91,0.14682,107.136,107.0609232,0
n1c([5*])ccc(c12)ccc3c2nccc3,TRUE,0,2,1,1,0,0,0,0,3,3,3,14,0,25.78,1.9576,179.202,179.0609232,0
[4*]c1c(O)cccc1,TRUE,1,1,1,1,0,0,0,0,1,1,2,7,0,20.23,0.5668,93.105,93.03403978,0
c1o[nH]c(=O)c1[6*],TRUE,1,2,1,1,0,0,0,0,1,1,4,6,0,46,-0.8575,84.054,84.0085533,0
C1CC=C(N12)C(=O)O[C@H]([11*])[C@H](C)/C=C\C(=O)NC\C=C/C(C)=C\[C@@H](O)CC(=O)Cc3occ(n3)C2=O,TRUE,2,8,3,1,0,0,0,0,3,1,11,35,0.4,139.04,1.5102,482.513,482.1927252,3
Fc1cccc(c12)[nH]cc2[12*],TRUE,1,0,1,1,0,0,1,0,2,2,3,10,0,15.79,1.4816,134.133,134.0406024,0
[18*]c1ccc(cc1)-c2ccccc2,TRUE,0,0,1,2,0,0,0,1,2,2,1,12,0,0,2.5282,153.204,153.0704253,0
[15*]c1c(C)nc(C)nc1N,TRUE,1,3,1,1,0,0,0,0,1,1,4,9,0.333333333,51.8,-0.14976,122.151,122.0718223,0
[5*]SO,TRUE,1,2,0,0,0,0,0,0,0,0,3,2,0,20.23,0.6569,49.074,48.97481065,0
c1cnccc1-c2[nH]nc(n2)-c3cc([18*])ncc3,TRUE,1,4,1,3,0,0,0,2,3,3,6,17,0,67.35,1.1033,222.231,222.0779703,0
[7*]C/N=C(N)/N(C)C,TRUE,1,1,1,0,0,0,0,1,0,0,4,7,0.75,41.62,-0.6305,100.145,100.0874723,0
C1CC(=O)Nc(c12)ncc(c2)/C=C/C(=O)N([9*])C,TRUE,1,3,1,1,0,0,0,2,2,1,6,17,0.25,62.3,0.9022,230.247,230.0929516,0
[9*]c1cn(C)c(c12)cccc2,TRUE,0,1,1,1,0,0,0,0,2,2,2,10,0.111111111,4.93,1.3529,130.17,130.0656743,0
c1cc(O)c(O)cc1-c(c(O[24*])c2=O)oc(c23)cc(O)cc3O,TRUE,4,7,1,2,0,0,0,2,3,3,8,22,0,120.36,2.1255,301.23,301.0348276,0
N/C([3*])=C/C,TRUE,1,1,1,0,0,0,0,0,0,0,2,4,0.333333333,26.02,0.3557,56.088,56.05002419,0
O[C@@H]1[C@H](O)[C@@H]([17*])O[C@H]1n2c(N)c(nc2)C(=O)N,TRUE,4,7,1,1,0,0,0,2,2,1,9,16,0.5,136.62,-2.3098,227.2,227.0780298,4
Cl[C@@H]([3*])C,TRUE,0,0,0,0,0,0,1,0,0,0,2,3,1,0,1.1205,63.507,63.00015281,1
[nH]1c([9*])[nH+]c(c12)ccc(c2)C(=[NH2+])N,TRUE,3,0,1,1,2,2,0,1,2,2,5,12,0,81.54,-2.379,161.188,161.0816241,0
[nH]1c([9*])nc(c12)ccc(c2)C(=[NH2+])N,TRUE,3,1,1,1,1,1,0,1,2,2,5,12,0,80.29,-1.7981,160.18,160.0743477,0
[9*]c1c(F)c(F)c(F)c(F)c1F,TRUE,0,0,1,1,0,0,5,0,1,1,6,11,0,0,1.5567,167.056,166.9920161,0
O[C@@H]1CO[C@H]([7*])[C@H](O)[C@H]1O,TRUE,3,4,0,0,0,0,0,0,1,0,5,9,1,69.92,-2.0253,133.123,133.0500838,4
O[C@H]1[C@@H](O)[C@@H](O[C@@H]1[24*])n2c(=O)[nH]c(=O)cc2,TRUE,3,6,1,1,0,0,0,1,2,1,8,15,0.5,104.55,-2.3374,213.169,213.0511464,4
c1cc(Br)cc(c12)c3c(n2C[6*])ccc(Br)c3,TRUE,0,1,1,1,0,0,2,1,3,3,4,16,0.076923077,4.93,4.8263,338.022,335.9023485,0
[O-][N+]([11*])(C)C,TRUE,0,1,0,0,2,0,0,0,0,0,3,4,1,23.06,0.0249,60.076,60.04493881,0
[H]/N=C(\N)c(cc1[11*])ccc1,TRUE,2,1,1,1,0,0,0,1,1,1,3,9,0,49.87,0.14527,119.147,119.0609232,0
c1c([*])ccc(c12)cccc2,TRUE,0,0,1,1,0,0,0,0,2,2,1,10,0,0,2.0144,127.166,127.0547752,0
[6*]c1cc(I)c(O)cc1,TRUE,1,1,1,1,0,0,1,0,1,1,3,8,0,20.23,1.1714,219.001,218.9306877,0
[6*]c1occ(O)c(=O)c1,TRUE,1,3,1,1,0,0,0,0,1,1,4,8,0,50.44,-0.48,111.076,111.008219,0
COc1nccnc1[3*],TRUE,0,3,1,1,0,0,0,1,1,1,4,8,0.2,35.01,-0.3402,109.108,109.0401878,0
C1CNCCC1[14*],TRUE,1,1,0,0,0,0,0,0,1,0,2,6,1,12.03,0.7076,84.142,84.08132432,0
c1ccc(C(=S)N)c[n+]1[C@H](O[C@@H]2[36*])[C@H](O)[C@@H]2O,TRUE,3,4,1,1,1,1,0,2,2,1,7,16,0.4,79.59,-1.2657,240.284,240.0563147,4
c1cccc2c1c(=O)[nH]c(n23)c([11*])c4c3cccc4,TRUE,1,2,1,1,0,0,0,0,4,4,4,18,0,37.27,2.1086,233.25,233.0714879,0
[nH]1c([6*])nc(c12)ccc(c2)C(\N)=N\[H],TRUE,3,2,1,1,0,0,0,1,2,2,5,12,0,78.55,0.02157,159.172,159.0670712,0
[16*]Oc(c1)ccc(c12)c(C)cc(o2)=O,TRUE,0,3,1,1,0,0,0,1,2,2,4,13,0.1,39.44,1.94452,175.163,175.0395191,0
[H]/N=C(\N)c(c1)c(Cl)cc(c12)[nH]c(c2)-c(c(O)c3O[6*])ccc3,TRUE,4,3,1,2,0,0,1,3,3,3,7,21,0,95.12,3.32107,300.725,300.0539793,0
Fc(c1)ccc(c12)n(C)cc2C3=C(C(=O)NC3=O)c4cc(N[24*])ccc4,TRUE,2,4,1,2,0,0,1,3,4,3,7,25,0.052631579,63.13,2.7608,334.33,334.0991799,0
O[C@@H]1[C@@H](O)CC([10*])=C[C@@H]1N,TRUE,3,3,0,0,0,0,0,0,1,0,4,9,0.666666667,66.48,-1.1276,128.151,128.0711536,3
Clc1cncc(Cl)c1NC(=O)c(c2)ccc(OC)c2O[7*],TRUE,1,4,1,2,0,0,2,4,2,2,8,20,0.076923077,60.45,3.4924,312.132,310.9990225,0
[*]Oc1cc([N+]([O-])=O)ccc1O,TRUE,1,4,1,1,2,0,0,2,1,1,6,11,0,72.6,1.1435,154.101,154.0140326,0
[*][C@@H]1CCC(C)=CC1,TRUE,0,0,0,0,0,0,0,0,1,0,1,7,0.714285714,0,2.4544,95.165,95.08607535,1
c1cc(Cl)ccc1NC(=O)Nc2cc([6*])nn2-c3ccccc3,TRUE,2,3,1,3,0,0,1,3,3,3,7,22,0,58.95,3.3443,311.752,311.0699637,0
O=CC(=O)\C=C\[11*],TRUE,0,2,1,0,0,0,0,2,0,0,3,6,0,34.14,-0.1826,83.066,83.01330434,0
[*]OC(=C)C(=O)O,TRUE,1,2,1,0,0,0,0,2,0,0,4,6,0,46.53,0.0656,87.054,87.00821896,0
c1cccc(C(=O)O)c1N(C(=O)C(=O)O)c(ccc2[10*])c(c23)cccc3,TRUE,2,3,1,2,0,0,0,3,3,3,7,25,0,94.91,2.4619,334.307,334.0715475,0
[O-][N+](=O)N\C(N)=N\C[15*],TRUE,2,3,1,0,2,0,0,2,0,0,7,8,0.5,93.55,-1.4108,117.088,117.0412504,0
O[C@@H]1[C@@H](O)[C@H](O)[C@@H]([15*])O[C@]12NC(=O)NC2=O,TRUE,5,6,1,0,0,0,0,0,2,0,9,15,0.714285714,128.12,-3.4896,217.157,217.046061,5
O[C@@H]([*])N,TRUE,2,2,0,0,0,0,0,0,0,0,3,3,1,46.25,-1.2297,46.049,46.02928875,1
[3*][N+]#[C-],TRUE,0,0,0,0,2,0,0,0,0,0,2,2,0,4.36,0.36999,26.018,26.003074,0
O=[P@@]([6*])(O)C,TRUE,1,1,0,0,0,0,0,0,0,0,4,4,1,37.3,0.3509,79.015,78.994891,1
[9*]ON=C(N)N,TRUE,2,2,1,0,0,0,0,1,0,0,5,5,0,73.63,-1.3443,74.063,74.03543675,0
c1cccc([C@@H](O)[C@@H]2[*])c1c(c23)cccc3,TRUE,1,1,1,2,0,0,0,0,3,2,2,15,0.142857143,20.23,2.991,195.241,195.08099,2
[8*]C/N=C(/N)C,TRUE,1,1,1,0,0,0,0,1,0,0,3,5,0.666666667,38.38,-0.1297,71.103,71.06092322,0
c1cc(Cl)cc(c12)ccc([1*])c2,TRUE,0,0,1,1,0,0,1,0,2,2,2,11,0,0,2.6678,161.611,161.0158029,0
C1CC([14*])CCN1c2ccncc2,TRUE,0,2,1,1,0,0,0,1,2,1,3,12,0.5,16.13,2.0196,161.228,161.1078734,0
O[C@@H]1[C@@H](O)[C@H](O)[C@@H]([16*])O[C@@]12NC(=O)N(N)C2=O,TRUE,5,7,1,0,0,0,0,0,2,0,10,16,0.714285714,145.35,-3.9035,232.172,232.05696,5
O=C([22*])C(=O)Nc1[nH]ncc1,TRUE,2,3,1,1,0,0,0,2,1,1,6,10,0,74.85,-0.5759,138.106,138.0303514,0
O[C@H]1[C@@H](O)[C@@H](O[C@@H]1[27*])n2ccc(N)nc2=O,TRUE,3,7,1,1,0,0,0,1,2,1,8,15,0.5,110.6,-2.0485,212.185,212.0671308,4
C1[C@@H]([24*])O[C@H]([C@@H]1O)n2cnc(c23)c(N)ncn3,TRUE,2,7,1,1,0,0,0,1,3,2,8,16,0.444444444,99.08,-0.4363,220.212,220.0834496,3
S=P([12*])(O)O,TRUE,2,1,0,0,0,0,0,0,0,0,5,4,0,40.46,-0.2552,97.055,96.95131193,0
O[C@@H]1[C@H](O)[C@@H]([26*])O[C@H]1n2cnc(c23)c(=O)nc([nH]3)N,TRUE,4,8,1,1,0,0,0,1,3,2,10,18,0.444444444,139.28,-2.1722,252.21,252.0732788,4
CN([8*])C(=O)/C=C/c1ccc(N)nc1,TRUE,1,3,1,1,0,0,0,2,1,1,5,13,0.111111111,59.22,0.5997,176.199,176.0823869,0
Cn1c([8*])cc(c12)cccc2,TRUE,0,1,1,1,0,0,0,0,2,2,2,10,0.111111111,4.93,1.3529,130.17,130.0656743,0
S[C@H]1[C@H](O)[C@@H](O)[C@@H](S)O[C@@H]1[11*],TRUE,4,5,0,0,0,0,0,0,1,0,6,10,1,49.69,-0.8319,181.258,180.9993111,5
c1sc(C)nc1/C=C([23*])\C,TRUE,0,2,1,1,0,0,0,1,1,1,3,9,0.285714286,12.89,2.36162,138.215,138.0377453,0
CC1(C)C(=O)[C@H](C)[C@@H](O)[C@@H](C)CCC/C(C)=C\C[C@@H]([27*])OC(=O)C[C@@H]1O,TRUE,2,5,1,0,0,0,0,0,1,0,6,25,0.8,83.83,2.9047,353.479,353.2327992,5
[10*][C@H]1OC(=O)[C@H](O)[C@@H](O)[C@H]1O,TRUE,3,5,1,0,0,0,0,0,1,0,6,10,0.8,86.99,-2.4987,147.106,147.0293483,4
[7*]N1C(=O)CCC1=O,TRUE,0,2,1,0,0,0,0,0,1,0,4,7,0.5,37.38,-0.4003,98.081,98.02420337,0
Brc(c1)c(=O)[nH]c(=O)n1[C@@H](C2)O[C@H]([16*])[C@H]2O,TRUE,2,5,1,1,0,0,1,1,2,1,8,15,0.5,84.32,-0.5457,276.066,274.9667438,3
[13*]Oc1c([N+]([O-])=O)cccc1,TRUE,0,3,1,1,2,0,0,2,1,1,5,10,0,52.37,1.4379,138.102,138.019118,0
O[C@@H]1[C@@H](O)O[C@H]([9*])[C@H]1O,TRUE,3,4,0,0,0,0,0,0,1,0,5,8,1,69.92,-2.0678,119.096,119.0344337,4
O=C([5*])Nc(c1)ccc(c12)cccc2,TRUE,1,1,1,1,0,0,0,1,2,2,3,13,0,29.1,2.921,170.191,170.0605889,0
[9*]OC(=O)c1ccc(cc1)C(=O)c2c(O)cccc2,TRUE,1,4,1,2,0,0,0,3,2,2,5,18,0,63.6,2.2443,241.222,241.0500838,0
[8*]NC(=O)c1ccc(O)cc1,TRUE,2,2,1,1,0,0,0,1,1,1,4,10,0,49.33,0.5863,136.13,136.0398534,0
c1c([3*])c(C)cc(c12)C(C)(C)CCC2(C)C,TRUE,0,0,1,1,0,0,0,0,2,1,1,15,0.6,0,3.51862,201.333,201.1643257,0
OC(=O)c(cc1)cnc1[3*],TRUE,1,2,1,1,0,0,0,1,1,1,4,9,0,50.19,-0.0456,122.103,122.0242034,0
O[C@@H]1[C@H](O)[C@@H]([17*])O[C@H]1n2c(O)c(nc2)C(=O)N,TRUE,4,7,1,1,0,0,0,2,2,1,9,16,0.5,130.83,-2.1864,228.184,228.0620454,4
c1cccc(c12)n(C)cc2C(C(=O)NC3=O)=C3c4cn(C[16*])c(c45)cccc5,TRUE,1,4,1,2,0,0,0,3,5,4,6,27,0.090909091,56.03,3.207,354.389,354.1242518,0
[*]Oc1c(C=O)cccc1,TRUE,0,2,1,1,0,0,0,2,1,1,3,9,0,26.3,1.3422,121.115,121.0289544,0
Clc1cccc(Cl)c1N(C(=O)CC2)c(c23)cc([7*])cc3-c4c(F)cc(F)cc4,TRUE,0,1,1,3,0,0,4,2,4,3,7,27,0.095238095,20.31,5.7241,403.235,402.0264008,0
[O-][N+](=O)c(cn1)sc1NC(=O)N[10*],TRUE,2,5,1,1,2,0,0,2,1,1,9,12,0,97.16,0.6371,187.16,186.992586,0
O=C(C1)NC[C@@H]1[12*],TRUE,1,1,1,0,0,0,0,0,1,0,3,6,0.75,29.1,-0.1559,84.098,84.04493881,1
Nc1nc(N)nc(c12)cccc2[*],TRUE,2,4,1,1,0,0,0,0,2,2,5,12,0,77.82,-0.0312,159.172,159.0670712,0
[19*]OC(=O)c(c1C)c(C)nn1-c2cc([N+]([O-])=O)ccc2,TRUE,0,6,1,2,2,0,0,3,2,2,8,19,0.166666667,87.26,2.01844,260.229,260.0671308,0
[nH]1c(N)nc(=O)c(c12)N(C)CN2[18*],TRUE,2,5,1,1,0,0,0,0,2,1,7,12,0.333333333,78.25,-0.9699,166.164,166.0728849,0
c1c([2*])sc(c12)S(=O)(=O)N(C[C@@H]2O)c3ccc(OC)cc3,TRUE,1,5,2,2,0,0,0,2,3,2,8,20,0.230769231,66.84,1.1736,310.376,310.0207749,1
O[C@@H]1[C@@H]([23*])O[C@H](C1)n2c(=O)[nH]c(=O)cc2,TRUE,2,5,1,1,0,0,0,1,2,1,7,14,0.5,84.32,-1.3082,197.17,197.0562318,3
c1cccc(n2C[19*])c1c(C(=O)C3)c2[C@@H](N34)CCCC4,TRUE,0,3,1,1,0,0,0,1,4,2,4,19,0.4375,25.24,2.8714,253.325,253.1340882,1
[29*][C@H]1O[C@H](O)[C@H](O)[C@@H]1O,TRUE,3,4,0,0,0,0,0,0,1,0,5,8,1,69.92,-2.0678,119.096,119.0344337,4
c1cc(I)ccc1[5*],TRUE,0,0,1,1,0,0,1,0,1,1,2,7,0,0,1.4658,203.002,202.9357731,0
[C@H]12OC[C@H]([C@@H]1O)O[C@H](O)[C@@H]2[3*],TRUE,2,4,0,0,0,0,0,0,2,0,5,10,1,58.92,-1.1989,145.134,145.0500838,5
O[C@@H]1[C@@H](O)O[C@H]([12*])[C@@H](O)[C@@H]1O,TRUE,4,5,0,0,0,0,0,0,1,0,6,10,1,90.15,-2.7069,149.122,149.0449984,5
C1CN[C@@H]([9*])CN1c2nnc(c(c2)-c3ccncc3)-c(c4)ccc(c45)cccc5,TRUE,1,5,1,3,0,0,0,3,5,4,6,28,0.173913043,53.94,3.6438,366.448,366.1718706,1
n1cnc(N[11*])c(c1n23)nc2cccc3,TRUE,1,5,1,1,0,0,0,1,3,3,6,14,0,55.11,1.1537,184.182,184.0623202,0
O[C@H]1[C@@H](O)[C@@H](O[C@@H]1[16*])n2cc(C)c(N)nc2=O,TRUE,3,7,1,1,0,0,0,1,2,1,8,16,0.555555556,110.6,-1.74008,226.212,226.0827809,4
C1COCCN1c2ccc([*])cc2,TRUE,0,2,1,1,0,0,0,1,2,1,3,12,0.4,12.47,0.6978,162.212,162.091889,0
c1cc(Cl)cc(Cl)c1-c(c2[14*])nc(nc2N)-c3cc(OC)cc(c3)OC,TRUE,1,5,1,3,0,0,2,4,3,3,8,25,0.111111111,70.26,3.8914,375.235,374.046307,0
[15*][C@H]1O[C@H](O)[C@H](O)[C@@H](O)[C@@H]1O,TRUE,4,5,0,0,0,0,0,0,1,0,6,10,1,90.15,-2.7069,149.122,149.0449984,5
O=C(C)Nc(cc1)ccc1[18*],TRUE,1,1,1,1,0,0,0,1,1,1,3,10,0.125,29.1,0.8196,134.158,134.0605889,0
[7*][C@H]1[C@H](O)Cc(c12)cccc2,TRUE,1,1,1,1,0,0,0,0,2,1,2,10,0.333333333,20.23,1.194,133.17,133.0653399,2
c1c([19*])oc(c12)cccc2,TRUE,0,1,1,1,0,0,0,0,2,2,2,9,0,13.14,1.6074,117.127,117.0340398,0
COC(=O)c(c1O[18*])c(O)ccc1,TRUE,1,4,1,1,0,0,0,2,1,1,5,12,0.125,55.76,1.0219,167.14,167.0344337,0
Fc1ccc(/C=C/[18*])cc1-c2onc(c2)C(=O)O,TRUE,1,3,1,2,0,0,1,3,2,2,6,17,0,63.33,2.6989,232.19,232.0409963,0
[nH]1c(N)nc(=O)c(c12)N=C([17*])CN2,TRUE,3,5,1,1,0,0,0,0,2,1,7,12,0.166666667,96.16,-0.6431,164.148,164.0572348,0
c1cc(Br)ccc1C(=O)c(cc2)c(F)cc2O[10*],TRUE,0,2,1,2,0,0,2,3,2,2,5,17,0,26.3,3.6623,294.099,292.9613448,0
[H]/N=C(\N)c(cc1)ccc1[6*],TRUE,2,1,1,1,0,0,0,1,1,1,3,9,0,49.87,0.14527,119.147,119.0609232,0
O=C([6*])C(=O)O,TRUE,1,2,1,0,0,0,0,1,0,0,4,5,0,54.37,-0.8531,73.027,72.99256889,0
c1cc([17*])c(O)c(c12)C(=O)c3c(C2)cccc3O,TRUE,2,3,1,2,0,0,0,0,3,2,4,17,0.071428571,57.53,1.4076,225.223,225.0551691,0
O=C1N([13*])C(=O)c2cccc3cccc1c23,TRUE,0,2,1,1,0,0,0,0,3,2,4,15,0,37.38,1.9001,196.185,196.0398534,0
Fc(c1)ccc(O[C@H]([16*])C2)c1[C@@]23NC(=O)NC3=O,TRUE,2,3,2,1,0,0,1,0,3,1,7,17,0.272727273,67.43,0.5183,235.194,235.0518953,2
O[C@@H](C1)[C@@H]([18*])O[C@H]1n2c(=O)[nH]c(c23)c(=O)nc([nH]3)N,TRUE,4,7,1,1,0,0,0,1,3,2,10,18,0.444444444,139.02,-1.8497,252.21,252.0732788,3
[12*]c1coc(c12)nc(N)nc2N,TRUE,2,5,1,1,0,0,0,0,2,2,6,11,0,90.96,-0.4382,149.133,149.0463358,0
c1cc(I)ccc1NC(=O)N[4*],TRUE,2,1,1,1,0,0,1,1,1,1,5,11,0,41.13,1.877,261.042,260.9524858,0
O[C@@H]1[C@H](O)[C@@H]([14*])O[C@@H]1n2cnc(c23)cc(C)c(c3)C,TRUE,2,5,1,1,0,0,0,1,3,2,6,18,0.461538462,67.51,0.77914,247.274,247.1082673,4
Oc1nc(N)nc(c12)NC[C@H]([15*])N2,TRUE,4,6,1,1,0,0,0,0,2,1,7,12,0.333333333,96.09,-0.5228,166.164,166.0728849,1
Oc1c([10*])c(=O)oc(c12)CCCCCC2,TRUE,1,3,1,1,0,0,0,0,2,1,4,14,0.545454545,50.44,1.179,193.222,193.0864693,0
O=S(F)(=O)[17*],TRUE,0,2,0,0,0,0,1,0,0,0,5,4,0,34.14,-0.25,83.063,82.96030346,0
S1[C@H]([7*])C(=O)Nc(c12)cccc2,TRUE,1,2,1,1,0,0,0,0,2,1,4,11,0.125,29.1,1.6062,164.209,164.0170098,1
[8*][C@@H]1CONC1=O,TRUE,1,2,1,0,0,0,0,0,1,0,4,6,0.666666667,38.33,-0.6144,86.07,86.02420337,1
[11*]NC(=O)c1occc1,TRUE,1,2,1,1,0,0,0,1,1,1,4,8,0,42.24,0.4737,110.092,110.0242034,0
c1cc(Cl)ccc1Oc(cc2)ccc2[1*],TRUE,0,1,1,2,0,0,1,2,2,2,3,14,0,9.23,3.3069,203.648,203.0263676,0
[6*]c1c(C)o[nH]c1=O,TRUE,1,2,1,1,0,0,0,0,1,1,4,7,0.25,46,-0.54908,98.081,98.02420337,0
[8*][C@H]1C(=O)Nc(c12)cccc2,TRUE,1,1,1,1,0,0,0,0,2,1,3,10,0.125,29.1,1.2291,132.142,132.0449388,1
O=CN(CC1)CCN1c2ccc([8*])cc2,TRUE,0,2,2,1,0,0,0,2,2,1,4,14,0.363636364,23.55,0.1396,189.238,189.102788,0
[10*]c1[nH]nc(c12)c(ncn2)NC,TRUE,2,4,1,1,0,0,0,1,2,2,6,11,0.166666667,66.49,-0.4308,148.149,148.0623202,0
O=C([5*])c1c(N)cccc1,TRUE,1,2,1,1,0,0,0,1,1,1,3,9,0,43.09,0.9583,120.131,120.0449388,0
[nH]1cnc(=O)c(c12)[nH]cc2[12*],TRUE,2,2,1,1,0,0,0,0,2,2,5,10,0,61.54,-0.5742,134.118,134.0354367,0
[4*]ON,TRUE,1,2,0,0,0,0,0,0,0,0,3,2,0,35.25,-0.659,32.022,32.01363868,0
NC1([6*])CC1,TRUE,1,1,0,0,0,0,0,0,1,0,2,4,1,26.02,-0.0155,56.088,56.05002419,0
Fc(c1)cc(F)cc1[*],TRUE,0,0,1,1,0,0,2,0,1,1,3,8,0,0,1.1394,113.086,113.0202815,0
Clc(c1)ccc(c12)[nH]c(c2)C(=O)N[18*],TRUE,2,1,1,1,0,0,1,1,2,2,5,13,0,44.89,2.0154,193.613,193.0168655,0
Fc(c1)ccc(O[C@H]([16*])C2)c1[C@]23NC(=O)NC3=O,TRUE,2,3,2,1,0,0,1,0,3,1,7,17,0.272727273,67.43,0.5183,235.194,235.0518953,2
[14*]c1cc(N)ccc1,TRUE,1,1,1,1,0,0,0,0,1,1,2,7,0,26.02,0.4434,92.121,92.05002419,0
Clc(n1)nc(N)c(c12)ncn2[C@@H]3O[C@H]([12*])CC3,TRUE,1,6,1,1,0,0,1,1,3,2,8,16,0.444444444,78.85,1.2463,238.658,238.0495626,2
COc(c1)c(OC)c(OC)cc1N([9*])C,TRUE,0,4,1,1,0,0,0,4,1,1,5,14,0.4,30.93,1.6129,196.226,196.0973683,0
Cc1c([9*])cnc(c12)nc(N)nc2N,TRUE,2,5,1,1,0,0,0,0,2,2,6,13,0.125,90.71,-0.32778,174.187,174.0779703,0
[H]/N=C/[2*],TRUE,1,1,0,0,0,0,0,0,0,0,2,2,0,23.85,0.14277,28.034,28.01872406,0
ON([5*])C=O,TRUE,1,2,1,0,0,0,0,1,0,0,4,4,0,40.54,-0.7017,60.032,60.0085533,0
[H]/N=C(C)/N1CCC([*])CC1,TRUE,1,1,1,0,0,0,0,0,1,0,3,9,0.857142857,27.09,1.41717,125.195,125.1078734,0
[H]/N=C(\N)c(c1)ccc(c12)ccc([18*])c2,TRUE,2,1,1,1,0,0,0,1,2,2,3,13,0,49.87,1.29847,169.207,169.0765733,0
[13*]Oc(c1)ccc(c12)c(=O)c(co2)-c3ccc(O)cc3,TRUE,1,4,1,2,0,0,0,2,3,3,5,19,0,59.67,3.0087,253.233,253.0500838,0
O=S(=O)(C1)N(C)c(c12)ccc([7*])c2,TRUE,0,2,1,1,0,0,0,0,2,1,5,12,0.25,37.38,0.1408,182.224,182.0275745,0
O[C@@H]1[C@@H](O)[C@H](O)C([11*])=C[C@@H]1N,TRUE,4,4,0,0,0,0,0,0,1,0,5,10,0.666666667,86.71,-2.1568,144.15,144.0660682,4
C1C[C@@H](O)C[C@@H](C[C@H]2O)[C@@]1(C)[C@@H](CC3)[C@@H]2[C@@H]([C@]34C)CC[C@@H]4[21*],TRUE,2,2,0,0,0,0,0,0,4,0,3,21,1,40.46,3.6986,291.455,291.2324052,9
O=C(C1)NC(=O)N[C@@H]1[10*],TRUE,2,2,1,0,0,0,0,0,1,0,5,8,0.5,58.2,-0.9087,113.096,113.0351024,1
O=CN[5*],TRUE,1,1,1,0,0,0,0,1,0,0,3,3,0,29.1,-0.8033,44.033,44.01363868,0
c1cc(Br)cc(F)c1[11*],TRUE,0,0,1,1,0,0,2,0,1,1,3,8,0,0,1.7628,173.992,172.9402154,0
c1cc(Br)ccc1-c2nn(C)c(c23)cc(O[18*])c(F)c3,TRUE,0,3,1,2,0,0,2,2,3,3,6,19,0.071428571,27.05,3.985,320.141,318.9882282,0
N/C([*])=N\[H],TRUE,2,1,1,0,0,0,0,0,0,0,3,3,0,49.87,-0.57083,43.049,43.0296231,0
C[C@]12n3c4c5n([C@H](O1)C[C@@]2([23*])O)c6c(cccc6)c5c7c(CNC7=O)c4c8c3cccc8,TRUE,2,5,1,1,0,0,0,0,8,5,7,31,0.24,68.42,3.9889,408.437,408.1348164,3
O=[S@]([7*])O,TRUE,1,1,0,0,0,0,0,0,0,0,4,3,0,37.3,-0.3276,65.073,64.96972527,1
[10*]OC(=O)c1ccc(cc1)C(=O)c2c(O)ccc(c2)OC,TRUE,1,5,1,2,0,0,0,4,2,2,6,20,0.066666667,72.83,2.2529,271.248,271.0606485,0
[8*]c1c[nH]c(c12)[C@@H](N)N=CN2,TRUE,3,3,1,1,0,0,0,0,2,1,5,10,0.166666667,66.2,-0.3996,135.15,135.0670712,1
c1c(C)c(C)cc(c12)[n+](S([O-])(=O)=O)c3c(n2C[19*])nc(=O)[nH]c3=O,TRUE,1,7,1,1,2,0,0,2,3,1,11,23,0.230769231,128.83,-1.09096,335.321,335.0450155,0
c1ccccc1-c(n2C[7*])c(cc([NH3+])cc3)c3c(c24)ccc(=N\[H])/c4,TRUE,2,2,1,2,1,1,0,2,4,2,4,23,0.05,56.42,3.27277,299.377,299.141699,0
O=C(C)N(CC1)CCN1c2nccc(c2)-c3cc([N+]([O-])=O)c([*])cc3,TRUE,0,5,2,2,2,0,0,3,3,2,8,24,0.294117647,79.58,1.4999,325.348,325.1300654,0
c1cccc(C(=O)O)c1Nc2c([13*])cccc2,TRUE,2,2,1,2,0,0,0,3,2,2,4,16,0,49.33,2.303,212.228,212.0711536,0
O[C@@H]1[C@@H]([25*])O[C@H](C1)n2cnc(c23)c(=O)nc([nH]3)N,TRUE,3,7,1,1,0,0,0,1,3,2,9,17,0.444444444,119.05,-1.143,236.211,236.0783642,3
C1C[C@@H]([23*])O[C@H]1n2cnc(c23)c(N)ncn3,TRUE,1,6,1,1,0,0,0,1,3,2,7,15,0.444444444,78.85,0.5929,204.213,204.0885349,2
c1cccc(n12)ncc2-c3nc(ncc3)Nc4ccc([*])cc4,TRUE,1,5,1,3,0,0,0,3,4,4,6,22,0,55.11,2.7095,286.318,286.1092704,0
[13*]Oc1cc([N+]([O-])=O)ccc1,TRUE,0,3,1,1,2,0,0,2,1,1,5,10,0,52.37,1.4379,138.102,138.019118,0
[12*]Cn1c(=O)c(=O)[nH]c(c12)c(=O)[nH]c(=O)[nH]2,TRUE,3,5,1,1,0,0,0,1,2,2,9,15,0.142857143,120.58,-2.4268,209.141,209.0310796,0
C[C@H]1O[C@H](O)[C@H](O)[C@@H](O)[C@@H]1[8*],TRUE,3,4,0,0,0,0,0,0,1,0,5,10,1,69.92,-1.2169,147.15,147.0657338,5
[9*]c1c(F)cc(F)cc1F,TRUE,0,0,1,1,0,0,3,0,1,1,4,9,0,0,1.2785,131.076,131.0108597,0
[12*]Cn1cnc(c12)c(N)nc(n2)N,TRUE,2,6,1,1,0,0,0,1,2,2,7,12,0.166666667,95.64,-0.5025,163.164,163.0732192,0
O=C1[C@H](O)[C@@H]([9*])Oc(c12)cc(O)cc2O,TRUE,3,5,1,1,0,0,0,0,2,1,6,14,0.222222222,86.99,-0.0908,195.15,195.0293483,2
c1cccc(c2N[27*])c1nc(c23)CCCC3,TRUE,1,2,1,1,0,0,0,1,3,2,3,15,0.307692308,24.92,2.9898,197.261,197.1078734,0
O[C@H]1CO[C@H]([10*])C[C@@H]1O,TRUE,2,3,0,0,0,0,0,0,1,0,4,8,1,49.69,-0.9961,117.124,117.0551691,3
O[C@@H]1[C@H](O)[C@@H](F)[C@H](O)O[C@@H]1[11*],TRUE,3,4,0,0,0,0,1,0,1,0,6,10,1,69.92,-1.7297,151.113,151.040662,5
[16*]N1C=NC([C@@H]12)=C(N)NC=N2,TRUE,2,5,1,0,0,0,0,0,2,0,6,10,0.2,66.01,-1.12,136.138,136.0623202,1
[nH]1c(N)nc(=O)c(c12)[nH]cc2[9*],TRUE,3,3,1,1,0,0,0,0,2,2,6,11,0,87.56,-0.992,149.133,149.0463358,0
N\C([*])=N\[H],TRUE,2,1,1,0,0,0,0,0,0,0,3,3,0,49.87,-0.57083,43.049,43.0296231,0
[8*]OO,TRUE,1,2,0,0,0,0,0,0,0,0,3,2,0,29.46,-0.0597,33.006,32.99765427,0
[10*][C@@H]1SCC(C)=C(N1)C(=O)O,TRUE,2,3,1,0,0,0,0,1,1,0,5,10,0.5,49.33,0.5143,158.202,158.0275745,1
O=C([5*])c1c(C(=O)O)cccc1,TRUE,1,2,1,1,0,0,0,2,1,1,4,11,0,54.37,1.0743,149.125,149.023869,0
CC1(C)C[C@H](O)CC(C)=C1/C=C/C(C)=C/C=C/C(C)=C\C=C\C=C(C)/C=C/C=C([30*])\C,TRUE,1,1,1,0,0,0,0,8,1,0,2,30,0.379310345,20.23,8.0006,403.63,403.3000909,1
BrN([8*])C(=O)C,TRUE,0,1,1,0,0,0,1,0,0,0,4,5,0.5,20.31,0.6091,136.956,135.9398008,0
C[Si]([1*])(C)C,TRUE,0,0,0,0,0,0,0,0,0,0,2,4,1,0,1.3706,73.191,73.04735182,0
c1cccc(C(=O)O)c1Nc2cc([16*])ccc2,TRUE,2,2,1,2,0,0,0,3,2,2,4,16,0,49.33,2.303,212.228,212.0711536,0
C1=CC(=O)C=CC1[7*],TRUE,0,1,1,0,0,0,0,0,1,0,2,7,0.166666667,17.07,1.0193,93.105,93.03403978,0
O=C([13*])Nc1ccc([N+]([O-])=O)cc1,TRUE,1,3,1,1,2,0,0,2,1,1,6,12,0,72.24,1.676,165.128,165.030017,0
c1cc(Cl)ccc1NC(=O)Nc2cc([6*])nn2C,TRUE,2,3,1,2,0,0,1,2,2,2,7,17,0.090909091,58.95,1.8921,249.681,249.0543136,0
[10*]c1[nH]nc(c12)c(N)ncn2,TRUE,2,4,1,1,0,0,0,0,2,2,6,10,0,80.48,-0.8903,134.122,134.0466701,0
[5*]Nc1ccccc1,TRUE,1,1,1,1,0,0,0,1,1,1,2,7,0,12.03,1.5628,92.121,92.05002419,0
[6*]c1c[nH]c(c12)cccc2N,TRUE,2,1,1,1,0,0,0,0,2,2,3,10,0,41.81,0.9247,131.158,131.0609232,0
[*]Oc(c1)ccc2c1oc(=O)c(c23)CCCCC3,TRUE,0,3,1,1,0,0,0,1,3,2,4,17,0.357142857,39.44,2.905,229.255,229.0864693,0
[13*][C@@H]1[C@H](O)[C@H](O)[C@@H](O)c(n12)nnn2,TRUE,3,7,1,1,0,0,0,0,2,1,8,12,0.8,104.29,-2.5102,171.136,171.0518151,4
[7*]C[NH+]=C(N)N,TRUE,3,0,1,0,1,1,0,1,0,0,4,5,0.5,66.01,-3.1528,73.099,73.06344864,0
[nH]1c(N)nc(=O)c2c1N=C[C@@H](N23)CN(C3)c4ccc(cc4)C(=O)N[27*],TRUE,3,7,2,2,0,0,0,2,4,2,10,24,0.2,119.71,-0.0852,324.324,324.1208977,1
O[C@@H]1[C@@H]([18*])O[C@H]([C@@H]1O)[n+]2c[nH]c(c23)c(O)nc(n3)O,TRUE,5,7,1,1,1,1,0,1,3,2,10,18,0.444444444,135.6,-2.2174,254.202,254.0645708,4
C[S@](=O)[3*],TRUE,0,1,0,0,0,0,0,0,0,0,3,3,1,17.07,-0.1708,63.101,62.99046072,1
[15*][C@H]1O[C@@H](O)[C@H](O)[C@@H](O)[C@H]1O,TRUE,4,5,0,0,0,0,0,0,1,0,6,10,1,90.15,-2.7069,149.122,149.0449984,5
[29*]N1[C@@H](O)[C@@H](O)CC(=C1)C(=O)N,TRUE,3,4,1,0,0,0,0,1,1,0,6,11,0.5,86.79,-1.7951,157.149,157.0613171,2
[12*][C@H]1O[C@@H](O)[C@H](O)[C@@H]1O,TRUE,3,4,0,0,0,0,0,0,1,0,5,8,1,69.92,-2.0678,119.096,119.0344337,4
O[C@H]1[C@@H]([23*])C[C@H]([C@@]12C)[C@H]3[C@H](CC2)c4c(CC3)cc(O)cc4,TRUE,2,2,1,1,0,0,0,0,4,1,3,20,0.666666667,40.46,3.5569,271.38,271.169805,6
[10*]c1sc(cc1)-c(c2)oc(c23)cccc3,TRUE,0,2,1,2,0,0,0,1,3,3,3,14,0,13.14,3.3359,199.254,199.0217608,0
c1cc(Br)ccc1-c2coc(c23)cc(O[9*])cc3,TRUE,0,2,1,2,0,0,1,2,3,3,4,17,0,22.37,4.7054,288.12,286.9707666,0
[20*]NC(=O)c1ccc(cc1)C(=O)N2CCOCC2,TRUE,1,3,1,1,0,0,0,2,2,1,6,17,0.333333333,58.64,0.3531,233.247,233.0926173,0
[4*]Oc1c(N)nccc1,TRUE,1,3,1,1,0,0,0,1,1,1,4,8,0,48.14,0.5069,109.108,109.0401878,0
[17*]Nc1ccc(cc1)C(\N)=N\[H],TRUE,3,2,1,1,0,0,0,2,1,1,4,10,0,61.9,0.84687,134.162,134.0718223,0
[8*]Cn1c(C)nc(c12)cccc2,TRUE,0,2,1,1,0,0,0,1,2,2,3,11,0.222222222,17.82,1.85152,145.185,145.0765733,0
[14*]NC(=O)c1ccc(cc1)NC(=O)Nc2[nH]c(N)nc(=O)c2N,TRUE,6,6,1,2,0,0,0,3,2,2,11,22,0,168.02,-0.2276,302.274,302.1001622,0
O=C([5*])c(c1)ccc(c12)cccc2,TRUE,0,1,1,1,0,0,0,1,2,2,2,12,0,17.07,2.5293,155.176,155.0496898,0
O[C@H]1[C@H](O)[C@@H](O)C(=N[C@@H]1[12*])NO,TRUE,5,6,1,0,0,0,0,0,1,0,7,11,0.8,105.31,-2.6646,161.137,161.0562318,4
[11*][C@H]1O[C@@H](O)[C@H](O)[C@@H](O)[C@@H]1O,TRUE,4,5,0,0,0,0,0,0,1,0,6,10,1,90.15,-2.7069,149.122,149.0449984,5
O[C@@H](C1)[C@@H]([12*])O[C@H]1n2cnc(c23)c(=O)nc[nH]3,TRUE,2,6,1,1,0,0,0,1,3,2,8,16,0.444444444,93.03,-0.7252,221.196,221.0674651,3
ON\C(N)=N\C[7*],TRUE,3,2,1,0,0,0,0,1,0,0,5,6,0.5,70.64,-1.2133,88.09,88.05108681,0
O[C@H]1[C@@H](O)[C@@H](O[C@@H]1[15*])[n+]2cc(C(=O)O)ccc2,TRUE,3,4,1,1,1,1,0,2,2,1,7,16,0.4,90.87,-1.2017,225.2,225.0631739,4
c1ccc(Br)c([nH+]2)c1c([NH3+])c(c23)cccc3C(=O)N[17*],TRUE,2,1,1,1,2,2,1,1,3,3,6,19,0,70.88,1.6371,317.166,316.0074519,0
O=c1nc(N)[nH]c(c12)ncn2C[10*],TRUE,2,5,1,1,0,0,0,1,2,2,7,12,0.166666667,89.59,-0.7914,164.148,164.0572348,0
[11*][C@]12[C@H](O1)C[C@H](O)[C@@H](O)[C@@H]2O,TRUE,3,4,0,0,0,0,0,0,2,0,5,10,1,73.22,-1.8828,145.134,145.0500838,5
c1cc([22*])ccc1NC(=O)c(c2)ccc(c23)cc(cc3)C(\N)=N\[H],TRUE,3,2,1,2,0,0,0,3,3,3,5,22,0,78.97,2.55077,288.33,288.1136871,0
[12*]Oc1ccc([N+]([O-])=O)cc1,TRUE,0,3,1,1,2,0,0,2,1,1,5,10,0,52.37,1.4379,138.102,138.019118,0
O=C1C(OC)=CC(=O)c(c12)n(C)c(c2[12*])C,TRUE,0,4,1,1,0,0,0,1,2,1,5,15,0.272727273,48.3,0.41742,204.205,204.0660682,0
[12*]Oc1nc(N)nc(c12)nc[nH]2,TRUE,2,5,1,1,0,0,0,1,2,2,7,11,0,89.71,-0.2218,150.121,150.0415847,0
O=C1[C@H]([13*])NC(=O)[C@@H](N12)CCC2,TRUE,1,2,2,0,0,0,0,0,2,0,5,11,0.714285714,49.41,-1.0174,153.161,153.0664025,2
[10*]N1N[C@H](I)c(c12)c(N)ncn2,TRUE,2,5,1,1,0,0,1,0,2,1,7,11,0.2,67.07,0.2813,262.034,261.9589682,1
[11*]OC(=O)C(=O)N1CCCCC1,TRUE,0,3,1,0,0,0,0,0,1,0,5,11,0.714285714,46.61,0.0064,156.161,156.0660682,0
OC(=O)C(=O)Nc(cc1)ccc1[9*],TRUE,2,2,1,1,0,0,0,1,1,1,5,12,0,66.4,-0.1157,164.14,164.0347681,0
S=[P@]([O-])([3*])O,TRUE,1,2,0,0,1,-1,0,0,0,0,5,4,0,43.29,-0.8872,96.047,95.94403548,1
CN([7*])c(c1)ccc(c12)nc(N)nc2N,TRUE,2,5,1,1,0,0,0,1,2,2,6,14,0.111111111,81.06,0.6947,188.214,188.0936203,0
OC(=O)N[9*],TRUE,2,1,1,0,0,0,0,0,0,0,4,4,0,49.33,-0.2817,60.032,60.0085533,0
O=c1[nH][nH]c(=O)c(c12)nc([6*])[nH]2,TRUE,3,3,1,1,0,0,0,0,2,2,7,11,0,94.4,-1.8859,151.105,151.0256003,0
O[C@@H]1[C@@H](O)[C@H](O)[C@@H]([16*])O[C@@]12NC(=O)N(O)C2=O,TRUE,5,7,1,0,0,0,0,0,2,0,10,16,0.714285714,139.56,-3.388,233.156,233.0409756,5
[2*][C@H]1CO[C@H]([C@@H]1O)n2cnc(c23)c(N)ncn3,TRUE,2,7,1,1,0,0,0,1,3,2,8,16,0.444444444,99.08,-0.364,220.212,220.0834496,3
[29*]NC(=S)Nc(cc1)cc(C(=O)O)c1-c2c(ccc(=O)c3)c3oc(c24)cc(O)cc4,TRUE,4,5,1,2,0,0,0,3,4,2,9,29,0,111.8,3.7193,405.411,405.0545175,0
[O-][N+](=O)c(c1[*])cc([N+]([O-])=O)cc1,TRUE,0,4,1,1,4,0,0,2,1,1,7,12,0,86.28,0.6776,167.1,167.0092816,0
[6*]Oc1cc(=O)sc(c12)cccc2,TRUE,0,3,1,1,0,0,0,1,2,2,4,12,0,26.3,2.1046,177.204,177.0010254,0
[13*][C@@H]1[C@@H](O)[C@H](O)[C@@H](O)c(n12)nnn2,TRUE,3,7,1,1,0,0,0,0,2,1,8,12,0.8,104.29,-2.5102,171.136,171.0518151,4
n1cnc(O)c(c12)NCN2[9*],TRUE,2,5,1,1,0,0,0,0,2,1,6,10,0.2,61.28,-0.1641,137.122,137.0463358,0
[H]/N=C(\N)c(cc1)cc(c12)ccc(c2)C(=O)Nc(c3)ccc(c34)CCN=C4[8*],TRUE,3,3,1,2,0,0,0,3,4,3,6,26,0.095238095,91.33,3.22817,341.394,341.1402362,0
COC(=O)N[21*],TRUE,1,2,1,0,0,0,0,0,0,0,4,5,0.5,38.33,-0.1933,74.059,74.02420337,0
O=C1CCN1[7*],TRUE,0,1,1,0,0,0,0,0,1,0,3,5,0.666666667,20.31,-0.317,70.071,70.02928875,0
[7*]Cn1ccc(c12)cccc2,TRUE,0,1,1,1,0,0,0,1,2,2,2,10,0.111111111,4.93,2.1481,130.17,130.0656743,0
O[C@@H]1[C@H](O)[C@@H]([31*])O[C@H]1n(cn2)c(nc3)c2c(n34)ncc4,TRUE,2,8,1,1,0,0,0,1,4,3,9,19,0.363636364,97.7,-0.795,260.233,260.0783642,4
O[C@H]1[C@@H](O)[C@@H](O[C@@H]1[32*])[n+]2cc(C(=O)N)ccc2,TRUE,3,4,1,1,1,1,0,2,2,1,7,16,0.4,96.66,-1.801,224.216,224.0791583,4
NC([2*])N,TRUE,2,2,0,0,0,0,0,0,0,0,3,3,1,52.04,-1.2633,45.065,45.04527316,0
O[C@@H]1[C@H](O)[C@@H]([17*])O[C@@]12NC(=O)NC2=O,TRUE,4,5,1,0,0,0,0,0,2,0,8,13,0.666666667,107.89,-2.8505,187.131,187.0354963,4
[8*]Cn1cnc(c12)c(=O)nc([nH]2)Nc3ccccc3,TRUE,2,5,1,2,0,0,0,3,3,3,7,18,0.083333333,75.6,1.37,240.246,240.0885349,0
O[C@H]1[C@@H](O)[C@@H](C[C@@H]1[27*])[n+]2cc(C(=O)N)ccc2,TRUE,3,3,1,1,1,1,0,2,2,1,6,16,0.454545455,87.43,-0.9226,222.244,222.0998937,4
Cc1c(=O)[nH]c(=O)[nH]c1[7*],TRUE,2,2,1,1,0,0,0,0,1,1,5,9,0.2,65.72,-1.45378,125.107,125.0351024,0
[12*]c1[nH]ccn1,TRUE,1,1,1,1,0,0,0,0,1,1,3,5,0,28.68,-0.4157,67.071,67.0296231,0
[18*]Oc(c1)ccc(c12)cccc2,TRUE,0,1,1,1,0,0,0,1,2,2,2,11,0,9.23,2.6829,143.165,143.0496898,0
[1*]c1c(O)cc(C)cc1,TRUE,1,1,1,1,0,0,0,0,1,1,2,8,0.142857143,20.23,0.87522,107.132,107.0496898,0
c1c([*])ccc(c12)NC(=O)C\2=C(C3=O)/Nc(c34)cccc4,TRUE,2,3,1,2,0,0,0,0,4,2,5,20,0,58.2,1.8328,261.26,261.0664025,0
[O-][N+](=O)C1=CC(=[N+]([O-])O)C=C([N+]([O-])=O)C12O[C@H]3[C@@H](O2)[C@@H](O[C@@H]3[35*])n4cnc(c45)c(N)ncn5,TRUE,2,14,2,1,6,0,0,3,5,2,18,32,0.333333333,229.89,-1.0317,447.3,447.0648989,4
O[C@@H]1[C@H](O)[C@@H](O)C(=N[C@@H]1[12*])NO,TRUE,5,6,1,0,0,0,0,0,1,0,7,11,0.8,105.31,-2.6646,161.137,161.0562318,4
c1nc([8*])cn1-c2n[nH]nn2,TRUE,1,5,1,2,0,0,0,1,2,2,7,10,0,72.28,-1.44,135.11,135.0419191,0
O=c1nc(N)[nH]c(c12)ccc([13*])c2,TRUE,2,3,1,1,0,0,0,0,2,2,5,12,0,71.77,-0.3201,160.156,160.0510868,0
c1cc(Br)ccc1-c2nsc(c23)cc(O[10*])cc3,TRUE,0,3,1,2,0,0,1,2,3,3,5,17,0,22.12,4.5689,305.176,303.9431719,0
c1cc(N(C)C)ccc1-c(cc2)ccc2[12*],TRUE,0,1,1,2,0,0,0,2,2,2,2,15,0.142857143,3.24,2.5942,196.273,196.1126244,0
O=C([9*])Nc1ccccc1,TRUE,1,1,1,1,0,0,0,1,1,1,3,9,0,29.1,1.7678,120.131,120.0449388,0
O[C@@H]1[C@@H]([7*])O[C@H](C)[C@@H](O)[C@@H]1O,TRUE,3,4,0,0,0,0,0,0,1,0,5,10,1,69.92,-1.6368,147.15,147.0657338,5
[12*]c1c(Cl)c(OC)c(OC)c(c1)OC,TRUE,0,3,1,1,0,0,1,3,1,1,5,13,0.333333333,27.69,1.5404,201.629,201.0318469,0
[H]/N=C(\N)c(cc1)cc(c12)ccc(c2)C(=O)Nc(c3)ccc(c34)CNC[C@@H]4[9*],TRUE,4,3,1,2,0,0,0,3,4,3,6,26,0.142857143,91,3.06977,343.41,343.1558862,1
[11*]N1CC[C@H]([C@@H]12)CCCC2,TRUE,0,1,0,0,0,0,0,0,2,0,2,9,1,3.24,1.7152,124.207,124.1126244,2
N[C@@H]1N[C@H](N)N[C@H]([C@H]12)CC[C@H]([11*])C2,TRUE,4,4,0,0,0,0,0,0,2,0,5,12,1,76.1,-0.7872,169.252,169.1453215,5
O[C@@]1([11*])OC[C@H](O)[C@@H](O)[C@@H]1O,TRUE,4,5,0,0,0,0,0,0,1,0,6,10,1,90.15,-2.7053,149.122,149.0449984,4
O=c1nc(N)[nH]c(c12)=NC[C@@H](N=2)[9*],TRUE,2,5,1,1,0,0,0,0,2,1,7,12,0.333333333,96.49,-2.5197,164.148,164.0572348,1
[10*]NC(=O)c1ccc(N(C)C)cc1,TRUE,1,2,1,1,0,0,0,2,1,1,4,12,0.222222222,32.34,0.9467,163.2,163.087138,0
C1=CC[C@H](O)c(c12)nc(cc2[10*])C(=O)O,TRUE,2,3,1,1,0,0,0,1,2,1,5,14,0.2,70.42,0.4047,190.178,190.0504181,1
Clc1cccc(Cl)c1-c(c(=O)n2C)cc(c23)cnc(n3)Nc4cc([2*])ccc4,TRUE,1,5,1,3,0,0,2,3,4,4,8,27,0.05,59.81,4.2205,396.257,395.0466414,0
O[C@H]1C[C@@H](O[C@@H]1[26*])n2cnc(c23)c(N)ncn3,TRUE,2,7,1,1,0,0,0,1,3,2,8,16,0.444444444,99.08,-0.4363,220.212,220.0834496,3
[39*]c1oc(cc1)C(=O)O,TRUE,1,2,1,1,0,0,0,1,1,1,4,8,0,50.44,0.1524,111.076,111.008219,0
C=C([18*])C,TRUE,0,0,0,0,0,0,0,0,0,0,1,3,0.333333333,0,1.0693,41.073,41.03912516,0
CN([8*])c(c1)cnc(c12)nc(N)nc2N,TRUE,2,6,1,1,0,0,0,1,2,2,7,14,0.125,93.95,0.0897,189.202,189.0888693,0
[11*][C@H]1OCC(=C)C(=N1)C(=O)O,TRUE,1,3,1,0,0,0,0,1,1,0,5,10,0.333333333,58.89,-0.0687,140.118,140.0347681,1
[2*][C@@H]1O[C@@H](C)Cc(c12)oc3c(c2=O)c(C(=O)O)c(O)c(O)c3,TRUE,3,6,1,1,0,0,0,1,3,2,8,21,0.285714286,117.2,1.4115,291.235,291.0504777,2
O[C@H]1C[C@@H](O[C@@H]1[11*])n2ccc(N)nc2=O,TRUE,2,6,1,1,0,0,0,1,2,1,7,14,0.5,90.37,-1.0193,196.186,196.0722162,3
Ic(c1)c(O)c(I)cc1[10*],TRUE,1,1,1,1,0,0,2,0,1,1,4,9,0,20.23,1.776,344.897,344.8273357,0
[nH]1c(N)nc(=O)c(c12)cc(N)cc2[9*],TRUE,3,4,1,1,0,0,0,0,2,2,6,13,0,97.79,-0.7379,175.171,175.0619858,0
c1c([2*])sc(c12)S(=O)(=O)N(CC2)c3cc(OC)ccc3,TRUE,0,4,2,2,0,0,0,2,3,2,7,19,0.230769231,46.61,1.6827,294.377,294.0258602,0
[11*]Oc1nc(N)cc(c12)[nH]cn2,TRUE,2,4,1,1,0,0,0,1,2,2,6,11,0,76.82,0.3832,149.133,149.0463358,0
O[C@@H]1[C@@H]([14*])O[C@@H](O)C[C@H]1O,TRUE,3,4,0,0,0,0,0,0,1,0,5,9,1,69.92,-1.6777,133.123,133.0500838,4
[8*]OC(=O)c1ccc(O)cc1,TRUE,1,3,1,1,0,0,0,1,1,1,4,10,0,46.53,1.0133,137.114,137.023869,0
[9*]Nc([nH]1)nc(c12)cccc2,TRUE,2,2,1,1,0,0,0,1,2,2,4,10,0,40.71,1.4391,132.146,132.0561722,0
[9*]c1sc(cc1)-c2nc(sc2)N=C(N)N,TRUE,2,4,1,2,0,0,0,2,2,2,7,14,0,77.29,0.9511,223.306,223.0112132,0
[13*]NC(=O)c1nccnc1C(=O)O,TRUE,2,4,1,1,0,0,0,2,1,1,7,12,0,92.18,-0.6311,166.116,166.025266,0
C1SC(=O)N[C@@H]1[7*],TRUE,1,2,1,0,0,0,0,0,1,0,4,6,0.666666667,29.1,0.3182,102.138,102.0013597,1
[C@H]12O[C@]([12*])(O)C[C@@H](C1)OC(=O)/C=C(C)\CC/C=C/C=C\[C@@H](C)CC2,TRUE,1,4,2,0,0,0,0,0,2,0,5,23,0.631578947,55.76,3.5414,319.421,319.1909343,4
O=[P@]([6*])(O)N,TRUE,2,1,0,0,0,0,0,0,0,0,5,4,0,63.32,-0.4052,80.003,79.99013997,1
[4*][C@@H]1CCCc(c12)cccc2,TRUE,0,0,1,1,0,0,0,0,2,1,1,10,0.4,0,2.6133,131.198,131.0860754,1
[14*]OC(=O)/C=C/C=C/C=C/C=C/C(=O)O,TRUE,1,3,1,0,0,0,0,5,0,0,5,14,0,63.6,1.3033,193.178,193.0500838,0
C1O[C@H]1[13*],TRUE,0,1,0,0,0,0,0,0,1,0,2,3,1,12.53,-0.108,43.045,43.01838972,1
[4*]c1[nH]nc(c1)NC(=O)c2ccccc2,TRUE,2,2,1,2,0,0,0,2,2,2,5,14,0,57.78,0.8366,186.194,186.0667369,0
[17*]c1cc(F)c(F)cc1,TRUE,0,0,1,1,0,0,2,0,1,1,3,8,0,0,1.1394,113.086,113.0202815,0
[6*]NC(=O)NO,TRUE,3,2,1,0,0,0,0,0,0,0,5,5,0,61.36,-0.8609,75.047,75.01945234,0
[15*][C@H]1O[C@H](O)[C@H](N)[C@@H](O)[C@@H]1O,TRUE,4,5,0,0,0,0,0,0,1,0,6,10,1,95.94,-2.7405,148.138,148.0609828,5
[16*]Oc1c([N+]([O-])=O)cc([N+]([O-])=O)cc1,TRUE,0,5,1,1,4,0,0,3,1,1,8,13,0,95.51,1.3461,183.099,183.0041962,0
[20*][C@H]1CC[C@H]([C@@]12C)[C@H]3[C@H](C[C@@H]2O)[C@]4(C)[C@H](C[C@H]3O)C[C@H](O)CC4,TRUE,3,3,0,0,0,0,0,0,4,0,4,22,1,60.69,2.6694,307.454,307.2273199,10
[6*]Oc1c(OC)ccc(c1)\C(C)=N\OC(=O)N,TRUE,1,5,1,1,0,0,0,4,1,1,7,16,0.2,83.14,1.3576,223.208,223.0718818,0
[NH3+][C@@H]([C@@H]1[4*])C1,TRUE,1,0,0,0,1,1,0,0,1,0,2,4,1,27.64,-0.6616,57.096,57.05730064,2
O[C@H]1[C@@H](O)O[C@H]([10*])C[C@@H]1O,TRUE,3,4,0,0,0,0,0,0,1,0,5,9,1,69.92,-1.6777,133.123,133.0500838,4
C1=C[C@H](O)C[C@@H]([C@]123)Oc4c3c(C=[N+](C[23*])CC2)ccc4OC,TRUE,1,3,1,1,1,1,0,2,4,1,5,21,0.470588235,41.7,1.3567,285.343,285.1359449,3
N[C@H]1[C@H](O)O[C@H]([11*])[C@H](O)[C@@H]1O,TRUE,4,5,0,0,0,0,0,0,1,0,6,10,1,95.94,-2.7405,148.138,148.0609828,5
c1ccc(C(=O)O)c(c12)Oc3c(cccc3C(=O)O)N2c4cc([29*])ccc4,TRUE,2,4,1,3,0,0,0,3,4,3,7,26,0,87.07,3.8331,346.318,346.0715475,0
CC1(C)CCC(=O)C(C)=C1/C=C/C(C)=C/C=C/C(C)=C/[21*],TRUE,0,1,1,0,0,0,0,4,1,0,2,20,0.421052632,17.07,5.2038,269.408,269.1905404,0
[10*][C@H]1O[C@H](O)[C@H](N)C[C@@H]1O,TRUE,3,4,0,0,0,0,0,0,1,0,5,9,1,75.71,-1.7113,132.139,132.0660682,4
[H]/N=C(\N)c(cc1)cc(c12)ccc(c2)C(=O)Nc(c3)ccc(c34)CCN[C@H]4[6*],TRUE,4,3,1,2,0,0,0,3,4,3,6,26,0.142857143,91,3.06977,343.41,343.1558862,1
[7*]NC(=O)c1c(O)c(O)ccc1,TRUE,3,3,1,1,0,0,0,1,1,1,5,11,0,69.56,0.2919,152.129,152.0347681,0
O[C@@H]1[C@H](O)[C@@H]([26*])O[C@H]1[n+]2cn(C)c(c23)c(=O)nc([nH]3)N,TRUE,4,7,1,1,1,1,0,1,3,2,10,19,0.5,130.27,-2.7427,267.245,267.0962053,4
O/N=C(N)\N1CCC([21*])CC1,TRUE,2,2,1,0,0,0,0,0,1,0,5,10,0.833333333,61.85,0.1239,142.182,142.098037,0
[15*]OC(=O)c(c1)c(=O)oc(c12)cc(O)cc2,TRUE,1,5,1,1,0,0,0,1,2,2,6,15,0,76.74,1.1197,205.145,205.0136983,0
OC(=O)c(cc1)c(Cl)cc1Nc(nc(n2)N[10*])c(c23)ncn3C(C)C,TRUE,3,7,1,2,0,0,1,5,3,3,10,24,0.2,104.96,3.3786,345.77,345.0866764,0
[13*][C@@H]1[C@@H](O)[C@H](O)[C@H](O)[C@H](N12)NC(=O)C2=O,TRUE,4,5,1,0,0,0,0,0,2,0,8,14,0.714285714,110.1,-3.7574,201.158,201.0511464,5
[6*]SS,TRUE,1,2,0,0,0,0,0,0,0,0,3,2,0,0,1.0287,65.142,64.95196703,0
[12*][N+]#N,TRUE,0,1,0,0,1,1,0,0,0,0,3,2,0,28.15,0.30378,28.014,28.00559942,0
[2*]OC=O,TRUE,0,2,1,0,0,0,0,1,0,0,3,3,0,26.3,-0.3763,45.017,44.99765427,0
O[C@@H]1[C@H](O)[C@@H]([17*])O[C@@H]1n2cnc(c23)nc(N)nc3,TRUE,3,8,1,1,0,0,0,1,3,2,9,17,0.444444444,119.31,-1.4655,236.211,236.0783642,4
FC(=C1)[C@@H](O)[C@H](O)C[C@@]1([12*])O,TRUE,3,3,0,0,0,0,1,0,1,0,5,10,0.666666667,60.69,-0.7968,147.125,147.0457473,3
C1C[C@H](O)CC(=CC2)[C@@]1(C)[C@@H](CC3)[C@@H]2[C@@H]([C@]34C)CC[C@@H]4[20*],TRUE,1,1,0,0,0,0,0,0,4,0,2,20,0.894736842,20.23,4.6479,273.44,273.2218405,7
[6*]OC(C([O-])=O)=C,TRUE,0,3,1,0,1,-1,0,2,0,0,4,6,0,49.36,-1.2691,86.046,86.0009425,0
[*][C@@H]1[C@@H](O)C(C([O-])=O)=CC=C1,TRUE,1,3,1,0,1,-1,0,1,1,0,4,10,0.285714286,60.36,-1.0688,138.122,138.0322426,2
C1=C[C@@H](O)[C@H](O)C[C@@]1([11*])O,TRUE,3,3,0,0,0,0,0,0,1,0,4,9,0.666666667,60.69,-1.094,129.135,129.0551691,3
[15*]Oc1cc(C(=O)N)cc([N+]([O-])=O)c1,TRUE,1,4,1,1,2,0,0,3,1,1,7,13,0,95.46,0.5368,181.127,181.0249316,0
[14*]c1cc(OC)c(O)cc1,TRUE,1,2,1,1,0,0,0,1,1,1,3,9,0.142857143,29.46,0.5754,123.131,123.0446045,0
c1[nH+]c(N)nc(N)c1[20*],TRUE,2,3,1,1,1,1,0,0,1,1,5,8,0,79.07,-1.7653,110.12,110.0586976,0
O[C@@H](C1)C[C@@H]([15*])N1C(=O)C,TRUE,1,2,1,0,0,0,0,0,1,0,4,9,0.833333333,40.54,-0.5251,128.151,128.0711536,2
O=C([17*])c(s1)nc(c12)cccc2,TRUE,0,3,1,1,0,0,0,1,2,2,4,11,0,29.96,1.9858,162.193,162.0013597,0
c1nc(C)cc(N)c1[15*],TRUE,1,2,1,1,0,0,0,0,1,1,3,8,0.166666667,38.91,0.14682,107.136,107.0609232,0
[9*][C@H]1SC=C(C(=O)O)NC=C1C=O,TRUE,2,4,1,0,0,0,0,2,1,0,6,12,0.142857143,66.4,0.207,184.196,184.0068391,1
Cn1nnc([8*])c1,TRUE,0,3,1,1,0,0,0,0,1,1,4,6,0.333333333,30.71,-1.0103,82.086,82.04052213,0
Ic(c1)c(=O)[nH]c(=O)n1C[9*],TRUE,1,3,1,1,0,0,1,1,1,1,6,10,0.2,54.86,-0.352,251.003,250.9317504,0
O[C@@H]1[C@@H]([14*])O[C@@H]([C@@H]1O)n2cnc(c23)cc(C)cc3,TRUE,2,5,1,1,0,0,0,1,3,2,6,17,0.416666667,67.51,0.47072,233.247,233.0926173,4
[18*]OC1=NS(=O)(=O)c(c12)cccc2,TRUE,0,3,1,1,0,0,0,0,2,1,6,12,0,55.73,0.6164,182.18,181.991189,0
C1CO[C@@H]([18*])c(c12)sc(c2C(=O)O)NC(=O)C(=O)O,TRUE,3,5,1,1,0,0,0,2,2,1,9,18,0.3,112.93,0.59,270.242,270.007233,1
O=C([14*])Nc1c(NC(=O)C)ccc(c1)C(=O)O,TRUE,3,3,1,1,0,0,0,3,1,1,7,16,0.1,95.5,1.4244,221.192,221.0562318,0
n1c([11*])sc(c12)c(F)cc(F)c2F,TRUE,0,2,1,1,0,0,3,0,2,2,6,12,0,12.89,1.8882,188.153,187.9781797,0
O1[P@@](=O)(O)O[C@@H]([C@@H]12)[C@@H]([25*])O[C@H]2n3cnc(c34)c(=O)nc([nH]4)N,TRUE,3,9,1,1,0,0,0,1,4,2,13,21,0.444444444,154.58,-1.0096,314.174,314.0290446,5
[7*]NC(=O)c1cccc(c12)c(N)c3c(n2)cccc3,TRUE,2,3,1,1,0,0,0,1,3,3,5,18,0,68.01,2.1643,236.254,236.0823869,0
C1SC[NH2+][C@@H]1[7*],TRUE,1,1,0,0,1,1,0,0,1,0,3,5,1,16.61,-0.8705,89.163,89.02937164,1
[7*][C@@H]1NCCC1,TRUE,1,1,0,0,0,0,0,0,1,0,2,5,1,12.03,0.2452,70.115,70.06567426,1
[3*]OC(=O)NC,TRUE,1,2,1,0,0,0,0,0,0,0,4,5,0.5,38.33,-0.1933,74.059,74.02420337,0
Fc(c1)c(F)c(F)cc1[9*],TRUE,0,0,1,1,0,0,3,0,1,1,4,9,0,0,1.2785,131.076,131.0108597,0
[11*][C@@H]1[C@@H](O)[C@H](O)[C@@H](O)c(n12)nc(c2)-c3ccccc3,TRUE,3,5,1,2,0,0,0,1,3,2,6,18,0.307692308,78.51,0.3668,245.258,245.0926173,4
CN(C)c1cccc(c12)c([*])ccc2,TRUE,0,1,1,1,0,0,0,1,2,2,2,13,0.166666667,3.24,2.0804,170.235,170.0969744,0
O=[S@@]1C[C@@H]([5*])CC1,TRUE,0,1,0,0,0,0,0,0,1,0,3,6,1,17.07,0.4766,103.166,103.0217608,2
O=S(=O)[18*],TRUE,1,2,0,0,0,0,0,0,0,0,4,3,0,34.14,-0.9379,65.073,64.96972527,0
O=C(N)\C=C\C([18*])=C(C(=O)O)\Nc1c(C=O)cc(n12)cccc2,TRUE,3,5,1,1,0,0,0,6,2,2,8,22,0,113.9,1.0507,298.278,298.0827809,0
Fc(c1)ccc(O)c1C(=O)N[5*],TRUE,2,2,1,1,0,0,1,1,1,1,5,11,0,49.33,0.7254,154.12,154.0304316,0
c1ccccc1C(c2ccccc2)=C\C=N\c3c([12*])nnc(c34)cccc4,TRUE,0,3,1,3,0,0,0,4,4,4,4,26,0,38.14,4.6386,334.402,334.1344225,0
[8*]C1=N/C(=N\[H])C(C=N1)=C,TRUE,1,2,1,0,0,0,0,0,1,0,4,8,0,48.57,0.50957,106.108,106.0405221,0
O[C@H]1[C@@H](O)[C@@H](O[C@@H]1[17*])n2c(O)cc(=O)[nH]c2=O,TRUE,4,7,1,1,0,0,0,1,2,1,9,16,0.5,124.78,-2.6318,229.168,229.046061,4
OC(=O)C([8*])=C,TRUE,1,1,1,0,0,0,0,1,0,0,3,5,0,37.3,0.134,71.055,71.01330434,0
O1S(=O)(=O)O[C@H](CO2)[C@@H]1[C@@H]([C@@]23[19*])OC(O3)(C)C,TRUE,0,7,0,0,0,0,0,0,3,0,9,16,1,80.29,-0.6,251.236,251.0225487,4
S\C=C\[3*],TRUE,1,1,0,0,0,0,0,0,0,0,2,3,0,0,0.9367,59.113,58.9955461,0
C1CC(=O)N[C@H]1[11*],TRUE,1,1,1,0,0,0,0,0,1,0,3,6,0.75,29.1,-0.2282,84.098,84.04493881,1
O[C@@H]1[C@H](O)[C@@H]([17*])O[C@@H]1n2cnc(c23)[nH]c(=O)nc3,TRUE,3,7,1,1,0,0,0,1,3,2,9,17,0.444444444,113.26,-1.7544,237.195,237.0623798,4
C[C@@H]1C(=O)C[C@@H]([8*])C1(C)C,TRUE,0,1,0,0,0,0,0,0,1,0,2,9,0.875,17.07,1.9593,125.191,125.09664,2
[*]O/C=C/N,TRUE,1,2,1,0,0,0,0,1,0,0,3,4,0,35.25,-0.1028,58.06,58.02928875,0
N1[C@H]([8*])CNc(c12)nc(N)nc2N,TRUE,4,6,1,1,0,0,0,0,2,1,7,12,0.333333333,101.88,-0.6462,165.18,165.0888693,1
Cc1nc(C)sc1-c2nc(ncc2)Nc3ccc([21*])cc3,TRUE,1,5,1,3,0,0,0,3,3,3,6,20,0.133333333,50.7,3.13514,281.364,281.0860924,0
ONC(=O)c(cc1)ccc1N([*])C,TRUE,2,3,1,1,0,0,0,2,1,1,5,12,0.125,52.57,0.7061,165.172,165.0664025,0
[*]c1sc(cc1)-c2ncccc2,TRUE,0,2,1,2,0,0,0,1,2,2,3,11,0,12.89,1.9847,160.221,160.0220952,0
c1cc(O[18*])c(OC)cc1-c2n[nH]c(=O)cc2,TRUE,1,4,1,2,0,0,0,3,2,2,6,16,0.090909091,64.21,1.2886,217.204,217.0613171,0
O[C@@H](C1)[C@@H]([12*])[C@H](C2)[C@@]12n3cc(C)c(=O)[nH]c3=O,TRUE,2,4,1,1,0,0,0,1,3,1,6,16,0.636363636,75.09,-0.33738,221.236,221.0926173,4
C[C@@]12[C@@H](O1)C[C@H]([8*])CC2,TRUE,0,1,0,0,0,0,0,0,2,0,2,8,1,12.53,1.6656,111.164,111.08099,3
c1ccccc1Oc(c([*])cc(c2)C(=O)O)c2N3CCCC3,TRUE,1,3,1,2,0,0,0,4,3,2,5,21,0.235294118,49.77,2.9519,282.319,282.1130184,0
[6*]c1c(O)cc(O)c(N)c1,TRUE,3,3,1,1,0,0,0,0,1,1,4,9,0,66.48,-0.1454,124.119,124.0398534,0
O=C([12*])N(C1)CCSc(c12)ccc(c2)OC,TRUE,0,3,2,1,0,0,0,1,2,1,5,15,0.363636364,29.54,2.2722,222.289,222.0588746,0
O[C@@H]1[C@H](O)[C@@H]([12*])O[C@H]1n2ccc(c23)c(N)ncn3,TRUE,3,7,1,1,0,0,0,1,3,2,8,17,0.4,106.42,-0.8605,235.223,235.0831152,4
O[C@H]1[C@@H](O)[C@@H](O[C@@H]1[12*])n2cnc(c23)c(C)ncn3,TRUE,2,7,1,1,0,0,0,1,3,2,8,17,0.5,93.29,-0.73928,235.223,235.0831152,4
[9*][C@@H]1N=C(SC1)C(\N)=C\C,TRUE,1,3,1,0,0,0,0,1,1,0,4,9,0.5,38.38,0.8696,141.219,141.0486443,1
O[C@H]1[C@H](O)O[C@@H]([12*])[C@@H](O)[C@@H]1O,TRUE,4,5,0,0,0,0,0,0,1,0,6,10,1,90.15,-2.7069,149.122,149.0449984,5
Fc(n1)nc(N)c(c12)ncn2[C@@H]3O[C@H]([13*])[C@@H](O)C3,TRUE,2,7,1,1,0,0,1,1,3,2,9,17,0.444444444,99.08,-0.2972,238.202,238.0740277,3
BrC(=C1)N=C([C@@H]12)C(=O)NCC[C@@H]2[13*],TRUE,1,2,1,0,0,0,1,0,2,0,5,12,0.5,41.46,1.1512,228.069,226.982,2
O=C1N=C(N)N=C1[8*],TRUE,1,3,1,0,0,0,0,0,1,0,5,7,0,67.81,-1.2109,96.069,96.01978668,0
ON([6*])C(=O)O,TRUE,2,2,1,0,0,0,0,0,0,0,5,5,0,60.77,-0.1801,76.031,76.00346792,0
[*]S[S-],TRUE,0,2,0,0,1,-1,0,0,0,0,3,2,0,0,0.6458,64.134,63.94469058,0
O[C@@H]1[C@H](O)[C@@H]([18*])O[C@H]1n2c(C(=O)O)cc(=O)[nH]c2=O,TRUE,4,7,1,1,0,0,0,2,2,1,10,18,0.444444444,141.85,-2.6392,257.178,257.0409756,4
n1ccc(n12)nc(Cl)cc2Nc(cc3)ccc3[1*],TRUE,1,4,1,2,0,0,1,2,3,3,6,17,0,42.22,2.3009,243.677,243.0437489,0
O=C1NC(S)=N[C@@]12O[C@H]([15*])[C@@H](O)[C@H](O)[C@H]2O,TRUE,5,6,1,0,0,0,0,0,2,0,9,15,0.714285714,111.38,-2.9134,233.225,233.0232174,5
Fc(c1)c(=O)[nH]c(=O)n1C[9*],TRUE,1,3,1,1,0,0,1,1,1,1,6,10,0.2,54.86,-0.8175,143.097,143.0256806,0
[3*]N1C(=O)C=CC1=O,TRUE,0,2,1,0,0,0,0,0,1,0,4,7,0,37.38,-0.6243,96.065,96.0085533,0
[3*]c1scnc1C,TRUE,0,2,1,1,0,0,0,0,1,1,3,6,0.25,12.89,0.62612,98.15,98.00644513,0
[1*]c1c(N)cccc1,TRUE,1,1,1,1,0,0,0,0,1,1,2,7,0,26.02,0.4434,92.121,92.05002419,0
SP(=O)([5*])S,TRUE,2,1,0,0,0,0,0,0,0,0,5,4,0,17.07,1.5034,113.123,112.9284683,0
COc(c1)c(OC)cc(c12)ncnc2Nc3cc([*])ccc3,TRUE,1,5,1,2,0,0,0,4,3,3,6,21,0.125,56.27,2.5652,280.307,280.1086017,0
[8*]Cn1oc(=O)[nH]c1=O,TRUE,1,4,1,1,0,0,0,1,1,1,6,8,0.333333333,68,-1.3636,115.068,115.014367,0
O=C([15*])N1CCCCC1,TRUE,0,1,1,0,0,0,0,0,1,0,3,8,0.833333333,20.31,1.1416,112.152,112.0762389,0
C[C@@]12[C@@H](O1)C[C@@H]([20*])OC(=O)C[C@H](O)C(C)(C)C(=O)[C@H](C)[C@@H](O)[C@@H](C)CCC2,TRUE,2,6,1,0,0,0,0,0,2,0,7,26,0.9,96.36,2.1159,369.478,369.2277138,7
O[C@@H]1[C@H](O)[C@@H]([14*])O[C@H]1[n+]2c[nH]c(c23)[C@H](O)N=CN3,TRUE,5,6,1,1,1,1,0,1,3,1,9,17,0.555555556,113.98,-2.1271,240.219,240.0853063,5
[30*]c1cc(C(=O)N)cnc1,TRUE,1,2,1,1,0,0,0,1,1,1,4,9,0,55.98,-0.6449,121.119,121.0401878,0
c1ccsc1-c(nc2)cn2C[4*],TRUE,0,3,1,2,0,0,0,2,2,2,4,11,0.125,17.82,2.1184,163.225,163.0329942,0
O=S([O-])[5*],TRUE,0,2,0,0,1,-1,0,0,0,0,4,3,0,40.13,-0.6702,64.065,63.96244882,1
Oc1c([17*])ccc(c12)C(=O)c3c(C2=O)c(O)ccc3,TRUE,2,4,1,2,0,0,0,0,3,2,5,18,0,74.6,1.0478,239.206,239.0344337,0
[22*]c1n[nH]nn1,TRUE,1,3,1,1,0,0,0,0,1,1,5,5,0,54.46,-1.6257,69.047,69.02012103,0
[8*]c1c(F)ccc(F)c1,TRUE,0,0,1,1,0,0,2,0,1,1,3,8,0,0,1.1394,113.086,113.0202815,0
[7*]c1[nH]c(=O)[nH]c(=O)c1,TRUE,2,2,1,1,0,0,0,0,1,1,5,8,0,65.72,-1.7622,111.08,111.0194523,0
[6*]Oc1ccc(cc1)C(=O)O,TRUE,1,2,1,1,0,0,0,2,1,1,4,10,0,46.53,1.2279,137.114,137.023869,0
c1cnc(n1C)C(=O)c(c2C)oc(c23)cccc3O[13*],TRUE,0,5,1,2,0,0,0,3,3,3,6,19,0.142857143,57.26,2.54882,255.253,255.0769672,0
[11*]C1=C(O)C(=O)NC1=O,TRUE,2,3,1,0,0,0,0,0,1,0,5,8,0,66.4,-1.0383,112.064,112.0034679,0
O[C@@H]1[C@H](O)[C@@H]([11*])O[C@H]1n2cccnc2=O,TRUE,2,6,1,1,0,0,0,1,2,1,7,14,0.5,84.58,-1.6307,197.17,197.0562318,4
c1cc(F)ccc1C(=CC2)CCN2[6*],TRUE,0,1,1,1,0,0,1,1,2,1,3,13,0.272727273,3.24,2.3791,176.214,176.0875526,0
[nH]1c([12*])nc(=O)c(c12)cccc2C,TRUE,1,2,1,1,0,0,0,0,2,2,4,12,0.111111111,45.75,0.40612,159.168,159.0558378,0
CNC(=O)c(cc1[17*])ccc1,TRUE,1,1,1,1,0,0,0,1,1,1,3,10,0.125,29.1,0.2208,134.158,134.0605889,0
O=c1c(=O)c(N)c1N[8*],TRUE,2,4,1,1,0,0,0,1,1,1,5,8,0,72.19,-1.259,111.08,111.0194523,0
O[C@@H]1[C@@H]([14*])O[C@@H]([C@@H]1O)n2cnc(c23)cccc3,TRUE,2,5,1,1,0,0,0,1,3,2,6,16,0.363636364,67.51,0.1623,219.22,219.0769672,4
Cc1cc(OC)c(C)c(c1[*])C,TRUE,0,1,1,1,0,0,0,1,1,1,2,11,0.4,9.23,1.79506,149.213,149.09664,0
c1cc([27*])ccc1NC(=O)c(cc(c23)ccc(c3)C(\N)=N\[H])cc2Nc4ncccn4,TRUE,4,5,1,3,0,0,0,5,4,4,8,29,0,116.78,3.08437,381.419,381.1463842,0
[OH2+]C[4*],TRUE,0,0,0,0,1,1,0,0,0,0,2,2,1,22.9,-0.7822,32.042,32.02566617,0
O=C([13*])NNc1ccc(C)cc1,TRUE,2,2,2,1,0,0,0,2,1,1,4,11,0.125,41.13,1.58082,149.173,149.0714879,0
[2*]c1sccn1,TRUE,0,2,1,1,0,0,0,0,1,1,3,5,0,12.89,0.3177,84.123,83.99079506,0
C1CC(=O)N[C@@H]1[8*],TRUE,1,1,1,0,0,0,0,0,1,0,3,6,0.75,29.1,-0.2282,84.098,84.04493881,1
O[C@@H]1[C@@H](O)[C@@H](O)C=C([11*])[C@H]1O,TRUE,4,4,0,0,0,0,0,0,1,0,5,10,0.666666667,80.92,-2.1232,145.134,145.0500838,4
Nc1nc(F)nc(c12)nc([8*])[nH]2,TRUE,2,4,1,1,0,0,1,0,2,2,7,11,0,80.48,-0.7512,152.112,152.0372483,0
c1o[nH]c(=O)c1N[12*],TRUE,2,3,1,1,0,0,0,1,1,1,5,7,0,58.03,-0.1559,99.069,99.01945234,0
c1cc(I)cc(F)c1Nc2c(C(=O)N[5*])cc(Br)c(F)c2F,TRUE,2,2,1,2,0,0,5,3,2,2,9,21,0,41.13,4.4087,470.006,468.8660326,0
c1cc(O)c(cc1[*])C(=O)O,TRUE,2,2,1,1,0,0,0,1,1,1,4,10,0,57.53,0.265,137.114,137.023869,0
[7*]C1=C[NH2+]C(N)=N/C1=N\[H],TRUE,3,2,1,0,1,1,0,0,1,0,5,8,0,78.84,-1.75393,110.12,110.0586976,0
[18*]OC(=O)c1c(NC)cccc1,TRUE,1,3,1,1,0,0,0,2,1,1,4,11,0.125,38.33,1.3494,150.157,150.0555035,0
[nH+]1c([1*])sc(c12)cccc2,TRUE,0,1,1,1,1,1,0,0,2,2,3,9,0,14.14,0.89,135.191,135.0137216,0
[nH]1c([10*])nc(c12)ccc(c2)C,TRUE,1,1,1,1,0,0,0,0,2,2,3,10,0.125,28.68,1.04592,131.158,131.0609232,0
O[C@H]1[C@H](O)O[C@@H]([9*])[C@@H]1O,TRUE,3,4,0,0,0,0,0,0,1,0,5,8,1,69.92,-2.0678,119.096,119.0344337,4
C1C[C@@H]([14*])O[C@H]1n2cc(C)c(=O)[nH]c2=O,TRUE,1,4,1,1,0,0,0,1,2,1,6,14,0.555555556,64.09,0.02942,195.198,195.0769672,2
[5*]Oc1c(O)c(ccc1)-c(c2)[nH]c(c23)ccc(c3)C(\N)=N\[H],TRUE,4,3,1,2,0,0,0,3,3,3,6,20,0,95.12,2.66767,266.28,266.0929516,0
Oc1ccc(cc1[7*])Oc2c(C)cc(cc2C)-n3ncc(=O)[nH]c3=O,TRUE,2,6,1,3,0,0,0,3,3,3,8,24,0.117647059,97.21,1.21014,324.316,324.0984309,0
[17*]OC(=O)c(c1C)c(C)nn1-c2ccc(N)cc2,TRUE,1,5,1,2,0,0,0,2,2,2,6,17,0.166666667,70.14,1.69244,230.247,230.0929516,0
N[C@@H](C1)N[C@@H]([9*])[C@@H]1C,TRUE,2,2,0,0,0,0,0,0,1,0,3,7,1,38.05,-0.224,99.157,99.09222335,3
[9*]N1C(=O)NC=CC=C1,TRUE,1,1,1,0,0,0,0,0,1,0,4,8,0,32.34,0.5033,109.108,109.0401878,0
O[C@@H]1[C@@H]([4*])O[C@@H](C)[C@@H](O)[C@H]1O,TRUE,3,4,0,0,0,0,0,0,1,0,5,10,1,69.92,-1.6368,147.15,147.0657338,5
F[C@@H](C1)[C@@H]([15*])O[C@H]1n2cc(C)c(=O)[nH]c2=O,TRUE,1,4,1,1,0,0,1,1,2,1,7,15,0.555555556,64.09,-0.02258,213.188,213.0675454,3
O[C@@H]1[C@H](O)[C@@H]([16*])O[C@@H]1n2cnc(c23)ncnc3,TRUE,2,7,1,1,0,0,0,1,3,2,8,16,0.444444444,93.29,-1.0477,221.196,221.0674651,4
O[C@@H]1[C@@H]([10*])NC[C@H](O)[C@H]1O,TRUE,4,4,0,0,0,0,0,0,1,0,5,9,1,72.72,-2.4523,132.139,132.0660682,4
O=CC([6*])=C,TRUE,0,1,1,0,0,0,0,1,0,0,2,4,0,17.07,0.2483,55.056,55.01838972,0
[13*]NC(=O)NC(=O)C,TRUE,2,2,1,0,0,0,0,0,0,0,5,7,0.333333333,58.2,-0.7036,101.085,101.0351024,0
O[C@@H]1[C@@H](O)[C@@H](O[C@H]1[15*])[n+]2cc(C(=O)N)ccc2,TRUE,3,4,1,1,1,1,0,2,2,1,7,16,0.4,96.66,-1.801,224.216,224.0791583,4
c1ccc(C(=O)N[12*])cc1-n([nH]2)nc(c23)c(=O)nc(n3)N,TRUE,3,7,1,2,0,0,0,2,3,1,10,20,0,131.58,-0.7683,270.232,270.0739475,0
N[C@@H]1[C@@H]([15*])O[C@H](C1)n2cc(C)c(=O)[nH]c2=O,TRUE,2,5,1,1,0,0,0,1,2,1,7,15,0.555555556,90.11,-1.03338,210.213,210.0878662,3
c1cc(Br)ccc1C(=O)c(cc2)ccc2-c(cc3)ccc3[3*],TRUE,0,1,1,3,0,0,1,3,3,3,3,21,0,17.07,4.5217,336.208,335.0071521,0
O=C([9*])C([O-])=O,TRUE,0,3,1,0,1,-1,0,1,0,0,4,5,0,57.2,-2.1878,72.019,71.98529244,0
[12*]c1ccc(cc1)Oc2cc([N+]([O-])=O)c(O)c([N+]([O-])=O)c2,TRUE,1,6,1,2,4,0,0,4,2,2,9,20,0,115.74,2.1755,275.196,275.0304109,0
C1CCc(c12)c(=O)[nH]c(=O)n2C[15*],TRUE,1,3,1,1,0,0,0,1,2,1,5,12,0.5,54.86,-0.4679,165.172,165.0664025,0
[11*]Oc1ccc(N)cc1,TRUE,1,2,1,1,0,0,0,1,1,1,3,8,0,35.25,1.1119,108.12,108.0449388,0
n1c([11*])sc(c12)ccc(c2)C,TRUE,0,2,1,1,0,0,0,0,2,2,3,10,0.125,12.89,1.77932,148.21,148.0220952,0
O=c1nc(N)[nH]c(c12)NC[C@@H]([16*])N2C=O,TRUE,3,5,1,1,0,0,0,1,2,1,8,14,0.285714286,104.11,-1.3842,194.174,194.0677995,1
OC(=O)c(cc1)c(C=O)cc1[19*],TRUE,1,2,1,1,0,0,0,2,1,1,4,11,0,54.37,0.3719,149.125,149.023869,0
[*]c1c(F)cccc1F,TRUE,0,0,1,1,0,0,2,0,1,1,3,8,0,0,1.1394,113.086,113.0202815,0
Cn1nc(c(Br)c1[15*])-c2cc(C(=O)O)c(Cl)cc2F,TRUE,1,3,1,2,0,0,3,2,2,2,8,18,0.090909091,55.12,2.5149,332.536,330.9285204,0
O[C@@H]1C(=O)[C@@H]([13*])O[C@H]1n2cnc(c23)c(N)ncn3,TRUE,2,8,1,1,0,0,0,1,3,2,9,17,0.333333333,116.15,-1.2573,234.195,234.0627141,3
[11*][C@H]1O[C@H](O)[C@H](O)[C@@H](O)[C@@H]1N,TRUE,4,5,0,0,0,0,0,0,1,0,6,10,1,95.94,-2.7405,148.138,148.0609828,5
Cn1sc(=O)c(c12)cc([*])cc2,TRUE,0,3,1,1,0,0,0,0,2,2,4,11,0.125,22,0.7746,164.209,164.0170098,0
SC1=C(S)[C@@H]([37*])O[C@H]([C@H]12)Nc3c(N2)c(=O)nc([nH]3)N,TRUE,6,8,1,1,0,0,0,0,3,1,10,18,0.333333333,105.06,-0.139,284.346,284.0275916,3
[4*]c1c(O)c(C)ccc1,TRUE,1,1,1,1,0,0,0,0,1,1,2,8,0.142857143,20.23,0.87522,107.132,107.0496898,0
[*]Oc1c(OC)cccc1C=O,TRUE,0,3,1,1,0,0,0,3,1,1,4,11,0.125,35.53,1.3508,151.141,151.0395191,0
[*]c1ccc(cc1)Nc2ncnc(N)c2,TRUE,2,4,1,2,0,0,0,2,2,2,5,14,0,63.83,0.977,185.21,185.0827213,0
[3*]Nc1sccn1,TRUE,1,3,1,1,0,0,0,1,1,1,4,6,0,24.92,1.0193,99.138,99.0016941,0
O=c1[nH]c(=O)c(/C=C/Br)cn1[C@H](O[C@@H]2[12*])C[C@@H]2O,TRUE,2,5,1,1,0,0,1,2,2,1,8,17,0.4,84.32,0.0574,302.104,300.9823939,3
Fc(c1)ccc(c12)[nH]cc2[6*],TRUE,1,0,1,1,0,0,1,0,2,2,3,10,0,15.79,1.4816,134.133,134.0406024,0
[OH2+]C(=O)[4*],TRUE,0,1,1,0,1,1,0,0,0,0,3,3,0,39.97,-0.6197,46.025,46.00493072,0
c1cc(I)ccc1N([21*])O,TRUE,1,2,1,1,0,0,1,1,1,1,4,9,0,23.47,1.9511,234.016,233.9415868,0
[12*]NC(=O)c1cc(OC)cc(c1)OC,TRUE,1,3,1,1,0,0,0,3,1,1,5,13,0.222222222,47.56,0.8979,180.183,180.0660682,0
O=C([17*])c1cc([N+]([O-])=O)c(O)c(O)c1,TRUE,2,5,1,1,2,0,0,2,1,1,7,13,0,100.67,0.6955,182.111,182.0089472,0
OC(=O)c(c1)ccc(c1N[10*])NC(=O)C,TRUE,3,3,1,1,0,0,0,3,1,1,6,14,0.111111111,78.43,1.2194,193.182,193.0613171,0
OC([O-])=C[5*],TRUE,1,2,1,0,1,-1,0,0,0,0,3,4,0,43.29,-0.7471,58.036,58.00602788,0
n1cnc(N)c(c12)nc(Br)n2[C@@H]3O[C@H]([18*])[C@@H](O)[C@H]3O,TRUE,3,8,1,1,0,0,1,1,3,2,10,18,0.444444444,119.31,-0.703,315.107,313.9888762,4
[9*]Nc1cccc(c12)nccc2,TRUE,1,2,1,1,0,0,0,1,2,2,3,11,0,24.92,2.111,143.169,143.0609232,0
[10*][C@@H]1SC[C@@H]([C@@H]12)NC(=N2)N,TRUE,2,4,1,0,0,0,0,0,2,0,5,9,0.8,50.41,-0.7363,142.207,142.0438933,3
[12*]c1oc(nn1)C,TRUE,0,3,1,1,0,0,0,0,1,1,4,6,0.333333333,38.92,-0.44738,83.07,83.02453772,0
n1c(N)nc(O)c(c12)N(C)CN2[22*],TRUE,2,6,1,1,0,0,0,0,2,1,7,12,0.333333333,78.51,-0.5576,166.164,166.0728849,0
O=C(C)N1[C@H]([8*])CCC1,TRUE,0,1,1,0,0,0,0,0,1,0,3,8,0.833333333,20.31,0.5041,112.152,112.0762389,1
O[C@H]1[C@@H](O)[C@@H](O[C@@H]1[31*])[n+]2cc(C(=O)C)ccc2,TRUE,2,4,1,1,1,1,0,2,2,1,6,16,0.454545455,70.64,-0.6973,223.228,223.0839093,4
[6*]NC(=O)c1scc(c1)-c2ccc(cc2)-c3ccncc3,TRUE,1,3,1,3,0,0,0,3,3,3,5,20,0,41.99,3.6712,279.344,279.059209,0
CC1([7*])C(=O)NC(=O)NC1=O,TRUE,2,3,1,0,0,0,0,0,1,0,6,10,0.4,75.27,-0.9197,141.106,141.030017,0
[6*]c1ccc(cc1)Oc2ccccc2,TRUE,0,1,1,2,0,0,0,2,2,2,2,13,0,9.23,2.6535,169.203,169.0653399,0
O=C([14*])N(CC1)Cc(c12)[nH]c3c2cccc3,TRUE,1,1,2,1,0,0,0,0,3,2,4,15,0.25,36.1,2.1953,199.233,199.087138,0
C1CC(O)CCN1C(=O)[14*],TRUE,1,2,1,0,0,0,0,0,1,0,4,9,0.833333333,40.54,0.1124,128.151,128.0711536,0
Fc(c1)ccc(c12)[nH]c(c2)C(=O)N[12*],TRUE,2,1,1,1,0,0,1,1,2,2,5,13,0,44.89,1.5011,177.158,177.046416,0
ON([5*])C(=O)C(=O)O,TRUE,2,3,1,0,0,0,0,0,0,0,6,7,0,77.84,-1.2469,104.041,103.9983825,0
c1cc(Cl)cc(Cl)c1C(=O)N([7*])c2cc(sc2C(=O)O)-c3ccccc3,TRUE,1,3,1,3,0,0,2,4,3,3,8,25,0,57.61,5.5312,391.255,389.9758445,0
[7*][C@H]1CC[C@@H](O)CNC1=O,TRUE,2,2,1,0,0,0,0,0,1,0,4,9,0.833333333,49.33,-0.4049,128.151,128.0711536,2
[1*][N+]#C,TRUE,0,0,0,0,1,1,0,0,0,0,2,2,0,4.36,0.4134,27.026,27.01035045,0
[NH2+]1[C@H]([11*])C[C@@H]([C@@H]12)CCCC2,TRUE,1,0,0,0,1,1,0,0,2,0,2,9,1,16.61,0.3877,125.215,125.1199009,3
O[C@@H]1[C@@H](O)CN[C@H]1[8*],TRUE,3,3,0,0,0,0,0,0,1,0,4,7,1,52.49,-1.8132,102.113,102.0555035,3
O[C@@H]1[C@@H](N)S[C@H]([11*])[C@@H](O)[C@@H]1O,TRUE,4,5,0,0,0,0,0,0,1,0,6,10,1,86.71,-2.0239,164.206,164.0381392,5
O=c1n(C[5*])[nH]c(=O)c(c12)cccc2,TRUE,1,3,1,1,0,0,0,1,2,2,5,13,0.111111111,54.86,0.1966,175.167,175.0507525,0
IC[3*],TRUE,0,0,0,0,0,0,1,0,0,0,2,2,1,0,0.9282,140.931,140.9201231,0
c1ccsc1C(\N)=N\c(cc2)ccc2[5*],TRUE,1,2,1,2,0,0,0,2,2,2,4,14,0,38.38,1.9597,201.274,201.0486443,0
[8*]c1cc(Cl)ccc1,TRUE,0,0,1,1,0,0,1,0,1,1,2,7,0,0,1.5146,111.551,111.0001528,0
[H]/N=C(N)/N1C[C@@H]([12*])CCC1,TRUE,2,1,1,0,0,0,0,0,1,0,4,9,0.833333333,53.11,0.31347,126.183,126.1031224,1
[18*][C@]12[C@@](O1)(C)C[C@@H](O)CC2(C)C,TRUE,1,2,0,0,0,0,0,0,2,0,3,11,1,32.76,1.2018,155.217,155.1072047,3
CC1(C)CCC(C)(C)c(c12)ccc([17*])c2,TRUE,0,0,1,1,0,0,0,0,2,1,1,14,0.571428571,0,3.2102,187.306,187.1486756,0
OC(=O)c(cc1)cc(c12)ccc([17*])c2,TRUE,1,1,1,1,0,0,0,1,2,2,3,13,0,37.3,1.7126,171.175,171.0446045,0
C1CNCc(c12)cc([*])cc2,TRUE,1,1,1,1,0,0,0,0,2,1,2,10,0.333333333,12.03,0.5069,132.186,132.0813243,0
[H]/N=C(\N)c(cc1)cc(c12)ccc([2*])c2,TRUE,2,1,1,1,0,0,0,1,2,2,3,13,0,49.87,1.29847,169.207,169.0765733,0
O[C@@H]1[C@@H](O)[C@H](O)[C@@H]([15*])O[C@@]12NC(=O)N(C2=O)C,TRUE,4,6,1,0,0,0,0,0,2,0,9,16,0.75,119.33,-3.1474,231.184,231.0617111,5
c1cccc(Cl)c1-c(o2)cc(=O)c(c23)c(O)cc(O)c3[7*],TRUE,2,4,1,2,0,0,1,1,3,3,6,20,0,70.67,2.6992,287.678,287.0111114,0
CN1C[C@@H](O)[C@@H]([12*])CC1,TRUE,1,2,0,0,0,0,0,0,1,0,3,8,1,23.47,0.0206,114.168,114.091889,2
c1ccc([N+]([O-])=O)cc1-c(s2)cc3c2cc(n34)C(=O)N([12*])C4=S,TRUE,0,6,1,2,2,0,0,2,4,3,9,22,0,68.38,3.3311,328.354,327.9850581,0
O[C@H]1[C@@H](O)O[C@H]([12*])[C@H](O)[C@@H]1O,TRUE,4,5,0,0,0,0,0,0,1,0,6,10,1,90.15,-2.7069,149.122,149.0449984,5
[8*]c1c(=O)[nH]c(=O)[nH]c1,TRUE,2,2,1,1,0,0,0,0,1,1,5,8,0,65.72,-1.7622,111.08,111.0194523,0
c1ccc(O[*])c(c12)NCCC2,TRUE,1,2,1,1,0,0,0,1,2,1,3,11,0.333333333,21.26,1.8878,148.185,148.0762389,0
O[C@H]1[C@@H]([13*])O[C@H]([C@@H]1O)n2cnc(c23)c(N)ncn3,TRUE,3,8,1,1,0,0,0,1,3,2,9,17,0.444444444,119.31,-1.4655,236.211,236.0783642,4
[15*][C@H]1SCC(=C)C(=N1)C(=O)O,TRUE,1,3,1,0,0,0,0,1,1,0,5,10,0.333333333,49.66,0.6479,156.186,156.0119244,1
O=C(C)N([17*])C,TRUE,0,1,1,0,0,0,0,0,0,0,3,5,0.666666667,20.31,-0.071,72.087,72.04493881,0
C=NC(O1)=N[C@@H]([C@@H]12)[C@@H](O)[C@H](O)[C@H]2[11*],TRUE,2,5,1,0,0,0,0,0,2,0,6,12,0.714285714,74.41,-1.1164,169.16,169.0613171,5
[14*]Nc1c(C(=O)O)cccc1,TRUE,2,2,1,1,0,0,0,2,1,1,4,10,0,49.33,1.261,136.13,136.0398534,0
O=C1N[C@H](N)N[C@H](N)[C@@H]1[17*],TRUE,4,4,1,0,0,0,0,0,1,0,6,9,0.75,93.17,-2.4293,129.143,129.0776359,3
Clc(c1)cc(Cl)cc1[16*],TRUE,0,0,1,1,0,0,2,0,1,1,3,8,0,0,2.168,145.996,144.9611805,0
c1cccc(c12)N/C([C@]2(O)C)=C/3C(=O)Nc(c34)ccc([*])c4,TRUE,3,3,1,2,0,0,0,0,4,2,5,21,0.117647059,61.36,1.8576,277.303,277.0977027,1
S[C@H]1[C@H](O)[C@@H](O)[C@H](O)O[C@@H]1[11*],TRUE,4,5,0,0,0,0,0,0,1,0,6,10,1,69.92,-1.7694,165.19,165.0221548,5
c1ccccc1N(C(=O)[C@H]([6*])C2=O)N2c3ccc(O)cc3,TRUE,1,3,2,2,0,0,0,2,3,2,6,20,0.066666667,60.85,2.0248,267.264,267.0769672,1
c1c[nH]c(c12)ccc([7*])c2,TRUE,1,0,1,1,0,0,0,0,2,2,2,9,0,15.79,1.3425,116.143,116.0500242,0
O=C1C[C@@H]([6*])Oc(c12)cc(O)cc2,TRUE,1,3,1,1,0,0,0,0,2,1,4,12,0.222222222,46.53,1.2328,163.152,163.0395191,1
O[C@@H]1C[C@@H]([13*])O[C@H]1n2cnc(c23)c(=O)nc([nH]3)N,TRUE,3,7,1,1,0,0,0,1,3,2,9,17,0.444444444,119.05,-1.143,236.211,236.0783642,3
CO/C=C\[4*],TRUE,0,1,1,0,0,0,0,1,0,0,2,4,0.333333333,9.23,0.6533,57.072,57.03403978,0
[19*][C@H]1CC[C@H]([C@@]12C)[C@H]3[C@H](C[C@@H]2O)[C@]4(C)[C@H](CC3)C[C@H](O)CC4,TRUE,2,2,0,0,0,0,0,0,4,0,3,21,1,40.46,3.6986,291.455,291.2324052,9
O=Cc(c([12*])c1)c(O)c([n+]1[O-])C,TRUE,1,3,1,1,2,0,0,1,1,1,5,11,0.142857143,64.24,-0.67888,152.129,152.0347681,0
CNC(=O)N\C(N)=N\C[24*],TRUE,3,2,1,0,0,0,0,1,0,0,6,9,0.5,79.51,-1.2631,129.143,129.0776359,0
[17*]NC(=O)c(c1)oc(c12)cccc2,TRUE,1,2,1,1,0,0,0,1,2,2,4,12,0,42.24,1.6269,160.152,160.0398534,0
c1ccccc1-c(sc2C(=O)O)cc2N([5*])C(=O)c3ccc(C)cc3,TRUE,1,3,1,3,0,0,0,4,3,3,6,24,0.052631579,57.61,4.53282,336.392,336.0694393,0
c1cc(Cl)c[nH+]c1N[11*],TRUE,1,1,1,1,1,1,1,1,1,1,4,8,0,26.17,1.0303,128.562,128.0135773,0
[*]NC(=O)N(C)c1nc(C)nc(n1)OC,TRUE,1,5,1,1,0,0,0,2,1,1,8,14,0.428571429,80.24,-0.20128,196.19,196.0834496,0
COC(=O)c(c1[*])cccc1,TRUE,0,2,1,1,0,0,0,1,1,1,3,10,0.125,26.3,0.6478,135.142,135.0446045,0
[15*]N1C(=O)CC(=O)NC1=O,TRUE,1,3,1,0,0,0,0,0,1,0,6,9,0.25,66.48,-1.0808,127.079,127.014367,0
C1C[C@H](O)C[C@@H](CC2)[C@@]1(C)[C@H]([C@@H]2[C@]34O)C[C@@H](O)[C@]3(C)[C@@H]([24*])CC4,TRUE,3,3,0,0,0,0,0,0,4,0,4,22,1,60.69,2.8135,307.454,307.2273199,9
Fc(c1)c(F)cc(c12)ncnc2N[6*],TRUE,1,3,1,1,0,0,2,1,2,2,6,13,0,37.81,1.7842,180.137,180.0373286,0
[6*]c1c(O)[nH]c(c12)cccc2,TRUE,2,1,1,1,0,0,0,0,2,2,3,10,0,36.02,1.0481,132.142,132.0449388,0
[1*]c1ccc(Cl)c(c12)ccnc2,TRUE,0,1,1,1,0,0,1,0,2,2,3,11,0,12.89,2.0628,162.599,162.0110518,0
C1C[C@H](O)C(C)(C)[C@H](CC2)[C@@]1(C)C(CC3)=C2[C@@](C)([C@]34C)CC[C@@H]4[16*],TRUE,1,1,0,0,0,0,0,0,4,0,2,23,0.909090909,20.23,5.8182,315.521,315.2687907,6
N\C([*])=N\c1ccccc1,TRUE,1,1,1,1,0,0,0,1,1,1,3,9,0,38.38,1.1821,119.147,119.0609232,0
O[C@H]1[C@H]([*])OC[C@@H](O)[C@@H]1O,TRUE,3,4,0,0,0,0,0,0,1,0,5,9,1,69.92,-2.0253,133.123,133.0500838,4
O[C@@H]1C(=O)NCC[C@H]1[*],TRUE,2,2,1,0,0,0,0,0,1,0,4,8,0.8,49.33,-0.795,114.124,114.0555035,2
O[C@H]1[C@@H](O)[C@@H](O[C@@H]1[17*])n2ncc(=O)[nH]c2=O,TRUE,3,7,1,1,0,0,0,1,2,1,9,15,0.571428571,117.44,-2.9424,214.157,214.0463954,4
O[C@H]1[C@H]([14*])O[C@H]([C@@H]1O)n2cnc(c23)c(N)ncn3,TRUE,3,8,1,1,0,0,0,1,3,2,9,17,0.444444444,119.31,-1.4655,236.211,236.0783642,4
O[C@H]1[C@@H]([5*])O[C@@H](C)[C@H](O)[C@H]1O,TRUE,3,4,0,0,0,0,0,0,1,0,5,10,1,69.92,-1.6368,147.15,147.0657338,5
O[C@@H]1[C@H](O)[C@@H]([16*])O[C@H]1n2cnc(c23)cncn3,TRUE,2,7,1,1,0,0,0,1,3,2,8,16,0.444444444,93.29,-1.0477,221.196,221.0674651,4
O[C@@H](C1)[C@@H]([11*])O[C@H]1n2cnc(c23)c(C)ncn3,TRUE,1,6,1,1,0,0,0,1,3,2,7,16,0.5,73.06,0.28992,219.224,219.0882006,3
[23*]c1c(F)ccc(c12)NC(=O)C\2=C/c3[nH]ccc3OC,TRUE,2,2,1,2,0,0,1,2,3,2,6,19,0.071428571,54.12,1.8297,257.244,257.0726308,0
S/C=C\NC(=O)[14*],TRUE,2,2,1,0,0,0,0,1,0,0,4,6,0,29.1,0.6463,102.138,102.0013597,0
O[C@]1([13*])C[C@@H](O)[C@H](O)C(\C1)=N\O,TRUE,4,5,1,0,0,0,0,0,1,0,6,11,0.833333333,93.28,-1.4299,160.149,160.0609828,3
N1=C(C)S[C@H]([C@H]12)O[C@H]([11*])[C@@H](O)[C@@H]2O,TRUE,2,5,0,0,0,0,0,0,2,0,6,12,0.857142857,62.05,-0.5263,188.228,188.0381392,5
c1cc(I)sc1C(=O)c(cc2)ccc2[5*],TRUE,0,2,1,2,0,0,1,2,2,2,4,14,0,17.07,2.7583,313.139,312.9184088,0
O=c1[nH]c(=O)c([8*])cn1C,TRUE,1,3,1,1,0,0,0,0,1,1,5,9,0.2,54.86,-1.7518,125.107,125.0351024,0
C1COCCN1C(=O)N[9*],TRUE,1,2,1,0,0,0,0,0,1,0,5,9,0.8,41.57,-0.5075,129.139,129.0664025,0
[7*][C@H]1NC(=O)N[C@H]1C,TRUE,2,1,1,0,0,0,0,0,1,0,4,7,0.75,41.13,-0.4369,99.113,99.05583784,2
c1cccc(c12)c(cn2C[12*])C3=C(C(=O)NC3=O)c4c[nH]c(c45)cccc5,TRUE,2,3,1,2,0,0,0,3,5,4,6,26,0.047619048,66.89,3.1966,340.362,340.1086017,0
c1cc(Cl)cc(Cl)c1Oc(cc2)ccc2O[6*],TRUE,0,2,1,2,0,0,2,3,2,2,5,16,0,18.46,4.6288,254.092,252.9823098,0
NC(N)=Nc(cc1)ccc1[17*],TRUE,2,1,1,1,0,0,0,1,1,1,4,10,0,64.4,-0.2339,134.162,134.0718223,0
c1cc(O)cc(c12)CCN([C@@H]2[14*])c3ccccc3,TRUE,1,2,2,2,0,0,0,1,3,2,3,17,0.2,23.47,3.0028,224.283,224.1075391,1
C1CCC[C@H](N12)CN(CC2)c3ccc([13*])cc3,TRUE,0,2,1,1,0,0,0,1,3,1,3,16,0.571428571,6.48,1.5357,215.32,215.1548236,1
c1cc(Br)sc1-c(c(=O)[nH]c2=O)cn2[C@@H]3O[C@H]([13*])[C@@H](O)C3,TRUE,2,6,1,2,0,0,1,2,3,2,9,20,0.333333333,84.32,1.1828,358.193,356.9544649,3
c1cccc(Cl)c1-n2nc(C)c(c2C)C(=O)O[17*],TRUE,0,4,1,2,0,0,1,2,2,2,6,17,0.166666667,44.12,2.76364,249.677,249.0430802,0
O[C@H](C1)[C@@H]([11*])Oc(c12)cc(O)cc2O,TRUE,3,4,1,1,0,0,0,0,2,1,5,13,0.333333333,69.92,0.269,181.167,181.0500838,2
Oc(c1)c(O)c(O)cc1[8*],TRUE,3,3,1,1,0,0,0,0,1,1,4,9,0,60.69,-0.022,125.103,125.023869,0
[*]Oc1c(C=O)cc(C)cc1C=O,TRUE,0,3,1,1,0,0,0,3,1,1,4,12,0.111111111,43.37,1.46312,163.152,163.0395191,0
O=C/C=C\N[11*],TRUE,1,2,1,0,0,0,0,2,0,0,3,5,0,29.1,-0.2471,70.071,70.02928875,0
O[C@@H]1[C@@H](O)[C@H](O)[C@@H]([17*])O[C@@]12NC(=O)N(C2=O)NC(=O)C,TRUE,5,7,2,0,0,0,0,1,2,0,11,19,0.666666667,148.43,-3.7261,274.209,274.0675247,5
c1cccc(n2C[8*])c1c(c23)cccc3,TRUE,0,1,1,1,0,0,0,1,3,3,2,14,0.076923077,4.93,3.3013,180.23,180.0813243,0
S[C@H]1[C@H](O)[C@@H](O)[C@H](S)O[C@@H]1[11*],TRUE,4,5,0,0,0,0,0,0,1,0,6,10,1,49.69,-0.8319,181.258,180.9993111,5
[11*][C@H]1O[C@@H](S)[C@H](O)[C@@H](O)[C@@H]1O,TRUE,4,5,0,0,0,0,0,0,1,0,6,10,1,69.92,-1.7694,165.19,165.0221548,5
O[C@@H]1[C@@H]([9*])ONC[C@H]1O,TRUE,3,4,0,0,0,0,0,0,1,0,5,8,1,61.72,-1.8816,118.112,118.0504181,3
[1*][C@@H]1[C@@H](O)O[C@@H](C)[C@@H](O)[C@H]1O,TRUE,3,4,0,0,0,0,0,0,1,0,5,10,1,69.92,-1.2169,147.15,147.0657338,5
c1cc(O)c([N+]([O-])=O)cc1[7*],TRUE,1,3,1,1,2,0,0,1,1,1,5,10,0,63.37,0.475,138.102,138.019118,0
O[C@]1([12*])C[C@@H](O)[C@H](O)C(=O)C1,TRUE,3,4,0,0,0,0,0,0,1,0,5,10,0.833333333,77.76,-1.691,145.134,145.0500838,3
O[C@@H]1CO[C@@H](O)[C@H](O)[C@H]1[*],TRUE,3,4,0,0,0,0,0,0,1,0,5,9,1,69.92,-1.6054,133.123,133.0500838,4
O[C@@H]1[C@H]([4*])O[C@@H](C)[C@@H](O)[C@H]1O,TRUE,3,4,0,0,0,0,0,0,1,0,5,10,1,69.92,-1.6368,147.15,147.0657338,5
n1cnc(O)c(c12)[nH]cc2[8*],TRUE,2,3,1,1,0,0,0,0,2,2,5,10,0,61.8,-0.1619,134.118,134.0354367,0
O[C@@H]1[C@H](O)[C@@H]([17*])O[C@@H]1n2cnc(c23)ncnc3N,TRUE,3,8,1,1,0,0,0,1,3,2,9,17,0.444444444,119.31,-1.4655,236.211,236.0783642,4
c1cc(Br)ccc1-c(nn2C)c(c23)ccc(O[10*])c3,TRUE,0,3,1,2,0,0,1,2,3,3,5,18,0.071428571,27.05,3.8459,302.151,300.99765,0
c1cc(Br)ccc1N([21*])O,TRUE,1,2,1,1,0,0,1,1,1,1,4,9,0,23.47,2.109,187.016,185.9554509,0
[*][C@H]1CCc(c12)cccc2,TRUE,0,0,1,1,0,0,0,0,2,1,1,9,0.333333333,0,2.2232,117.171,117.0704253,1
[5*]c1cc(Cl)c(O)cc1,TRUE,1,1,1,1,0,0,1,0,1,1,3,8,0,20.23,1.2202,127.55,126.9950674,0
[24*]NC(=O)c1c(O)c(O)cc([N+]([O-])=O)c1,TRUE,3,5,1,1,2,0,0,2,1,1,8,14,0,112.7,0.2001,197.126,197.0198463,0
c1cc(C)c(Cl)cc1Nc(ncc2)nc2-c(c3)ccnc3N(CC4)CCN4[12*],TRUE,1,6,1,3,0,0,1,4,4,3,8,27,0.25,57.18,3.83032,379.875,379.1437973,0
[22*]NC(=O)\C=C(C)\C=C\C=C(C)\C=C\C1=C(C)CCCC1(C)C,TRUE,1,1,1,0,0,0,0,5,1,0,3,22,0.45,29.1,5.0985,298.45,298.2170895,0
O=c1c(N)cnc(n1C[18*])-c2ccccc2,TRUE,1,4,1,2,0,0,0,2,2,2,5,15,0.090909091,60.91,0.9993,200.221,200.0823869,0
c1ccc(Cl)cc1-c2nc([1*])on2,TRUE,0,3,1,2,0,0,1,1,2,2,5,12,0,38.92,1.5646,179.586,179.0012154,0
C1=CN[C@@H]([8*])[C@@H]1C,TRUE,1,1,1,0,0,0,0,0,1,0,2,6,0.6,12.03,0.6148,82.126,82.06567426,2
[12*][C@H]1OC[C@H](O)[C@H]1O,TRUE,2,3,0,0,0,0,0,0,1,0,4,7,1,49.69,-1.3862,103.097,103.0395191,3
S/C(N)=N\C[7*],TRUE,2,1,1,0,0,0,0,1,0,0,4,5,0.5,38.38,-0.2623,89.143,89.01734416,0
O[C@@H]1[C@@H]([10*])NC[C@@H](O)[C@H]1O,TRUE,4,4,0,0,0,0,0,0,1,0,5,9,1,72.72,-2.4523,132.139,132.0660682,4
c1ccc(Cl)c(Cl)c1-c(c2)n[nH]c2[18*],TRUE,1,1,1,2,0,0,2,1,2,2,5,13,0,28.68,2.5581,212.059,210.9829785,0
O[P@]1(=O)O[C@]([13*])(C)[C@H](O)CO[P@@](O1)(=O)O,TRUE,3,6,0,0,0,0,0,0,1,0,11,14,1,122.52,-0.123,247.056,246.9772655,4
[O-]C(=O)/C([7*])=C/C([O-])=O,TRUE,0,4,1,0,2,-2,0,2,0,0,5,8,0,80.26,-3.0806,113.048,112.9885807,0
[16*]OC(=O)c1[nH]c(C)cc1,TRUE,1,2,1,1,0,0,0,1,1,1,4,9,0.166666667,42.09,0.94422,124.119,124.0398534,0
c1c([17*])nc2sc(c3n12)CCC3,TRUE,0,3,1,1,0,0,0,0,3,2,4,11,0.375,17.3,1.0591,163.225,163.0329942,0
[16*][C@@H]1SCC(C(=O)O)=NC=C1C(=O)O,TRUE,2,4,1,0,0,0,0,2,1,0,7,13,0.285714286,86.96,0.1027,200.195,200.0017537,1
c1cc(F)ccc1-c(nc2)c(n2C[6*])-c3nc(N)ncc3,TRUE,1,5,1,3,0,0,1,3,3,3,7,20,0.071428571,69.62,2.2352,268.275,268.0998486,0
O[C@@H]1OC(C(=O)O)=C[C@H](O)[C@H]1[2*],TRUE,3,4,1,0,0,0,0,1,1,0,6,11,0.5,86.99,-0.9978,159.117,159.0293483,3
[*][C@H]1CCC(C)=CC1,TRUE,0,0,0,0,0,0,0,0,1,0,1,7,0.714285714,0,2.4544,95.165,95.08607535,1
[9*]c1[nH]nc(c12)c(N)[n+](cn2)C,TRUE,2,3,1,1,1,1,0,0,2,2,6,11,0.166666667,71.47,-1.4608,149.157,149.0695966,0
COc(c1)cc(OC)cc1[8*],TRUE,0,2,1,1,0,0,0,2,1,1,3,10,0.25,18.46,0.8784,137.158,137.0602545,0
[11*][C@H]1O[C@@H](O)[C@H](O)[C@H](O)[C@@H]1O,TRUE,4,5,0,0,0,0,0,0,1,0,6,10,1,90.15,-2.7069,149.122,149.0449984,5
c1cccc(Cl)c1C(C[C@H]2[8*])=NN2C(=O)C,TRUE,0,2,1,1,0,0,1,1,2,1,5,15,0.272727273,32.67,2.1717,221.667,221.0481656,1
Brc(c1)c(=O)[nH]c(=O)n1C[9*],TRUE,1,3,1,1,0,0,1,1,1,1,6,10,0.2,54.86,-0.1941,204.003,202.9456145,0
CC1(C)N([1*])C(N)=NC(=N1)N,TRUE,2,5,1,0,0,0,0,0,1,0,6,10,0.6,80,-0.8682,140.17,140.0936203,0
c1cc(Br)ccc1O[15*],TRUE,0,1,1,1,0,0,1,1,1,1,3,8,0,9.23,2.2922,172.001,170.9445518,0
O=P([5*])O,TRUE,1,1,0,0,0,0,0,0,0,0,4,3,0,37.3,-0.0823,64.988,64.97924093,1
C1CC([8*])CCN1C(=O)c(c2)ccc(c23)cccc3,TRUE,0,1,1,1,0,0,0,1,3,2,3,18,0.3125,20.31,3.4136,238.31,238.1231891,0
[6*]Oc1c(Cl)cc(Cl)cc1,TRUE,0,1,1,1,0,0,2,1,1,1,4,9,0,9.23,2.8365,161.995,160.9560951,0
C1[C@H](C)O[C@H](C)CN1[6*],TRUE,0,2,0,0,0,0,0,0,1,0,3,8,1,12.47,0.5599,114.168,114.091889,2
c1cc(O)ccc1C(=O)N(C2)CCc(c23)c4c(n3C[16*])cccc4,TRUE,1,3,2,2,0,0,0,2,4,3,5,23,0.210526316,45.47,3.0522,305.357,305.1290028,0
C1C[C@H](O)CC(=CC2)[C@@]1(C)[C@@H](CC3)C=2[C@@H]([C@]34C)CC[C@@H]4[12*],TRUE,1,1,1,0,0,0,0,0,4,0,2,20,0.789473684,20.23,4.568,271.424,271.2061905,6
c1cccc(Cl)c1-c(c(C(=O)O)c2C(=O)O)c(C(=O)O[22*])c(C)[n+]2CC,TRUE,2,4,1,2,1,1,1,5,2,2,9,25,0.176470588,104.78,2.64032,363.753,363.0504163,0
c1[nH]c(=O)c(C)cc1[12*],TRUE,1,1,1,1,0,0,0,0,1,1,3,8,0.166666667,32.86,-0.14208,108.12,108.0449388,0
F[C@H]1C[C@@H](O[C@@H]1[19*])n2c(=O)[nH]c(=O)cc2,TRUE,1,4,1,1,0,0,1,1,2,1,7,14,0.5,64.09,-0.331,199.161,199.0518953,3
C[C@@H]1[C@H](O)[C@@H](C)[C@H](O)[C@@H](C)C(=O)O[C@H]([22*])[C@H](C)[C@H](O)[C@@H](C)C(=O)[C@@H](C1)C,TRUE,3,6,1,0,0,0,0,0,1,0,7,25,0.894736842,104.06,1.2771,357.467,357.2277138,10
[30*]c1[nH+]c(C(=O)N)ccc1,TRUE,1,1,1,1,1,1,0,1,1,1,4,9,0,57.23,-1.2258,122.127,122.0474642,0
O[C@H]1[C@H](O)[C@H](F)[C@@H](O)O[C@@H]1[11*],TRUE,3,4,0,0,0,0,1,0,1,0,6,10,1,69.92,-1.7297,151.113,151.040662,5
O=C1C(C)=C(N2CC2)C(=O)C([15*])=C1N3CC3,TRUE,0,4,1,0,0,0,0,2,3,0,5,15,0.454545455,40.16,-0.1957,203.221,203.0820526,0
[13*]OC(=O)c1cc(O)c(c(O)c1)C(=O)c2c(C(=O)O)cccc2O,TRUE,4,7,1,2,0,0,0,4,2,2,9,23,0,141.36,1.3537,317.229,317.0297422,0
O[C@@H]1[C@@H]([13*])O[C@H]([C@@H]1N)n2cnc(c23)c(N)ncn3,TRUE,3,8,1,1,0,0,0,1,3,2,9,17,0.444444444,125.1,-1.4991,235.227,235.0943486,4
Clc(c1)ccc(c2N)c1nc(c2[C@@H]34)C[C@H](C3)C=C([13*])C4,TRUE,1,2,1,1,0,0,1,0,4,2,4,19,0.3125,38.91,3.9533,269.755,269.0845511,2
O=C([14*])N1CCN(CC1)C(=O)C,TRUE,0,2,2,0,0,0,0,0,1,0,5,11,0.714285714,40.62,-0.1802,155.177,155.0820526,0
O[C@@H]1[C@H](O)O[C@H]([13*])[C@H]1O,TRUE,3,4,0,0,0,0,0,0,1,0,5,8,1,69.92,-2.0678,119.096,119.0344337,4
O=Nc1c(O)nc(O)nc1N[14*],TRUE,3,7,1,1,0,0,0,2,1,1,8,11,0,107.7,0.1619,155.093,155.020515,0
[8*]Cn1c(=O)[nH]c(=O)cc1,TRUE,1,3,1,1,0,0,0,1,1,1,5,9,0.2,54.86,-0.9566,125.107,125.0351024,0
NOC(=O)[8*],TRUE,1,3,1,0,0,0,0,0,0,0,4,4,0,52.32,-0.454,60.032,60.0085533,0
[9*][C@H]1SCC(C)=C(N1)C(=O)O,TRUE,2,3,1,0,0,0,0,1,1,0,5,10,0.5,49.33,0.5143,158.202,158.0275745,1
O=C([24*])C=O,TRUE,0,2,1,0,0,0,0,1,0,0,3,4,0,34.14,-0.7388,57.028,56.99765427,0
O=C(C1)NC[C@H]1[12*],TRUE,1,1,1,0,0,0,0,0,1,0,3,6,0.75,29.1,-0.1559,84.098,84.04493881,1
Cn1cc([5*])nc1,TRUE,0,2,1,1,0,0,0,0,1,1,3,6,0.25,17.82,-0.4053,81.098,81.04527316,0
O=c1[nH]oc(c12)CCCC=C2[11*],TRUE,1,2,1,1,0,0,0,0,2,1,4,11,0.375,46,1.1944,150.157,150.0555035,0
n1c(N)nc(O)c(c12)N=C([43*])CN2,TRUE,3,6,1,1,0,0,0,0,2,1,7,12,0.166666667,96.42,-0.2308,164.148,164.0572348,0
[O-][N+](=O)c1c(=O)[nH]c(=O)[nH]c1N[15*],TRUE,3,5,1,1,2,0,0,2,1,1,9,12,0,120.89,-1.1524,171.092,171.0154296,0
C=C1O[C@H](O)[C@H](O)[C@@H](O)[C@@H]1[8*],TRUE,3,4,1,0,0,0,0,0,1,0,5,10,0.666666667,69.92,-1.0917,145.134,145.0500838,4
[8*][C@@H]1[C@H](O)[C@@H](O)C(=O)C(=C1)C=O,TRUE,2,4,1,0,0,0,0,1,1,0,5,11,0.428571429,74.6,-1.246,155.129,155.0344337,3
Clc1cc(Cl)cc(c12)[nH]c(c2[9*])C(=O)O,TRUE,2,1,1,1,0,0,2,1,2,2,6,14,0,53.09,2.3475,229.042,227.9619087,0
O[C@@H]1[C@@H]([15*])O[C@@H]([C@@H]1O)n2cnc(c23)cc(OC)cc3,TRUE,2,6,1,1,0,0,0,2,3,2,7,18,0.416666667,76.74,0.1709,249.246,249.0875319,4
C1C[C@H](O)C[C@@H](CC2)[C@@]1(C)[C@H]([C@@H]2[C@]34O)CC[C@]3(C)[C@@H]([23*])CC4,TRUE,2,2,0,0,0,0,0,0,4,0,3,21,1,40.46,3.8427,291.455,291.2324052,8
c1cccc([C@H](O)[C@H]2[*])c1c(c23)cccc3,TRUE,1,1,1,2,0,0,0,0,3,2,2,15,0.142857143,20.23,2.991,195.241,195.08099,2
[6*]C=C=C,TRUE,0,0,1,0,0,0,0,0,0,0,1,3,0,0,0.8343,39.057,39.0234751,0
OC(=O)c(cc1)ccc1N[9*],TRUE,2,2,1,1,0,0,0,2,1,1,4,10,0,49.33,1.261,136.13,136.0398534,0
[nH]1cnc(=O)c(c12)n[nH]c2[10*],TRUE,2,3,1,1,0,0,0,0,2,2,6,10,0,74.43,-1.1792,135.106,135.0306857,0
[5*]c1c[nH]c(c12)nccc2,TRUE,1,1,1,1,0,0,0,0,2,2,3,9,0,28.68,0.7375,117.131,117.0452732,0
[10*]C[n+]1c(C)cc(N)c(c12)cccc2,TRUE,1,1,1,1,1,1,0,1,2,2,3,13,0.181818182,29.9,1.52472,172.231,172.0994998,0
O[C@@H]1[C@@H]([12*])O[C@H]([C@@H]1O)n2cnc(c23)c(N)ccn3,TRUE,3,7,1,1,0,0,0,1,3,2,8,17,0.4,106.42,-0.8605,235.223,235.0831152,4
[10*]NC(=O)/C=C/c1c(C)[nH]c(=O)[nH]c1=O,TRUE,3,3,1,1,0,0,0,2,1,1,7,14,0.125,94.82,-1.03468,194.17,194.0565661,0
O[C@@H]1[C@H](O)[C@@H]([16*])O[C@H]1n2cc(C)c(=O)[nH]c2=O,TRUE,3,6,1,1,0,0,0,1,2,1,8,16,0.555555556,104.55,-2.02898,227.196,227.0667965,4
c1ccc(cc1[8*])-c2ccccc2,TRUE,0,0,1,2,0,0,0,1,2,2,1,12,0,0,2.5282,153.204,153.0704253,0
[10*]OC(=O)c1c(C)[nH]nc1C,TRUE,1,3,1,1,0,0,0,1,1,1,5,10,0.333333333,54.98,0.64764,139.134,139.0507525,0
[13*]N1C(=O)N[C@H](O)C=C1,TRUE,2,2,1,0,0,0,0,0,1,0,5,8,0.25,52.57,-0.692,113.096,113.0351024,1
O[C@H]1[C@H](O)[C@@H](F)[C@@H](O)O[C@@H]1[11*],TRUE,3,4,0,0,0,0,1,0,1,0,6,10,1,69.92,-1.7297,151.113,151.040662,5
C[N+]1(C)[C@H]([9*])CCC1,TRUE,0,0,0,0,1,1,0,0,1,0,2,7,1,0,0.732,99.177,99.10425084,1
s1c([11*])nc(c12)cccc2,TRUE,0,2,1,1,0,0,0,0,2,2,3,9,0,12.89,1.4709,134.183,134.0064451,0
[4*]N1CCN(CC1)C(=O)c(c2)ccc(c23)[nH]cc3,TRUE,1,2,1,1,0,0,0,1,3,2,5,17,0.307692308,39.34,1.39,228.275,228.1136871,0
OC(=O)C1=C(Cl)CC[C@@H](N12)[C@@H]([6*])C2=O,TRUE,1,2,1,0,0,0,1,1,2,0,6,13,0.5,57.61,0.8638,200.601,200.0114458,2
[13*]NC(=O)NC(=O)c1ccccc1,TRUE,2,2,1,1,0,0,0,1,1,1,5,12,0,58.2,0.5903,163.156,163.0507525,0
O=C([5*])c1ccc(N(C)C)cc1,TRUE,0,2,1,1,0,0,0,2,1,1,3,11,0.222222222,20.31,1.4421,148.185,148.0762389,0
ONC(=O)\C=C\C(=C\[5*])\C,TRUE,2,2,1,0,0,0,0,2,0,0,4,9,0.166666667,49.33,0.5011,126.135,126.0555035,0
Oc(c1)ccc(c12)CC[C@H]2[1*],TRUE,1,1,1,1,0,0,0,0,2,1,2,10,0.333333333,20.23,1.9288,133.17,133.0653399,1
[4*]c1c(F)c(F)ccc1,TRUE,0,0,1,1,0,0,2,0,1,1,3,8,0,0,1.1394,113.086,113.0202815,0
ClC(Cl)=C([8*])C(=O)O,TRUE,1,1,1,0,0,0,2,1,0,0,5,7,0,37.3,1.267,139.945,138.9353596,0
BrC([2*])=C,TRUE,0,0,0,0,0,0,1,0,0,0,2,3,0,0,1.4018,105.942,104.9339872,0
O=c1nc(N)[nH]c(c12)NC[C@@H]([13*])C2,TRUE,3,4,1,1,0,0,0,0,2,1,6,12,0.428571429,83.8,-0.3421,165.176,165.0776359,1
O[C@H]1[C@H](O)CC(=C[C@H]1[1*])C(=O)O,TRUE,3,3,1,0,0,0,0,1,1,0,5,11,0.571428571,77.76,-0.5393,157.145,157.0500838,3
c1snnc1-c(cc2)ccc2NC(=O)[14*],TRUE,1,4,1,2,0,0,0,2,2,2,6,14,0,54.88,2.2863,204.234,204.0231578,0
O[C@@H]1[C@@H]([13*])O[C@H]([C@@H]1O)n2cnc(c23)c(=O)nc[nH]3,TRUE,3,7,1,1,0,0,0,1,3,2,9,17,0.444444444,113.26,-1.7544,237.195,237.0623798,4
O=C(C)N\C(N)=N\C[38*],TRUE,2,2,1,0,0,0,0,1,0,0,5,8,0.5,67.48,-1.056,114.128,114.0667369,0
[O-]C(=O)/C([6*])=C\C([O-])=O,TRUE,0,4,1,0,2,-2,0,2,0,0,5,8,0,80.26,-3.0806,113.048,112.9885807,0
O=c1[nH+]c(N)[nH]c(c12)ncc(n2)[9*],TRUE,2,4,1,1,1,1,0,0,2,2,7,12,0,98.8,-2.111,163.14,163.0488612,0
[31*]c1sc(C([O-])=O)nc1C,TRUE,0,4,1,1,1,-1,0,1,1,1,5,9,0.2,53.02,-1.01038,141.151,140.9889979,0
N[C@H]1[C@@H](O)[C@@H](O[C@@H]1[21*])n2cnc(c23)c(N)ncn3,TRUE,3,8,1,1,0,0,0,1,3,2,9,17,0.444444444,125.1,-1.4991,235.227,235.0943486,4
c1ccc(OC)cc1N(S2(=O)=O)C=Cc(c23)cc(s3)[2*],TRUE,0,4,1,2,0,0,0,2,3,2,7,19,0.076923077,46.61,2.1109,292.361,292.0102102,0
[7*]NC(=O)c1cc(N)ccc1,TRUE,2,2,1,1,0,0,0,1,1,1,4,10,0,55.12,0.4629,135.146,135.0558378,0
OC(=O)c1n[nH]nc1[*],TRUE,2,3,1,1,0,0,0,1,1,1,6,8,0,78.87,-1.3225,112.068,112.0147013,0
O=CN([2*])C,TRUE,0,1,1,0,0,0,0,1,0,0,3,4,0.5,20.31,-0.4611,58.06,58.02928875,0
[10*][C@H]1O[C@H](O)C[C@@H](O)[C@H]1O,TRUE,3,4,0,0,0,0,0,0,1,0,5,9,1,69.92,-1.6777,133.123,133.0500838,4
O[C@@H]1[C@H](O)[C@@H]([11*])O[C@H]1n2c(=O)cc(N)cc2,TRUE,3,6,1,1,0,0,0,1,2,1,7,15,0.444444444,97.71,-1.4435,211.197,211.0718818,4
O1[C@@]([16*])(C)OC[C@H]([C@H]12)O[C@@H](O)[C@H](O)[C@H]2O,TRUE,3,6,0,0,0,0,0,0,2,0,7,14,1,88.38,-1.9362,205.186,205.0712131,6
O=C1[C@H]([6*])C(=O)Oc(c12)cccc2,TRUE,0,3,1,1,0,0,0,0,2,1,4,12,0.111111111,43.37,1.1261,161.136,161.023869,1
O=C1[C@@H]([6*])C(=O)Oc(c12)cccc2,TRUE,0,3,1,1,0,0,0,0,2,1,4,12,0.111111111,43.37,1.1261,161.136,161.023869,1
O=C1CCCN1c2c([N+]([O-])=O)cc([*])cc2,TRUE,0,3,1,1,2,0,0,2,2,1,6,15,0.3,63.45,0.8962,205.193,205.0613171,0
CN(C)C(O1)=N[C@@H]([C@@H]12)[C@@H](O)[C@H](O)[C@H]2[11*],TRUE,2,5,1,0,0,0,0,0,2,0,6,13,0.875,65.29,-1.2554,185.203,185.0926173,5
OC(=O)c(c1[7*])nccc1,TRUE,1,2,1,1,0,0,0,1,1,1,4,9,0,50.19,-0.0456,122.103,122.0242034,0
[22*]OC(=O)c1c(O)ccc(c12)c(C)cc(c2)OC,TRUE,1,4,1,1,0,0,0,2,2,2,5,17,0.153846154,55.76,2.48352,231.227,231.0657338,0
[13*][C@@H]1OC(=O)OC1,TRUE,0,3,1,0,0,0,0,0,1,0,4,6,0.666666667,35.53,0.0286,87.054,87.00821896,1
c1cc(OC)ccc1-c(cc2)ccc2[*],TRUE,0,1,1,2,0,0,0,2,2,2,2,14,0.076923077,9.23,2.5368,183.23,183.08099,0
O=C1C[C@@H]([5*])Oc(c12)cccc2,TRUE,0,2,1,1,0,0,0,0,2,1,3,11,0.222222222,26.3,1.5272,147.153,147.0446045,1
c1ccccc1Nc2ccc(cc2)N/C=C([22*])\c3n[nH]nn3,TRUE,3,5,1,3,0,0,0,5,3,3,7,21,0,78.52,2.9031,277.311,277.1201694,0
[6*]c1cc(F)c(O)cc1,TRUE,1,1,1,1,0,0,1,0,1,1,3,8,0,20.23,0.7059,111.095,111.024618,0
O=C([19*])Nc1cc(cccn2)c2c(c13)nccc3,TRUE,1,3,1,1,0,0,0,1,3,3,5,17,0,54.88,2.8642,222.227,222.0667369,0
Fc(n1)nc(N)c(c12)ncn2[C@@H]([C@@H]3O)O[C@H]([14*])[C@H]3O,TRUE,3,8,1,1,0,0,1,1,3,2,10,18,0.444444444,119.31,-1.3264,254.201,254.0689424,4
Oc(c1)c(O)c(OC)cc1/C=C/[13*],TRUE,2,3,1,1,0,0,0,2,1,1,4,12,0.111111111,49.69,1.6264,165.168,165.0551691,0
[17*]OC(=O)c(c1C)c(C)nn1-c2ccc(OC)cc2,TRUE,0,5,1,2,0,0,0,3,2,2,6,18,0.230769231,53.35,2.11884,245.258,245.0926173,0
c1ccc(O[7*])c(O)c1-c([nH]2)nc(c23)ccc(c3)C(\N)=N\[H],TRUE,4,4,1,2,0,0,0,3,3,3,7,20,0,108.01,2.06267,267.268,267.0882006,0
[7*]CN=[N+]=[N-],TRUE,0,1,1,0,2,0,0,1,0,0,4,4,1,48.76,0.8035,56.048,56.02487206,0
c1ccccc1Nc2cccc(c23)cccc3[*],TRUE,1,1,1,2,0,0,0,2,3,3,2,17,0,12.03,3.758,218.279,218.0969744,0
O[C@H]1[C@H](O)[C@H](F)[C@H](O)O[C@@H]1[11*],TRUE,3,4,0,0,0,0,1,0,1,0,6,10,1,69.92,-1.7297,151.113,151.040662,5
[4*][NH2+]C,TRUE,1,0,0,0,1,1,0,0,0,0,2,2,1,16.61,-1.3561,31.058,31.04165058,0
C1O[C@@H]1[3*],TRUE,0,1,0,0,0,0,0,0,1,0,2,3,1,12.53,-0.108,43.045,43.01838972,1
S=C[9*],TRUE,0,1,0,0,0,0,0,0,0,0,2,2,0,0,0.4929,45.086,44.97989603,0
C1CC(=O)[C@@H]2Oc(c(O)cc3)c4c3C[C@H]([C@]1([C@]245)O)[N@@+]([16*])(C)CC5,TRUE,2,4,1,1,1,1,0,0,5,1,6,22,0.588235294,66.76,0.7243,301.342,301.1308595,5
c1ccc(Cl)c(c12)cccc2[1*],TRUE,0,0,1,1,0,0,1,0,2,2,2,11,0,0,2.6678,161.611,161.0158029,0
[1*][C@@H]1[C@H](O)O[C@@H](C)[C@@H](O)[C@H]1O,TRUE,3,4,0,0,0,0,0,0,1,0,5,10,1,69.92,-1.2169,147.15,147.0657338,5
[9*][C@@H]1[C@@H](O)[C@H](O)CNC1,TRUE,3,3,0,0,0,0,0,0,1,0,4,8,1,52.49,-1.3508,116.14,116.0711536,3
O[C@@H]1[C@H](O)[C@@H]([12*])O[C@H]1n2cnc(c23)c(N)ncc3,TRUE,3,7,1,1,0,0,0,1,3,2,8,17,0.4,106.42,-0.8605,235.223,235.0831152,4
C1[C@@H]([11*])O[C@@H](O)[C@H](O)[C@H]1O,TRUE,3,4,0,0,0,0,0,0,1,0,5,9,1,69.92,-1.6777,133.123,133.0500838,4
[9*]c1c(F)c(F)c(F)cc1,TRUE,0,0,1,1,0,0,3,0,1,1,4,9,0,0,1.2785,131.076,131.0108597,0
OC(=O)c1cccnc1Nc2cc([15*])ccc2,TRUE,2,3,1,2,0,0,0,3,2,2,5,16,0,62.22,1.698,213.216,213.0664025,0
Oc1c(Br)cc([21*])cc1-c(c2)[nH]c(c23)ccc(c3)C(\N)=N\[H],TRUE,4,2,1,2,0,0,1,2,3,3,6,20,0,85.89,2.76167,329.177,328.0085491,0
[10*][C@H]1OC(=O)[C@H](O)[C@@H](O)[C@@H]1O,TRUE,3,5,1,0,0,0,0,0,1,0,6,10,0.8,86.99,-2.4987,147.106,147.0293483,4
O[C@@H]1[C@H](O)[C@@H]([11*])O[C@H]1n2c(N)cnc2,TRUE,3,6,1,1,0,0,0,1,2,1,7,13,0.571428571,93.53,-1.4087,184.175,184.0722162,4
[1*]N1CC1,TRUE,0,1,0,0,0,0,0,0,1,0,2,3,1,3.01,-0.2337,42.061,42.03437413,0
O=C1CC[C@H]([C@@]12C)[C@H]3[C@H](CC2)c4c(CC3)cc(O[*])cc4,TRUE,0,2,1,1,0,0,0,1,4,1,3,20,0.611111111,26.3,3.9549,269.364,269.1541549,4
C1CN(C)CCN1c(c2F)c(F)cc(c23)c(=O)c(C(=O)O)cn3C[24*],TRUE,1,5,1,1,0,0,2,3,3,2,9,24,0.375,65.78,1.2365,336.318,336.1159728,0
O=C1NC(=N[C@@]1([7*])C)c(n2)c(C(=O)O)cc(c23)cccc3,TRUE,2,4,1,1,0,0,0,2,3,2,7,20,0.142857143,91.65,1.0749,268.252,268.0722162,1
C1OCC[C@H]1[2*],TRUE,0,1,0,0,0,0,0,0,1,0,2,5,1,9.23,0.7445,71.099,71.04968984,1
c1ncnn1-c(c2[21*])cccc2,TRUE,0,3,1,2,0,0,0,1,2,2,4,11,0,30.71,0.4419,144.157,144.0561722,0
O1[C@]([16*])(C)OC[C@H]([C@@H]12)O[C@@H](O)[C@@H](O)[C@H]2O,TRUE,3,6,0,0,0,0,0,0,2,0,7,14,1,88.38,-1.9362,205.186,205.0712131,6
N[C@H]1[C@@H](O)[C@@H](O[C@@H]1[17*])n2cnc(c23)c(N(C)C)ncn3,TRUE,2,8,1,1,0,0,0,2,3,2,9,19,0.545454545,102.32,-1.0153,263.281,263.1256487,4
O[C@@H]1[C@@H]([16*])O[C@H](C1)n2cc(C=O)c(N)nc2=O,TRUE,2,7,1,1,0,0,0,2,2,1,8,16,0.444444444,107.44,-1.2068,224.196,224.0671308,3
n1cnc(N)c(c12)c(I)cn2[C@@H]3O[C@H]([13*])[C@@H](O)[C@H]3O,TRUE,3,7,1,1,0,0,1,1,3,2,9,18,0.4,106.42,-0.2559,361.119,360.9797632,4
Clc1cccc(Cl)c1C(=O)c(c2)ccc(n23)nc(c3)Nc4ccc([2*])cc4,TRUE,1,4,1,3,0,0,2,4,4,4,7,26,0,46.4,4.7903,381.242,380.0357424,0
n1ccsc1NC(=O)c(cc2[20*])ccc2,TRUE,1,3,1,2,0,0,0,2,2,2,5,14,0,41.99,1.57,203.246,203.0279088,0
c1cc(=O)[nH]c(c12)CCC[C@H]2[1*],TRUE,1,1,1,1,0,0,0,0,2,1,3,11,0.444444444,32.86,1.3016,148.185,148.0762389,1
c1cc(=O)[nH]c(c12)CCC[C@@H]2[1*],TRUE,1,1,1,1,0,0,0,0,2,1,3,11,0.444444444,32.86,1.3016,148.185,148.0762389,1
[22*]Nc1ccnc(c12)cccc2,TRUE,1,2,1,1,0,0,0,1,2,2,3,11,0,24.92,2.111,143.169,143.0609232,0
C1CCCc(c12)[nH+]c3c(c2N[12*])cccc3,TRUE,1,1,1,1,1,1,0,1,3,2,3,15,0.307692308,26.17,2.4089,198.269,198.1151499,0
[NH3+]C1([8*])CCCC1,TRUE,1,0,0,0,1,1,0,0,1,0,2,6,1,27.64,0.0479,85.15,85.08860077,0
O1C(=O)N[C@@H]([C@@H]12)c3c([C@@H]2[14*])cccc3,TRUE,1,2,2,1,0,0,0,0,3,1,4,13,0.3,38.33,1.4401,174.179,174.0555035,3
O[C@@H]1[C@@H](O)[C@H](N)C[C@H](N)[C@H]1[2*],TRUE,4,4,0,0,0,0,0,0,1,0,5,10,1,92.5,-1.8957,145.182,145.0977027,5
O[C@@H]1[C@@H]([12*])O[C@@H]2[C@H]1Oc(n23)nc(=O)cc3,TRUE,1,6,1,1,0,0,0,0,3,1,7,14,0.5,73.58,-1.2306,195.154,195.0405817,4
O=C([10*])c1c(O)c(OC)c(OC)[nH]c1=O,TRUE,2,5,1,1,0,0,0,3,1,1,7,14,0.25,88.62,-0.2128,198.154,198.0402474,0
c1cc(F)ccc1Oc(cc2N[*])ccc2,TRUE,1,2,1,2,0,0,1,3,2,2,4,15,0,21.26,3.4942,202.208,202.0668171,0
[14*]Oc1c(Cl)cc(cc1Cl)NC(=O)NC(=O)c2c(Cl)cccc2,TRUE,2,3,1,2,0,0,3,3,2,2,9,22,0,67.43,4.4518,358.588,356.9600502,0
[11*]Oc1cc(Cl)c(cc1)NC(=O)NC(=O)c2c(Cl)cc(Cl)cc2,TRUE,2,3,1,2,0,0,3,3,2,2,9,22,0,67.43,4.4518,358.588,356.9600502,0
c1cc(Cl)cc(Cl)c1C(=O)NC(=O)Nc(c(C)c2C)ccc2O[13*],TRUE,2,3,1,2,0,0,2,3,2,2,8,23,0.125,67.43,4.41524,352.197,351.0303226,0
c1cc(Cl)cc(Cl)c1C(=O)NC(=O)Nc(c(C)c2O[11*])ccc2,TRUE,2,3,1,2,0,0,2,3,2,2,8,22,0.066666667,67.43,4.10682,338.17,337.0146726,0
[4*]C1=C(Br)C(=O)C(C)=C(Br)C1=O,TRUE,0,2,1,0,0,0,2,0,1,0,5,11,0.142857143,34.14,1.9629,278.907,276.8499785,0
O[C@@]1(N)NC(=O)N([16*])C=C1,TRUE,3,3,1,0,0,0,0,0,1,0,6,9,0.25,78.59,-1.4056,128.111,128.0460014,1
CN([23*])\C(N)=N\[H],TRUE,2,1,1,0,0,0,0,0,0,0,4,5,0.5,53.11,-0.72403,72.091,72.05617219,0
[10*][C@H]1SC[C@@H]([C@@H]12)NC(=O)N2,TRUE,2,2,1,0,0,0,0,0,2,0,5,9,0.8,41.13,-0.3414,143.191,143.0279088,3
[20*][C@H]1CC[C@H]([C@@]12C)[C@H]3[C@H]([C@@H](O)C2)[C@]4(C)C(CC3)=CC(=O)CC4,TRUE,1,2,1,0,0,0,0,0,4,0,3,21,0.842105263,37.3,3.8269,287.423,287.2011051,7
c1ccc(Br)cc1-c(cc2N[11*])nc([n+]23)nc[nH]3,TRUE,2,3,1,2,1,1,1,2,3,3,7,17,0,57.7,1.8491,290.124,288.9957588,0
[12*][C@H]1[C@@H](O)C[C@@H](N([C@@H]12)C)CC2,TRUE,1,2,0,0,0,0,0,0,2,0,3,10,1,23.47,0.5516,140.206,140.1075391,4
O[C@]1([15*])C(=O)OCc(c2=O)c1cc(n23)c4c(C3)cc5c(n4)cccc5,TRUE,1,6,2,2,0,0,0,0,5,3,7,24,0.166666667,81.42,1.1764,319.296,319.0718818,1
[7*]c1cc(Br)c(O)cc1,TRUE,1,1,1,1,0,0,1,0,1,1,3,8,0,20.23,1.3293,172.001,170.9445518,0
[*]Nc1n[nH]nn1,TRUE,2,4,1,1,0,0,0,1,1,1,6,6,0,66.49,-0.9241,84.062,84.03102006,0
c1c([*])ccc(c12)oc3c(c2=O)cccc3,TRUE,0,2,1,1,0,0,0,0,3,3,3,15,0,30.21,2.1208,195.197,195.0446045,0
C1C[C@H](O)CC(=C[C@@H]2O)[C@@]1(C)[C@@H](CC3)[C@@H]2[C@@H]([C@]34C)CC[C@@H]4[13*],TRUE,2,2,0,0,0,0,0,0,4,0,3,21,0.894736842,40.46,3.6187,289.439,289.2167552,8
[*]N1CCCNCC1,TRUE,1,2,0,0,0,0,0,0,1,0,3,7,1,15.27,-0.254,99.157,99.09222335,0
c1c[nH]c(=O)c(c12)cccc2[*],TRUE,1,1,1,1,0,0,0,0,2,2,3,11,0,32.86,0.7027,144.153,144.0449388,0
O=C([16*])Nc1c(I)c(C(=O)O)c(I)cc1I,TRUE,2,2,1,1,0,0,3,2,1,1,8,15,0,66.4,3.2798,541.828,541.724712,0
c1ccc(C(=O)C)cc1-c2cnc(n23)ccc(n3)N[8*],TRUE,1,5,1,2,0,0,0,3,3,3,6,19,0.071428571,59.29,2.4751,251.269,251.093286,0
Fc(c1)ccc2c1c(c(=O)[nH]cc3)c3c(c24)nc([5*])[nH]4,TRUE,2,2,1,1,0,0,1,0,4,4,6,19,0,61.54,1.8713,252.228,252.0573151,0
Brc1c(Br)c(Br)c(Br)c(c12)nc([4*])[nH]2,TRUE,1,1,1,1,0,0,4,0,2,2,7,13,0,28.68,3.7875,432.715,428.6873214,0
NC(N)=Nc(cc1[6*])ccc1,TRUE,2,1,1,1,0,0,0,1,1,1,4,10,0,64.4,-0.2339,134.162,134.0718223,0
c1c([15*])cnc(c12)cccc2,TRUE,0,1,1,1,0,0,0,0,2,2,2,10,0,12.89,1.4094,128.154,128.0500242,0
c1cc(Cl)ccc1-c(c2[13*])c(c(n23)CC(C3)(C)C)-c4ccccc4,TRUE,0,1,1,3,0,0,1,2,4,3,3,23,0.238095238,4.93,5.2324,320.843,320.1206023,0
Fc1ccc([37*])cc1NC(=O)Nc(cc2)ccc2-c3c(-c4ccc(OC)cc4)oc(c35)ncnc5N,TRUE,3,6,1,4,0,0,1,5,5,5,10,35,0.038461538,115.3,5.1053,468.468,468.1471927,0
[12*]c1ccc(cc1)C(=O)Nc2cc(ccc2)Nc3nc(ccn3)-c4cccnc4,TRUE,2,5,1,4,0,0,0,5,4,4,7,28,0,79.8,3.7091,366.404,366.1354851,0
CO/C([8*])=C/C(=O)N,TRUE,1,2,1,0,0,0,0,2,0,0,4,7,0.25,52.32,-0.4912,100.097,100.0398534,0
[9*][C@H]1SCCC(=N1)C(=O)O,TRUE,1,3,1,0,0,0,0,1,1,0,5,9,0.6,49.66,0.4818,144.175,144.0119244,1
[O-][N+](=O)c(cc1)cc(c1N[*])Oc2ccccc2,TRUE,1,4,1,2,2,0,0,4,2,2,6,17,0,64.4,3.2633,229.215,229.0613171,0
c1ccc(Cl)cc1Nc(nc(n2)N[8*])c(c23)ncn3C(C)C,TRUE,2,6,1,2,0,0,1,4,3,3,8,21,0.214285714,67.66,3.6804,301.761,301.0968471,0
Clc(c1)c(O[5*])c(Cl)cc1Nc2c(C(=O)O)cccc2,TRUE,2,3,1,2,0,0,2,4,2,2,7,19,0,58.56,4.2783,297.117,295.9881235,0
c1cc(F)c(C)cc1[10*],TRUE,0,0,1,1,0,0,1,0,1,1,2,8,0.142857143,0,1.30872,109.123,109.0453534,0
[6*]C[n+]1c(C)cc(C)cc1C,TRUE,0,0,1,1,1,1,0,1,1,1,2,10,0.444444444,3.88,1.40616,135.21,135.1042508,0
[17*]NC(=O)c1ccc([N+]([O-])=O)cc1,TRUE,1,3,1,1,2,0,0,2,1,1,6,12,0,72.24,0.7889,165.128,165.030017,0
[9*][C@H]1O[C@@H](C)[C@@H](O)CC1,TRUE,1,2,0,0,0,0,0,0,1,0,3,8,1,29.46,0.4216,115.152,115.0759046,3
C1O[C@@]12[C@]3(C)O[C@@H]([C@@H]([C@H](O3)[20*])C)C=C2,TRUE,0,3,0,0,0,0,0,0,3,0,4,13,0.8,30.99,0.9683,181.211,181.0864693,5
CC1(C)OC(=S)Nc(c12)ccc(c2)-c(n3C)ccc3[20*],TRUE,1,3,1,2,0,0,0,1,3,2,5,19,0.266666667,26.19,2.8288,271.365,271.0905091,0
O=c1nc(N)[nH]c(c12)NC[C@@H]([15*])N2C,TRUE,3,5,1,1,0,0,0,0,2,1,7,13,0.428571429,87.04,-0.9108,180.191,180.0885349,1
[10*]Oc1cc(C(\N)=N\[H])ccc1,TRUE,2,2,1,1,0,0,0,2,1,1,4,10,0,59.1,0.81377,135.146,135.0558378,0
O[C@H](C1)C[C@H](O)CC1=C\C=C(CCC2)\[C@H]([C@]23C)CC[C@@H]3[9*],TRUE,2,2,1,0,0,0,0,1,3,0,3,20,0.777777778,40.46,3.6829,275.412,275.2011051,5
c1cc(F)ccc1-c2ncoc2-c(c3)ccc(n34)nnc4[6*],TRUE,0,5,1,3,0,0,1,2,4,4,7,21,0,56.22,2.365,279.254,279.0682141,0
[*]Nc1cc(nn1C)-c2ccccc2,TRUE,1,3,1,2,0,0,0,2,2,2,4,13,0.1,29.85,1.9633,172.211,172.0874723,0
Clc1c(Br)ccc(c12)[nH]cc2O[13*],TRUE,1,1,1,1,0,0,2,1,2,2,5,12,0,25.02,3.4269,245.483,243.9164785,0
c1cc(Cl)ccc1-c(n2)oc(c23)ccc([5*])c3,TRUE,0,2,1,2,0,0,1,1,3,3,4,16,0,26.03,3.3228,228.658,228.0216165,0
[4*]c1c(O)c(Cl)cc(Cl)c1,TRUE,1,1,1,1,0,0,2,0,1,1,4,9,0,20.23,1.8736,161.995,160.9560951,0
Cc1c(N([11*])C)c(=O)n(n1C)-c2ccccc2,TRUE,0,4,1,2,0,0,0,2,2,2,5,16,0.25,30.17,1.38492,216.264,216.1136871,0
[1*]NC(=O)c1ccncc1,TRUE,1,2,1,1,0,0,0,1,1,1,4,9,0,41.99,0.2757,121.119,121.0401878,0
[7*][C@H]1CN(C)Cc(c12)c(N)ccc2,TRUE,1,2,1,1,0,0,0,0,2,1,3,12,0.4,29.26,1.3046,161.228,161.1078734,1
c1cc(Cl)ccc1C(=O)c(n2C)c(C)cc2[9*],TRUE,0,2,1,2,0,0,1,2,2,2,4,16,0.153846154,22,2.39252,232.69,232.0529167,0
c1cc(O[16*])c(Cl)c(Cl)c1C(=O)c2sccc2,TRUE,0,3,1,2,0,0,2,3,2,2,6,16,0,26.3,4.129,272.132,270.9387308,0
c1cc(Br)ccc1/C(=C/[4*])c2cccnc2,TRUE,0,1,1,2,0,0,1,2,2,2,3,15,0,12.89,3.7826,259.126,257.9918364,0
c1cccc(C2[2*])c1CCc(c23)cccc3,TRUE,0,0,2,2,0,0,0,0,3,2,1,15,0.2,0,3.4239,193.269,193.1017254,0
CC1(C)C[C@@H](C)C[C@@H]([*])C1,TRUE,0,0,0,0,0,0,0,0,1,0,1,9,1,0,3.1704,125.235,125.1330255,2
c1ccccc1N(CNC2=O)C23CCN([13*])CC3,TRUE,1,3,2,1,0,0,0,1,3,1,5,17,0.461538462,35.58,0.8792,230.291,230.1293371,0
C[N+]1(C)C[C@H]([*])CCC1,TRUE,0,0,0,0,1,1,0,0,1,0,2,8,1,0,1.1944,113.204,113.1199009,1
C1[C@H]([11*])C(=O)C[C@H](N12)c3c(CC2)cc(OC)c(c3)OC,TRUE,0,4,1,1,0,0,0,2,3,1,5,19,0.533333333,38.77,1.9136,260.313,260.1286684,2
C[C@@]12[C@@H](O1)C[C@@H]([19*])NC(=O)C[C@H](O)C(C)(C)C(=O)[C@H](C)[C@@H](O)[C@@H](C)CCC2,TRUE,3,5,1,0,0,0,0,0,2,0,7,26,0.9,99.16,1.6889,368.494,368.2436982,7
c1ccccc1Oc(c2)ccc(c23)c(O)c(C(=O)N[19*])nc3C,TRUE,2,4,1,2,0,0,0,3,3,3,6,22,0.058823529,71.45,3.23522,293.302,293.0926173,0
c1c(C)[nH]c(c12)ccc(c2F)Oc3ncnc(c34)cc(O[14*])c(c4)OC,TRUE,1,5,1,2,0,0,1,4,4,4,8,25,0.111111111,69.26,4.20262,338.318,338.0940945,0
[21*]Oc1nocc1,TRUE,0,3,1,1,0,0,0,1,1,1,4,6,0,35.26,0.5177,84.054,84.0085533,0
Cc1cc(C)nc(n2C[15*])c1c(c23)cccc3,TRUE,0,2,1,1,0,0,0,1,3,3,3,16,0.214285714,17.82,3.31314,209.272,209.1078734,0
CO/N=C/[7*],TRUE,0,2,1,0,0,0,0,1,0,0,3,4,0.5,21.59,0.1254,58.06,58.02928875,0
O=C([9*])c(cc1)cc(c12)NCCCC2,TRUE,1,2,1,1,0,0,0,1,2,1,3,13,0.363636364,29.1,2.1243,174.223,174.091889,0
[nH]1c(N)nc(=O)c(c12)sc(=O)n2[C@@H]3O[C@H]([15*])[C@@H](O)[C@H]3O,TRUE,4,9,1,1,0,0,0,1,3,2,11,19,0.444444444,143.46,-2.1455,285.261,285.0293654,4
Fc(c1)ccc(c12)O[C@@H]([9*])CC2,TRUE,0,1,1,1,0,0,1,0,2,1,3,11,0.333333333,9.23,2.0261,151.16,151.0559181,1
c1ncoc1-c(cc2)c(OC)cc2NC(=O)Nc(cc3[15*])ccc3,TRUE,2,4,1,3,0,0,0,4,3,3,7,23,0.058823529,76.39,3.1688,308.317,308.1035163,0
[14*]Oc1ccc(cc1)-c2ccc(cc2)C(\N)=N\C(=O)OC,TRUE,1,3,1,2,0,0,0,3,2,2,6,20,0.066666667,73.91,2.6684,269.28,269.0926173,0
O1COc(c2)c1cc([C@@H]3[C@H]([*])C(=C4)OC)c2CCN([C@]345)CCC5,TRUE,0,4,2,1,0,0,0,1,5,1,5,22,0.555555556,30.93,2.7713,298.362,298.1443185,3
O[C@H]1CCCN[C@@H]1[13*],TRUE,2,2,0,0,0,0,0,0,1,0,3,7,1,32.26,-0.3939,100.141,100.0762389,2
Clc(c1)c(Br)cc(c12)ncn(C[14*])c2=O,TRUE,0,3,1,1,0,0,2,1,2,2,6,14,0.111111111,34.89,2.3192,272.509,270.9273776,0
c1cccc(Cl)c1-c(n2)csc2NC(=O)c(n3C[18*])cc(c34)cccc4,TRUE,1,4,1,3,0,0,1,4,4,4,7,25,0.052631579,46.92,5.1773,366.853,366.0467857,0
c1nc(C)cn1-c2cc(cc([25*])c2)NC(=O)c3cc(c(C)cc3)Nc4nc(ccn4)-c5cccnc5,TRUE,2,7,1,5,0,0,0,6,5,5,9,35,0.074074074,97.62,4.51164,460.521,460.1885833,0
C1CCOc(n12)c(C(=O)N[10*])c3c2cccc3,TRUE,1,3,1,1,0,0,0,1,3,2,5,16,0.25,43.26,1.6179,215.232,215.0820526,0
[16*]NC(=O)c1nccc(c12)cccc2,TRUE,1,2,1,1,0,0,0,1,2,2,4,13,0,41.99,1.4289,171.179,171.0558378,0
[2*][C@@]12C[C@@]3(O)C[C@@H](C1)C[C@@H](C2)C3,TRUE,1,1,0,0,0,0,0,0,4,0,2,11,1,20.23,2.0393,151.229,151.1122901,4
c1cc(Cl)ccc1Nc(nnc2[8*])c(c23)cccc3,TRUE,1,3,1,2,0,0,1,2,3,3,5,18,0,37.81,3.2014,254.7,254.0485,0
c1cc([*])ccc1C(=O)c2[nH]c(=O)[nH]c2C,TRUE,2,2,1,2,0,0,0,2,2,2,5,15,0.090909091,65.72,0.41702,201.205,201.0664025,0
COc(c1)c(OC)cc(c12)CCN([13*])C2,TRUE,0,3,1,1,0,0,0,2,2,1,4,14,0.454545455,21.7,1.5262,192.238,192.1024537,0
c1ccc(OC)c([nH]2)c1c(=O)c(c23)cccc3C(=O)Nc(cc4)ccc4[14*],TRUE,2,3,1,2,0,0,0,3,4,4,6,26,0.047619048,71.19,3.1168,343.362,343.1082673,0
[9*]Oc1nc(OC)cc(n1)OC,TRUE,0,5,1,1,0,0,0,3,1,1,6,11,0.333333333,53.47,0.3369,155.133,155.0456671,0
C1C[C@H]([16*])C(=O)c(c1n23)c4c2c(CCC3)ccc4,TRUE,0,2,1,1,0,0,0,0,4,2,3,17,0.4,22,3.0542,224.283,224.1075391,1
O[C@H]1[C@H](C)[C@@H](C)Oc(c12)c3c(OC(C)(C)C=C3)c4c2oc(=O)cc4[20*],TRUE,1,5,1,1,0,0,0,0,4,2,6,24,0.421052632,68.9,2.6022,327.356,327.1232487,3
o1c(=O)[nH]c(c12)cccc2N(CC3)CCN3[9*],TRUE,1,4,1,1,0,0,0,1,3,2,6,16,0.363636364,52.48,0.7074,218.236,218.0929516,0
C1NC[C@@H]([C@@]12[6*])C2,TRUE,1,1,0,0,0,0,0,0,2,0,2,6,1,12.03,0.3175,82.126,82.06567426,2
O[C@H](C1)C(=C)[C@H](O)CC1=C\C=C(CCC2)\[C@@H]([C@]23C)CC[C@@H]3[8*],TRUE,2,2,1,0,0,0,0,1,3,0,3,21,0.684210526,40.46,3.849,287.423,287.2011051,5
O/N=C(\N)c(cc1)ccc1[24*],TRUE,2,2,1,1,0,0,0,1,1,1,4,10,0,58.61,-0.0443,135.146,135.0558378,0
Clc(n1)ccc(c12)ccc(n2)N([C@H]3[7*])C(=O)c(c34)cccc4,TRUE,0,3,1,2,0,0,1,1,4,3,6,21,0.0625,46.09,3.4915,294.721,294.0434146,1
[9*]Nc1cc(OC)cc(c12)c(C)ccn2,TRUE,1,3,1,1,0,0,0,2,2,2,4,14,0.181818182,34.15,2.42802,187.222,187.087138,0
[12*]Oc(c1)ccc(c12)nc([nH]2)NC(=O)OC,TRUE,2,4,1,1,0,0,0,2,2,2,7,15,0.111111111,76.24,1.5843,206.181,206.0565661,0
c1cc(N)c(Cl)c(OC)c1C(=O)N[7*],TRUE,2,3,1,1,0,0,1,2,1,1,6,13,0.125,64.35,1.1249,199.617,199.0274302,0
C1CC[C@@H](CN12)[C@@H]([4*])CC2,TRUE,0,1,0,0,0,0,0,0,2,0,2,9,1,3.24,1.4399,124.207,124.1126244,3
c1cc(OC)c(OC)cc1C(=O)N[9*],TRUE,1,3,1,1,0,0,0,3,1,1,5,13,0.222222222,47.56,0.8979,180.183,180.0660682,0
ClC(Cl)=C[6*],TRUE,0,0,0,0,0,0,2,0,0,0,3,4,0,0,1.8122,95.936,94.94553039,0
[17*]Oc1c(OC)cc(cc1)C(=O)C,TRUE,0,3,1,1,0,0,0,3,1,1,4,12,0.222222222,35.53,1.7409,165.168,165.0551691,0
I\C=C\[12*],TRUE,0,0,0,0,0,0,1,0,0,0,2,3,0,0,1.4419,152.942,152.9201231,0
[5*]Oc1c(Cl)cccc1Cl,TRUE,0,1,1,1,0,0,2,1,1,1,4,9,0,9.23,2.8365,161.995,160.9560951,0
c1cc(Cl)ccc1-c(cc2)oc2\C=N\N(C3=O)CC(=O)N3[16*],TRUE,0,4,1,2,0,0,1,3,3,2,8,21,0.071428571,66.12,2.6624,302.697,302.0332438,0
c1ccc(Cl)cc1-c2cc(=O)n(C)c(c23)ccc([7*])c3,TRUE,0,2,1,2,0,0,1,1,3,3,4,19,0.0625,22,3.0335,268.723,268.0529167,0
C1O[C@H]([10*])O[C@@H]1n2ccc(N)nc2=O,TRUE,1,6,1,1,0,0,0,1,2,1,7,13,0.428571429,79.37,-0.7962,182.159,182.0565661,2
c1cccc(c2=O)c1sc(c23)c(C)ccc3N[5*],TRUE,1,3,1,1,0,0,0,1,3,3,4,17,0.071428571,29.1,3.59932,240.307,240.0483099,0
Clc(c1)cnn1C[13*],TRUE,0,2,1,1,0,0,1,1,1,1,4,7,0.25,17.82,1.0433,115.543,115.0063008,0
O=C1ONC(=O)[C@H]1[8*],TRUE,1,3,2,0,0,0,0,0,1,0,5,7,0.333333333,55.4,-1.0878,100.053,100.0034679,1
Cc1oc(nc1[12*])-c2ccccc2,TRUE,0,2,1,2,0,0,0,1,2,2,3,12,0.1,26.03,1.82462,158.18,158.0605889,0
[20*]OC(=O)/C(C)=C\C,TRUE,0,2,1,0,0,0,0,1,0,0,3,7,0.4,26.3,0.9601,99.109,99.04460446,0
ONC(=O)\C=C\c(cc1[*])ccc1,TRUE,2,2,1,1,0,0,0,2,1,1,4,12,0,49.33,0.3798,162.168,162.0555035,0
O[C@H]1[C@@H]([10*])NC[C@H](O)[C@H]1O,TRUE,4,4,0,0,0,0,0,0,1,0,5,9,1,72.72,-2.4523,132.139,132.0660682,4
O=C1N([7*])C(=O)c2cccc3cc(N)cc1c23,TRUE,1,3,1,1,0,0,0,0,3,2,5,16,0,63.4,1.4823,211.2,211.0507525,0
[14*]O/N=C(\Cl)c(c[n+]1[O-])ccc1,TRUE,0,3,1,1,2,0,1,2,1,1,6,11,0,48.53,0.7013,171.563,170.99613,0
[28*]Oc1cccc(c12)c(C)cc(n2)C,TRUE,0,2,1,1,0,0,0,1,2,2,3,13,0.181818182,22.12,2.69474,172.207,172.0762389,0
[27*]NC(=O)c1ccc(cc1)C(\N)=N\[H],TRUE,3,2,1,1,0,0,0,2,1,1,5,12,0,78.97,0.16477,162.172,162.0667369,0
[15*][C@H]1CC(=O)[C@@H](C2)C([C@H]12)(C)C,TRUE,0,1,0,0,0,0,0,0,3,0,2,10,0.888888889,17.07,1.9593,137.202,137.09664,3
O=C1SCC[C@@H]1[6*],TRUE,0,2,0,0,0,0,0,0,1,0,3,6,0.75,17.07,0.9877,101.15,101.0061108,1
c1ccccc1C(=O)Oc(ccc2Cl)cc2-c(cc3C)cc(c34)nnc(n4)Nc(cc5)ccc5O[14*],TRUE,1,7,1,4,0,0,1,6,5,5,9,35,0.037037037,86.23,6.45952,481.919,481.1067431,0
C1C[C@](O)(C)C[C@@H]2CC[C@H]([C@H]3[C@@]12C)[C@H]4[C@](C)(CC3)[C@@H]([21*])CC4,TRUE,1,1,0,0,0,0,0,0,4,0,2,21,1,20.23,5.1179,289.483,289.2531407,8
c1cc(OC)c(F)cc1-c(c(Cl)nc2)n2-c3ccc([1*])cc3,TRUE,0,3,1,3,0,0,2,3,3,3,6,21,0.0625,27.05,3.515,301.728,301.0543939,0
[1*]c1ccc(cc1)Oc2ccncc2,TRUE,0,2,1,2,0,0,0,2,2,2,3,13,0,22.12,2.0485,170.191,170.0605889,0
C1C[C@H](O)CN1[8*],TRUE,1,2,0,0,0,0,0,0,1,0,3,6,1,23.47,-0.4827,86.114,86.06058888,1
[10*]c1onc(c1)C,TRUE,0,2,1,1,0,0,0,0,1,1,3,6,0.25,26.03,0.15762,82.082,82.02928875,0
[17*]Oc1cccc(c12)c(O)c3c4c2oc(=O)c5c4c(oc3=O)ccc5C,TRUE,1,6,1,1,0,0,0,1,5,5,7,25,0.052631579,89.88,3.50072,333.275,333.039913,0
O=C(N1)[C@H]([11*])SC12CCN(C)CC2,TRUE,1,3,1,0,0,0,0,0,2,0,5,12,0.875,32.34,0.1467,185.272,185.074859,1
C1[C@H]([3*])COc(n12)nc([N+]([O-])=O)c2,TRUE,0,5,1,1,2,0,0,1,2,1,7,12,0.5,70.19,0.5215,168.132,168.0409161,1
[8*]N1CCC/C(C1=O)=C\c2cc(OC)c(cc2)-n3cc(C)nc3,TRUE,0,4,1,2,0,0,0,3,3,2,6,22,0.294117647,47.36,2.65942,296.35,296.1399018,0
O/N=C(\CC1)C=C(CC2)[C@@]1(C)[C@@H](CC3)[C@@H]2[C@@H]([C@]34C)CC[C@@H]4[13*],TRUE,1,2,1,0,0,0,0,0,4,0,3,21,0.842105263,32.59,5.1172,286.439,286.2170895,6
[C@H]12[C@@H]([*])[C@@H]3C[C@H](C1)C[C@H](C2)C3,TRUE,0,0,0,0,0,0,0,0,4,0,1,10,1,0,2.7803,135.23,135.1173755,0
O[C@@]1([22*])CC[C@H]([C@@]12C)[C@H]3[C@H](CC2)[C@]4(C)C(=C[C@@H]3O)C[C@@H](O)CC4,TRUE,3,3,0,0,0,0,0,0,4,0,4,22,0.894736842,60.69,2.5188,305.438,305.2116698,8
c1cc(I)cc(F)c1Nc(c(F)c(F)cc2)c2C(=O)N(C3)CC3([10*])O,TRUE,2,3,1,2,0,0,4,3,3,2,9,24,0.1875,52.57,3.1458,447.174,446.9817353,0
O=C1N(C)C(=O)C[C@@]1([6*])C,TRUE,0,2,1,0,0,0,0,0,1,0,4,9,0.666666667,37.38,0.103,126.135,126.0555035,1
Clc(c1)ccc(c12)nc(o2)Oc(cc3)ccc3O[7*],TRUE,0,4,1,2,0,0,1,3,3,3,6,18,0,44.49,4.1166,260.656,260.0114458,0
C1C[C@@H](C)CO[C@@]12O[C@@H]3[C@H]([C@@H]2C)[C@]4(C)[C@@H](C3)[C@H]5[C@H](CC4)[C@]6(C)C(=CC5)C[C@@H]([2*])CC6,TRUE,0,2,0,0,0,0,0,0,6,0,3,29,0.925925926,18.46,6.6908,397.623,397.3106556,11
c1ccc(O)c(c12)CC[C@H]([2*])C2,TRUE,1,1,1,1,0,0,0,0,2,1,2,11,0.4,20.23,2.2187,147.197,147.08099,1
O[C@]1([19*])CC[C@H]([C@@]12C)[C@H]3C(=CC2)[C@]4(C)C(CC3)=CC(=O)CC4,TRUE,1,2,1,0,0,0,0,0,4,0,3,21,0.736842105,37.3,3.6763,285.407,285.185455,5
c1cc(Br)cc(F)c1Nc(ncn2)c(c23)cc(OC)c(O[13*])c3,TRUE,1,5,1,2,0,0,2,4,3,3,8,22,0.066666667,56.27,4.1267,363.166,361.9940419,0
O=C1N([17*])C(=O)c(ccc2)n2[C@@]13CC(=O)NC3=O,TRUE,1,5,2,1,0,0,0,0,3,1,8,17,0.2,88.48,-1.3234,232.175,232.0358307,1
c1csc(c1[*])C(=O)Nc2c(C)cc(C)cc2C(=O)C,TRUE,1,3,1,2,0,0,0,3,2,2,5,19,0.2,46.17,2.99444,272.349,272.0745247,0
[32*]Oc1c(F)c(F)cc(F)c1F,TRUE,0,1,1,1,0,0,4,1,1,1,6,11,0,9.23,2.0861,165.065,164.9963525,0
O=C([9*])Oc1ccc(cc1)NC(=O)C,TRUE,1,3,1,1,0,0,0,2,1,1,5,13,0.111111111,55.4,1.6931,178.167,178.0504181,0
[13*]N1[C@@H](C)CN([C@@H](C1)C)C(=O)c(c2)c(Cl)cc(c23)n(C)cc3C(=O)C(=O)N(C)C,TRUE,0,5,1,1,0,0,1,3,3,2,9,28,0.45,65.86,2.1017,403.89,403.1536933,2
c1cc(O)cc(c12)c(C)c(n2C[17*])-c3ccc(O)cc3,TRUE,2,3,1,2,0,0,0,2,3,3,4,19,0.125,45.39,3.53472,252.293,252.1024537,0
O1CCc(c12)cccc2[6*],TRUE,0,1,1,1,0,0,0,0,2,1,2,9,0.25,9.23,0.7961,119.143,119.0496898,0
Oc(c1)c([N+]([O-])=O)cc(c12)CCN(C)C[C@@H]2[9*],TRUE,1,4,1,1,2,0,0,1,2,1,6,16,0.454545455,66.61,1.3787,221.236,221.0926173,1
[12*]N1C(=O)CCc(c12)c(OC)ccc2,TRUE,0,2,1,1,0,0,0,1,2,1,4,13,0.3,29.54,1.4387,176.195,176.0711536,0
c1cc(F)c(Cl)cc1Nc2ncnc(c23)cc(O[16*])c(c3)NC(=O)C=C,TRUE,2,5,1,2,0,0,2,5,3,3,9,25,0,76.14,4.1335,357.752,357.0554565,0
C1ONC(=N[C@@H]1[10*])c2cccnc2,TRUE,1,4,1,1,0,0,0,1,2,1,5,12,0.25,46.51,0.2384,162.172,162.0667369,1
[7*]Oc1c(C)nccc1,TRUE,0,2,1,1,0,0,0,1,1,1,3,8,0.166666667,22.12,1.23312,108.12,108.0449388,0
OC(=O)c(cc1)ccc1\C=C\c(c([18*])c2)cc(c23)C(C)(C)CCC3(C)C,TRUE,1,1,1,2,0,0,0,3,3,2,3,25,0.347826087,37.3,5.0788,333.451,333.185455,0
[16*]Cn1nccc1,TRUE,0,2,1,1,0,0,0,1,1,1,3,6,0.25,17.82,0.3899,81.098,81.04527316,0
[4*]Nc1cc(Cl)c(c(Cl)c1)Oc(c2)cnc(c23)cccc3,TRUE,1,3,1,2,0,0,2,3,3,3,6,20,0,34.15,5.2101,304.156,303.0091933,0
[5*]Nc1c([N+]([O-])=O)cc(C)cc1,TRUE,1,3,1,1,2,0,0,2,1,1,5,11,0.142857143,55.17,1.77942,151.145,151.0507525,0
[*]c1ccc(cc1)NC(=O)c2ccc(OC)cc2,TRUE,1,2,1,2,0,0,0,3,2,2,4,17,0.071428571,38.33,2.1221,226.255,226.0868036,0
s1ccc(CS2(=O)=O)c1C(=O)c(c23)c(NC(=O)[18*])ccc3,TRUE,1,5,1,2,0,0,0,1,3,2,8,20,0.076923077,80.31,2.3476,306.344,305.9894747,0
n1cccc(c12)CCC[C@@H]2[*],TRUE,0,1,1,1,0,0,0,0,2,1,2,10,0.444444444,12.89,2.0083,132.186,132.0813243,1
ON([8*])N=O,TRUE,1,3,1,0,0,0,0,1,0,0,5,4,0,52.9,-0.1767,61.02,61.00380227,0
O=C(C)Nc(ccc1)cc1N(CC2)CCN2[17*],TRUE,1,3,1,1,0,0,0,2,2,1,5,16,0.416666667,35.58,1.2313,218.28,218.1293371,0
Clc1cc(Cl)c(O)c(c12)nc([5*])cc2,TRUE,1,2,1,1,0,0,2,0,2,2,5,13,0,33.12,2.4218,213.043,211.9669941,0
c1ccnc(N[20*])c1C(=O)Nc(cc2)cc(c23)NCC3(C)C,TRUE,3,4,1,2,0,0,0,3,3,2,6,21,0.25,66.05,2.9132,281.339,281.1402362,0
[6*]NC(=O)c1n[nH]c(c12)cccc2,TRUE,2,2,1,1,0,0,0,1,2,2,5,12,0,57.78,0.757,160.156,160.0510868,0
s1ccc(c12)c(O)c(C(=O)N[14*])c(=O)n2C(C)C,TRUE,2,5,1,1,0,0,0,2,2,2,7,17,0.272727273,71.33,1.5436,251.287,251.0490382,0
C1COCCN1c2nc(O[16*])nc(c2)N/N=C/c3cc(C)ccc3,TRUE,1,7,1,2,0,0,0,5,3,2,8,23,0.3125,71.87,1.91072,312.353,312.1460498,0
Nc1nc(N)nc(c12)ccc([10*])c2,TRUE,2,4,1,1,0,0,0,0,2,2,5,12,0,77.82,-0.0312,159.172,159.0670712,0
CC1(C)N(O)C(C)(C)CC([*])C1,TRUE,1,2,0,0,0,0,0,0,1,0,3,11,1,23.47,2.3664,156.249,156.1388392,0
[22*]c1oc(=O)oc1C,TRUE,0,3,1,1,0,0,0,0,1,1,4,7,0.25,43.35,-0.28418,99.065,99.00821896,0
O=C1N([10*])C(=O)c(c12)cccc2NC(=O)C,TRUE,1,3,1,1,0,0,0,1,2,1,6,15,0.1,66.48,0.7053,203.177,203.0456671,0
c1ccccc1OC(=O)N(CC2)Cc(c23)ccc(c3)NC(=O)c4c(c(OC)ccc4)-c5ccc([35*])cc5,TRUE,1,4,2,4,0,0,0,5,5,4,7,36,0.133333333,67.87,5.3462,477.54,477.1814323,0
[6*]Cn1c(C)nc(c12)c(N)nc3c2nccc3,TRUE,1,5,1,1,0,0,0,1,3,3,6,16,0.181818182,69.62,1.37692,212.236,212.0936203,0
c1cc([123I])ccc1[17*],TRUE,0,0,1,1,0,0,1,0,1,1,2,7,0,0,1.4658,199.003589,198.9368891,0
[18*]NC(=O)c(c1)ccc(c12)cc[nH]2,TRUE,2,1,1,1,0,0,0,1,2,2,4,12,0,44.89,1.362,159.168,159.0558378,0
O=C([8*])NN(C)C(=S)c1ccccc1,TRUE,1,2,2,1,0,0,0,1,1,1,5,13,0.111111111,32.34,1.4678,193.251,193.0435589,0
Clc1cccc2c1C(=O)N(C)Cc(n23)c(nc3)-c4nc([23*])on4,TRUE,0,6,1,3,0,0,1,1,4,3,9,22,0.142857143,77.05,1.3359,314.712,314.0444772,0
O=C1OC[C@@H](O)/C1=C\[18*],TRUE,1,3,1,0,0,0,0,0,1,0,4,8,0.4,46.53,-0.6627,113.092,113.023869,1
c1cc(Cl)cc(c12)c3c(n2C[16*])nc4c(n3)cc(C)c(c4)C,TRUE,0,3,1,1,0,0,1,1,4,4,5,21,0.176470588,30.71,4.51474,294.765,294.0798001,0
C1CC12[C@](O)(C)C(=O)C=3C(=C2C)C([16*])=C(C3)C,TRUE,1,2,1,0,0,0,0,0,3,0,3,16,0.5,37.3,2.1801,215.272,215.1072047,1
BrC(F)(F)[22*],TRUE,0,0,0,0,0,0,3,0,0,0,4,4,1,0,1.4809,129.911,128.9151435,0
O=C1CC[C@H]([C@@]12C)[C@H]3[C@H](CC2)[C@]4(C)C(=CC3)C[C@@H]([2*])CC4,TRUE,0,1,0,0,0,0,0,0,4,0,2,20,0.842105263,17.07,4.8561,271.424,271.2061905,6
C1CCCN1c2cc(Cl)c(cc2)C(=O)N(CCC[C@@H]3[11*])c(c34)cccc4,TRUE,0,2,1,2,0,0,1,2,4,2,5,25,0.380952381,23.55,4.9712,353.873,353.142066,1
c1ncccc1\C=C\[2*],TRUE,0,1,1,1,0,0,0,1,1,1,2,8,0,12.89,1.6016,104.132,104.0500242,0
c1ccc(OC)c(c12)c(O)c(c(=O)n2C)C(=O)N(C)c3ccc([27*])cc3,TRUE,1,5,1,2,0,0,0,3,3,3,7,25,0.157894737,71.77,1.7039,337.355,337.118832,0
[3*]OC(=O)C(=O)C,TRUE,0,3,1,0,0,0,0,1,0,0,4,6,0.333333333,43.37,-0.4171,87.054,87.00821896,0
c1cc(Cl)c(O[12*])cc1NC(=S)c2c(C)occ2,TRUE,1,3,1,2,0,0,1,3,2,2,6,17,0.083333333,34.4,3.87212,266.729,266.0042522,0
FC(F)=C[6*],TRUE,0,0,0,0,0,0,2,0,0,0,3,4,0,0,1.2736,63.026,63.00463147,0
CC1(C)[C@@H](O)CC(=O)O[C@H]([26*])C/C=C(C)\C\C=C\[C@H](C)[C@H](O)[C@H](C1=O)C,TRUE,2,5,1,0,0,0,0,0,1,0,6,25,0.7,83.83,2.6807,351.463,351.2171491,5
[10*]c1ccnc(c12)cccc2,TRUE,0,1,1,1,0,0,0,0,2,2,2,10,0,12.89,1.4094,128.154,128.0500242,0
OC(C1)CN1[7*],TRUE,1,2,0,0,0,0,0,0,1,0,3,5,1,23.47,-0.8728,72.087,72.04493881,0
c1csc(c12)ccc([11*])c2,TRUE,0,1,1,1,0,0,0,0,2,2,2,9,0,0,2.0759,133.195,133.0111962,0
[1*]Nc1c(Cl)cc(F)cc1,TRUE,1,1,1,1,0,0,2,1,1,1,4,9,0,12.03,2.3553,144.556,144.00163,0
c1cc(O[28*])c(Cl)cc1Nc2ncnc(c23)ccc(c3)NC(OC4)=N[C@@H]4C,TRUE,2,7,1,2,0,0,1,4,4,3,9,26,0.166666667,80.66,4.0565,368.804,368.0914274,1
C1NC[C@H]([C@]12[8*])C2,TRUE,1,1,0,0,0,0,0,0,2,0,2,6,1,12.03,0.3175,82.126,82.06567426,2
c1ccccc1/C=c(\[nH]c2=O)c(=O)[nH]/c2=C\c3nc[nH]c3[6*],TRUE,3,3,1,3,0,0,0,2,3,3,7,21,0,94.4,-1.3815,279.279,279.0882006,0
c1cc(I)cc(F)c1Nc(n2C)c(C(=O)N[3*])cc(c2=O)C,TRUE,2,4,1,2,0,0,2,3,2,2,8,21,0.142857143,63.13,2.37512,400.171,399.9958278,0
C1CN([15*])C[C@H]([C@H]1N23)c4c2c(N(C)CC3)ccc4,TRUE,0,3,1,1,0,0,0,0,4,1,4,17,0.571428571,9.72,1.5786,228.319,228.1500726,2
[2*]c1c(O)cc(cc1O)/C=C/c2ccccc2,TRUE,2,2,1,2,0,0,0,2,2,2,3,16,0,40.46,2.4428,211.24,211.0759046,0
[O-][N+](=O)c1ncc([12*])n1C,TRUE,0,4,1,1,2,0,0,1,1,1,6,9,0.25,60.96,-0.4971,126.095,126.0303514,0
[nH]1cnc(=O)c(c12)ncn2C[17*],TRUE,1,4,1,1,0,0,0,1,2,2,6,11,0.166666667,63.57,-0.3736,149.133,149.0463358,0
[8*]Cn1ncnn1,TRUE,0,4,1,1,0,0,0,1,1,1,5,6,0.5,43.6,-0.8201,83.074,83.0357711,0
s1ccc(c12)ncnc2N[11*],TRUE,1,4,1,1,0,0,0,1,2,2,5,10,0,37.81,1.5675,150.186,150.0125931,0
c1ccc(Cl)cc1NC(=O)Nc(sc2[10*])nc2,TRUE,2,3,1,2,0,0,1,2,2,2,7,16,0,54.02,2.6151,252.706,251.9998355,0
O=C1NCCN1[15*],TRUE,1,1,1,0,0,0,0,0,1,0,4,6,0.666666667,32.34,-0.5241,85.086,85.04018778,0
Clc(c1)ccc(c12)n(cc2[7*])-c3ccc(F)cc3,TRUE,0,1,1,2,0,0,2,1,3,3,4,17,0,4.93,3.5976,244.676,244.0329302,0
COc(c1)nc(OC)nc1N[*],TRUE,1,5,1,1,0,0,0,3,1,1,6,11,0.333333333,56.27,0.37,154.149,154.0616515,0
c1cc(Cl)cc(Cl)c1-n2nc(C(=O)N[4*])c(C)c2-c3ccc(Cl)cc3,TRUE,1,3,1,3,0,0,3,3,3,3,8,24,0.058823529,46.92,5.00202,379.654,377.99677,0
[24*]O/N=C(CC1)/C[C@@H]2C(=O)C[C@H]([C@H]3[C@@]12C)[C@H]4[C@](C)(CC3)C(=O)CC4,TRUE,0,4,1,0,0,0,0,1,4,0,5,23,0.842105263,55.73,3.6141,316.421,316.1912687,6
O[C@]1([18*])C(=O)OCc(c2=O)c1cc(n23)c4c(C3)cc5c(n4)cccc5[N+]([O-])=O,TRUE,1,8,2,2,2,0,0,1,5,3,10,27,0.166666667,124.56,1.0846,364.293,364.05696,1
C[C@H]1NCc(c12)cc(cc2)-c(c3O[30*])ccc(c34)c(=O)c(C(=O)O)cn4C5CC5,TRUE,2,5,1,2,0,0,0,4,5,3,7,28,0.272727273,80.56,3.7089,375.404,375.1344821,1
O=c1nc(C)[nH]c(c12)cc(C)c([13*])c2,TRUE,1,2,1,1,0,0,0,0,2,2,4,13,0.2,45.75,0.71454,173.195,173.0714879,0
Clc(c1)ccc(c12)[nH]c(c2[1*])C(=O)N,TRUE,2,1,1,1,0,0,1,1,2,2,5,13,0,58.88,1.0948,193.613,193.0168655,0
c1cccc(c12)c(cn2C[12*])C(=O)C(=O)Nc3ccncc3,TRUE,1,4,1,2,0,0,0,4,3,3,6,21,0.0625,63.99,2.3645,278.291,278.0929516,0
[8*][C@H]1OC(=O)c(c12)c(OC)c(OC)cc2,TRUE,0,4,1,1,0,0,0,2,2,1,5,14,0.3,44.76,1.4221,193.178,193.0500838,1
O1COc(c2OC)c1cc(c23)CCN([C@H]3[9*])C,TRUE,0,4,1,1,0,0,0,1,3,1,5,16,0.5,30.93,1.4597,220.248,220.0973683,1
[18*]NC(=O)c1c(C(=O)O)cccc1,TRUE,2,2,1,1,0,0,0,2,1,1,5,12,0,66.4,0.5789,164.14,164.0347681,0
c1ccc(C(=O)O)cc1-c(cc2N[9*])ccc2,TRUE,2,2,1,2,0,0,0,3,2,2,4,16,0,49.33,2.928,212.228,212.0711536,0
C=C1[C@@H](F)C[C@H](O)C\C1=C\C=C(CCC2)\[C@@H]([C@]23C)CC=C3[13*],TRUE,1,1,1,0,0,0,1,1,3,0,3,21,0.578947368,20.23,4.5315,287.398,287.1811186,4
O=C(N)c(c1)nnn1C[8*],TRUE,1,4,1,1,0,0,0,2,1,1,6,9,0.25,73.8,-1.1162,125.111,125.0463358,0
O=c1n(C)c(=O)cc(n1C[17*])N2C[C@H](N)CCC2,TRUE,1,6,1,1,0,0,0,2,2,1,7,17,0.636363636,73.26,-1.0187,237.283,237.1351508,1
O=C(C)Oc(c1)sc(c12)CCN([10*])C2,TRUE,0,4,1,1,0,0,0,1,2,1,5,13,0.444444444,29.54,1.4958,196.251,196.0432246,0
O[C@@H]1[C@@H]([17*])O[C@H]([C@@H]1O)n2cnc(c23)c(N)nc(n3)-n4ncc(c4)C(=O)NC,TRUE,4,11,1,2,0,0,0,3,4,3,13,26,0.357142857,166.23,-1.9202,359.326,359.121626,4
C1C[C@@H](O)CN1[5*],TRUE,1,2,0,0,0,0,0,0,1,0,3,6,1,23.47,-0.4827,86.114,86.06058888,1
c1cc(Cl)sc1C(=O)N[12*],TRUE,1,2,1,1,0,0,1,1,1,1,5,9,0,29.1,1.5956,160.605,159.9623874,0
O=C1O[C@@H]([12*])CN1c2ccc(cc2)N3CCOCC3=O,TRUE,0,4,1,1,0,0,0,2,3,1,7,19,0.384615385,59.08,0.8818,261.257,261.0875319,1
O=c1c([14*])c(C)nc(n12)c(C)ccc2,TRUE,0,3,1,1,0,0,0,0,2,2,4,13,0.2,34.37,0.48594,173.195,173.0714879,0
C1CC(=C)[C@@H]2Oc(c(O)cc3)c4c3C[C@H]([C@]1([C@]245)O)N([15*])CC5,TRUE,2,4,1,1,0,0,0,0,5,1,5,21,0.529411765,52.93,1.5668,284.335,284.1286684,4
C1C[NH2+]CCN1c2c([*])cc(C)cc2,TRUE,1,1,1,1,1,1,0,1,2,1,3,13,0.454545455,19.85,-0.44698,176.263,176.1307999,0
c1ccc([15*])c(o2)c1c(=O)c(c23)ccc(C)c3C,TRUE,0,2,1,1,0,0,0,0,3,3,3,17,0.133333333,30.21,2.73764,223.251,223.0759046,0
O=c1nc(N)c(F)cn1[C@H]2O[C@@H]([11*])C=C2,TRUE,1,5,1,1,0,0,1,1,2,1,7,14,0.25,70.14,-0.075,196.161,196.0522297,2
[20*]c1cc(Cl)c(OC)cc1,TRUE,0,1,1,1,0,0,1,1,1,1,3,9,0.142857143,9.23,1.5232,141.577,141.0107175,0
[25*]c1ncccn1,TRUE,0,2,1,1,0,0,0,0,1,1,3,6,0,25.78,-0.3488,79.082,79.0296231,0
[16*]c1ccc(cc1)NC(=O)c2c(cc(OC)c(c2)OC)NC(=O)c(c3)cnc(c34)cccc4,TRUE,2,5,1,3,0,0,0,6,4,4,8,32,0.08,89.55,3.9312,426.452,426.1453811,0
c1cc(O)cc(c12)sc(-c3ccc(OC)cc3)c2Oc(cc4)ccc4O[12*],TRUE,1,5,1,3,0,0,0,5,4,4,6,26,0.047619048,47.92,5.9179,363.414,363.069105,0
[8*]C1CCCCCC1,TRUE,0,0,0,0,0,0,0,0,1,0,1,7,1,0,2.6784,97.181,97.10172542,0
[13*]O/N=C(\Cl)c1cccnc1,TRUE,0,3,1,1,0,0,1,2,1,1,5,10,0,34.48,1.4629,155.564,155.0012154,0
[*][C@@H]1OC[C@@H](O)[C@@H](O)C1,TRUE,2,3,0,0,0,0,0,0,1,0,4,8,1,49.69,-0.9961,117.124,117.0551691,3
O=C([8*])c1ccc(C)cc1,TRUE,0,1,1,1,0,0,0,1,1,1,2,9,0.125,17.07,1.68452,119.143,119.0496898,0
[9*]Cn1nc(C(=O)O)c(c12)cccc2,TRUE,1,3,1,1,0,0,0,2,2,2,5,13,0.111111111,55.12,1.2413,175.167,175.0507525,0
Clc1c(C)noc1N[1*],TRUE,1,3,1,1,0,0,1,1,1,1,5,8,0.25,38.06,1.51262,131.542,131.0012154,0
O1COc(c12)cc(C)c([12*])c2,TRUE,0,2,1,1,0,0,0,0,2,1,3,10,0.25,18.46,0.89832,135.142,135.0446045,0
c1cc(Cl)ccc1-c(cc2)ccc2C(=O)[6*],TRUE,0,1,1,2,0,0,1,2,2,2,3,15,0,17.07,3.6965,215.659,215.0263676,0
C1C[C@]([21*])(O)[C@@](C)(CC2)[C@@H]1[C@@H]([C@H]2[C@]34C)CC[C@H]3C[C@H](O)CC4,TRUE,2,2,0,0,0,0,0,0,4,0,3,21,1,40.46,3.6279,291.455,291.2324052,8
c1cc(I)cc(F)c1Nc(c2N[1*])c(F)c(F)cc2OC,TRUE,2,3,1,2,0,0,4,4,2,2,8,20,0.076923077,33.29,4.3369,393.126,392.9711706,0
c1cc(OC)c(O[*])c(c12)oc(C)c2C(=O)c3cc(OC)c(OC)c(c3)OC,TRUE,0,7,1,2,0,0,0,7,3,3,8,27,0.25,76.36,3.84972,371.365,371.1130779,0
[*]c1nnc(n12)ccc(n2)-c(c3)cnn3C,TRUE,0,6,1,2,0,0,0,1,3,3,7,15,0.111111111,60.9,-0.3006,199.197,199.0732192,0
c1ccnc(c12)ccc([*])c2,TRUE,0,1,1,1,0,0,0,0,2,2,2,10,0,12.89,1.4094,128.154,128.0500242,0
Clc1c(=O)c(Cl)c(OC)[nH]c1[11*],TRUE,1,2,1,1,0,0,2,1,1,1,6,11,0.166666667,42.09,0.8649,193.009,191.9619087,0
[8*]NC(=O)/C=C/c1cccnc1,TRUE,1,2,1,1,0,0,0,2,1,1,4,11,0,41.99,0.6753,147.157,147.0558378,0
c1cc(F)cc(N)c1NC(=O)c(cc2)ccc2[8*],TRUE,2,2,1,2,0,0,1,2,2,2,5,17,0,55.12,1.8348,229.234,229.0777162,0
O=C(C)N1CCC([3*])CC1,TRUE,0,1,1,0,0,0,0,0,1,0,3,9,0.857142857,20.31,0.9665,126.179,126.091889,0
[32*]c1ncc(C)cc1,TRUE,0,1,1,1,0,0,0,0,1,1,2,7,0.166666667,12.89,0.56462,92.121,92.05002419,0
Fc1cnc(nc1N[11*])Nc(cc2)cc(C)c2N3CCN(C)CC3,TRUE,2,6,1,2,0,0,1,4,3,2,8,23,0.375,56.32,2.29572,315.376,315.1733479,0
Fc(c1)c(NC)cc(c12)[nH]c(=O)n(c2=O)-c3ccc(cc3)NC(=O)N[1*],TRUE,4,5,1,2,0,0,1,3,3,3,10,25,0.0625,108.02,1.4456,342.31,342.1002425,0
c1cc(Cl)sc1[1*],TRUE,0,1,1,1,0,0,1,0,1,1,3,6,0,0,1.5761,117.58,116.9565737,0
[14*]NC(=O)c1cccc(c12)nc3c(n2)c(C)ccc3,TRUE,1,3,1,1,0,0,0,1,3,3,5,18,0.071428571,54.88,2.28552,236.254,236.0823869,0
[nH]1cc(Cl)c(c12)cccc2N[1*],TRUE,2,1,1,1,0,0,1,1,2,2,4,11,0,27.82,2.6975,165.603,165.0219509,0
c1cc(O)cc(c12)CC[C@@H]([8*])C2,TRUE,1,1,1,1,0,0,0,0,2,1,2,11,0.4,20.23,2.2187,147.197,147.08099,1
[6*]NC(=O)c1cccnc1,TRUE,1,2,1,1,0,0,0,1,1,1,4,9,0,41.99,0.2757,121.119,121.0401878,0
[7*]Oc1nc(C)cc(n1)C,TRUE,0,3,1,1,0,0,0,1,1,1,4,9,0.333333333,35.01,0.93654,123.135,123.0558378,0
O[C@H]1[C@@H](O)[C@@H](O[C@@H]1[13*])n2nc(nc2)C(\N)=N\[H],TRUE,4,7,1,1,0,0,0,2,2,1,9,15,0.571428571,130.27,-2.31183,212.189,212.0783642,4
C1=C[C@H]([1*])[C@@H]2Oc(c(O)cc3)c4c3C[C@H]([C@H]1[C@]245)N(C)CC5,TRUE,1,3,1,1,0,0,0,0,5,1,4,20,0.529411765,32.7,2.175,268.336,268.1337538,5
I[C@@H]1[C@H](O)[C@@H](O)[C@H](C)O[C@H]1[1*],TRUE,2,3,0,0,0,0,1,0,1,0,5,10,1,49.69,-0.1941,257.047,256.9674672,5
c1cc(N)c(Cl)cc1C(=O)N[8*],TRUE,2,2,1,1,0,0,1,1,1,1,5,11,0,55.12,1.1163,169.591,169.0168655,0
c1ccccc1-c(c(O)c2C(=O)N[4*])nc(c23)cccc3,TRUE,2,3,1,2,0,0,0,2,3,3,5,20,0,62.22,2.8015,263.276,263.0820526,0
F/C=C(\[C@@H]1O)[C@@H](O[C@@H]1[12*])n2ccc(N)nc2=O,TRUE,2,6,1,1,0,0,1,1,2,1,8,16,0.333333333,90.37,-0.556,226.187,226.0627944,3
[18*]NC(=O)c1cc2cccc(c2n13)CCC3,TRUE,1,2,1,1,0,0,0,1,3,2,4,15,0.25,34.03,1.7816,199.233,199.087138,0
CN1C(=O)[C@@H]([3*])N=C(c(c12)cccc2)c3ccccc3,TRUE,0,2,1,2,0,0,0,1,3,2,4,19,0.125,32.67,2.3758,249.293,249.102788,1
Brc1cc(Cl)cc(c12)CCc3c([C@@H]2[9*])ncc(Br)c3,TRUE,0,1,2,2,0,0,3,0,3,2,5,18,0.214285714,12.89,4.9973,386.494,383.8790262,1
O=C(N)N1CCC([18*])CC1,TRUE,1,1,1,0,0,0,0,0,1,0,4,9,0.833333333,46.33,0.4987,127.167,127.087138,0
C1C[C@H]([7*])Oc(c12)cccc2,TRUE,0,1,1,1,0,0,0,0,2,1,2,10,0.333333333,9.23,1.887,133.17,133.0653399,1
c1cc(F)ccc1-c(cc2[10*])cnc2,TRUE,0,1,1,2,0,0,1,1,2,2,3,13,0,12.89,2.0623,172.182,172.0562524,0
c1cc(Cl)cc(c12)nccc2-n3nc(C(=O)N[12*])cc3-c4c(OC)cccc4OC,TRUE,1,6,1,3,0,0,1,5,4,4,9,29,0.095238095,78.27,3.9522,407.837,407.0910931,0
c1cc(F)ccc1C(=O)N[3*],TRUE,1,1,1,1,0,0,1,1,1,1,4,10,0,29.1,1.0198,138.121,138.035517,0
O=C(C)N(CC1)CCN1[5*],TRUE,0,2,1,0,0,0,0,0,1,0,4,9,0.833333333,23.55,-0.3852,127.167,127.087138,0
[C@H]12[C@H]3[C@H](O3)[C@H](C1)C[C@@H]2[13*],TRUE,0,1,0,0,0,0,0,0,3,0,2,8,1,12.53,1.1314,109.148,109.0653399,5
[12*]Oc1ccc(cc1)-c2ccc(cc2)C(\N)=N\[H],TRUE,2,2,1,2,0,0,0,3,2,2,4,16,0,59.1,2.48077,211.244,211.087138,0
O=c1[nH]c2cccc(c2n13)C[C@@H]([2*])C3,TRUE,1,2,1,1,0,0,0,0,3,2,4,13,0.3,37.79,1.2235,173.195,173.0714879,1
[7*]NC(=O)c1cc(Cl)c(N)c(c12)CCO2,TRUE,2,3,1,1,0,0,1,1,2,1,6,14,0.222222222,64.35,1.0512,211.628,211.0274302,0
O=c1ncc(I)cn1[C@H](O[C@@H]2[11*])C[C@@H]2O,TRUE,1,5,1,1,0,0,1,1,2,1,7,14,0.5,64.35,0.0031,307.067,306.9579651,3
c1cccc(c12)n(C)cc2C(C(=O)NC3=O)=C3c(c(c45)cccc5)cn4C(CC6)CCN6[14*],TRUE,1,5,1,2,0,0,0,3,6,4,7,32,0.230769231,59.27,3.8014,423.496,423.182101,0
[25*]c1ccc(cc1)Oc2ccc(cc2)C(=O)O,TRUE,1,2,1,2,0,0,0,3,2,2,4,16,0,46.53,2.3517,213.212,213.0551691,0
[5*]c1cccc(c12)c(co2)-c3ccccc3,TRUE,0,1,1,2,0,0,0,1,3,3,2,15,0,13.14,3.2744,193.225,193.0653399,0
O=S1(=O)N([11*])C(=O)c(c12)cccc2,TRUE,0,3,1,1,0,0,0,0,2,1,6,12,0,54.45,0.2954,182.18,181.991189,0
c1ccc(C(=O)N[6*])c(n2)c1nc3ccc(c4c23)c(OC)ccc4,TRUE,1,4,1,1,0,0,0,2,4,4,6,23,0.055555556,64.11,3.1389,302.313,302.0929516,0
c1cc(F)cc(F)c1Oc(c(=O)n2C)cc(c23)cnc(n3)N[9*],TRUE,1,6,1,2,0,0,2,3,3,3,9,22,0.071428571,69.04,2.2752,303.248,303.069357,0
C1COCCC1[5*],TRUE,0,1,0,0,0,0,0,0,1,0,2,6,1,9.23,1.1346,85.126,85.06533991,0
Cc1c(C)sc(c12)c(Br)c3c(cccc3)c2-c4cc(C)c(O[22*])c(c4)C,TRUE,0,2,1,2,0,0,1,2,4,4,4,25,0.181818182,9.23,7.56078,410.356,409.0261733,0
O[C@@H]1[C@H](O)[C@H](O[C@H]1[13*])n2nc(nc2)C(=O)N,TRUE,3,7,1,1,0,0,0,2,2,1,9,15,0.571428571,123.49,-2.497,213.173,213.0623798,4
C1CN(C)O[C@@H]([C@@]12C)N(C)c3c2cc(cc3)OC(=O)Nc4c([22*])cccc4,TRUE,1,5,1,2,0,0,0,2,4,2,7,26,0.35,54.04,2.7728,352.414,352.1661166,2
c1cccc(c12)Oc3c(N2[6*])cccc3,TRUE,0,2,1,2,0,0,0,0,3,2,3,14,0,12.47,3.3947,182.202,182.0605889,0
C1[C@@H]([3*])COc(c12)c(F)ccc2C(=O)N,TRUE,1,2,1,1,0,0,1,1,2,1,5,14,0.3,52.32,1.1973,194.185,194.0617317,1
[12*]c1cnc(n12)cccc2,TRUE,0,2,1,1,0,0,0,0,2,2,3,9,0,17.3,0.5089,117.131,117.0452732,0
c1cccc(CO2)c1C23CCN([11*])CC3,TRUE,0,2,1,1,0,0,0,0,3,1,3,14,0.5,12.47,1.9722,188.25,188.1075391,0
c1cc(F)ccc1-n(cc2[19*])c(c23)cccc3,TRUE,0,1,1,2,0,0,1,1,3,3,3,16,0,4.93,2.9442,210.231,210.0719025,0
O=C1N([16*])C(=O)N(C)C1(C)C,TRUE,0,2,1,0,0,0,0,0,1,0,5,10,0.666666667,40.62,0.1233,141.15,141.0664025,0
c1cc(F)c(Cl)cc1C(=O)N[9*],TRUE,1,1,1,1,0,0,2,1,1,1,5,11,0,29.1,1.6732,172.566,171.9965446,0
[6*][C@@H]1[C@H](O)C(C)(C)Oc(c12)ccc(c2)C(=O)C,TRUE,1,3,1,1,0,0,0,1,2,1,4,16,0.461538462,46.53,2.0115,219.26,219.1021193,2
Fc1cccnc1-c(n2C[10*])ncc2,TRUE,0,3,1,2,0,0,1,2,2,2,5,13,0.111111111,30.71,1.591,176.174,176.0624004,0
C1[C@H]([2*])[C@@H](O)[C@H](O)[C@H](N12)[C@@H](O)CC2,TRUE,3,4,0,0,0,0,0,0,2,0,5,12,1,63.93,-1.5052,172.204,172.0973683,5
COc(c1)c(OC)cc(c12)C(=NN=C([C@@H]2[8*])C)c3cc(OC)c(OC)cc3,TRUE,0,6,1,2,0,0,0,5,3,2,7,26,0.3,61.64,3.5383,353.398,353.1501322,1
Cc1n(C)nc(c12)cc(cc2)N(C)c3nc(ncc3)Nc(c4)ccc(c4[*])C,TRUE,1,6,1,3,0,0,0,4,4,4,7,27,0.19047619,58.87,3.66624,357.441,357.1827697,0
[1*]c1scc(n1)-c(cc2)cc[n+]2C,TRUE,0,2,1,2,1,1,0,1,2,2,4,12,0.111111111,16.77,0.8092,176.244,176.0402707,0
COc(c1)ccc(c12)cccc2[4*],TRUE,0,1,1,1,0,0,0,1,2,2,2,12,0.090909091,9.23,2.023,157.192,157.0653399,0
CN([11*])C(=O)c1ccccc1,TRUE,0,1,1,1,0,0,0,1,1,1,3,10,0.125,20.31,1.2229,134.158,134.0605889,0
O[C@H]1CC[C@H]([C@@]12C)[C@H]3[C@H](CC2)c4c(CC3)cc(O[*])cc4,TRUE,1,2,1,1,0,0,0,1,4,1,3,20,0.666666667,29.46,3.7467,271.38,271.169805,5
[6*]c1c(C)[nH]c(c12)cccc2,TRUE,1,0,1,1,0,0,0,0,2,2,2,10,0.111111111,15.79,1.65092,130.17,130.0656743,0
ONC(=O)\C=C\c(cc1)ccc1[14*],TRUE,2,2,1,1,0,0,0,2,1,1,4,12,0,49.33,0.3798,162.168,162.0555035,0
O[C@@H]1CS[C@@H]([1*])[C@H](O)[C@H]1O,TRUE,3,4,0,0,0,0,0,0,1,0,5,9,1,60.69,-1.3087,149.191,149.0272401,4
C1O[C@@H]([14*])O[C@H]1n2cnc(c23)c(N)nc(n3)N,TRUE,2,8,1,1,0,0,0,1,3,2,9,16,0.375,114.1,-0.631,221.2,221.0786985,2
O1[C@@H]([9*])COc(c1c23)ccc2NC(=O)C3,TRUE,1,3,1,1,0,0,0,0,3,1,5,14,0.3,47.56,0.8278,190.178,190.0504181,1
c1ccoc1-c(nc(n2)N)c(c23)nnn3C[9*],TRUE,1,7,1,2,0,0,0,2,3,3,8,16,0.111111111,95.65,0.5703,215.196,215.0681338,0
c1cc(N)c(C)cc1[8*],TRUE,1,1,1,1,0,0,0,0,1,1,2,8,0.142857143,26.02,0.75182,106.148,106.0656743,0
c1cc([*])cc(c12)[nH]nc2/C=C/c3ncccc3,TRUE,1,2,1,2,0,0,0,2,3,3,4,17,0,41.57,2.3029,220.255,220.0874723,0
CNC(=O)c(c1[*])cccc1,TRUE,1,1,1,1,0,0,0,1,1,1,3,10,0.125,29.1,0.2208,134.158,134.0605889,0
COc1nc(C)cnc1N[*],TRUE,1,4,1,1,0,0,0,2,1,1,5,10,0.333333333,47.04,0.66982,138.15,138.0667369,0
n1ncoc1-c(cc2)ccc2-c(c3[*])nccc3,TRUE,0,4,1,3,0,0,0,2,3,3,5,17,0,51.81,1.9732,222.227,222.0667369,0
ClN[7*],TRUE,1,1,0,0,0,0,1,0,0,0,3,2,0,12.03,0.1941,50.468,49.97975171,0
c1cc(F)cc(c1[15*])C,TRUE,0,0,1,1,0,0,1,0,1,1,2,8,0.142857143,0,1.30872,109.123,109.0453534,0
[9*]NC(=O)c1ccc(cc1)-c(cc2)cc[n+]2[O-],TRUE,1,2,1,2,2,0,0,2,2,2,5,16,0,56.04,1.1811,213.216,213.0664025,0
[12*]c1nccnc1,TRUE,0,2,1,1,0,0,0,0,1,1,3,6,0,25.78,-0.3488,79.082,79.0296231,0
CC1([5*])CCN(CC1)C(=O)c2c(C)ncnc2C,TRUE,0,3,1,1,0,0,0,1,2,1,5,17,0.615384615,46.09,2.05734,232.307,232.1449872,0
FC([17*])(C)C,TRUE,0,0,0,0,0,0,1,0,0,0,2,4,1,0,1.2413,61.079,61.04535341,0
O/N=C/c(cc1)ccc1[12*],TRUE,1,2,1,1,0,0,0,1,1,1,3,9,0,32.59,0.6693,120.131,120.0449388,0
O[C@@H]1[C@@H](F)[C@H](O[C@H]1[12*])n2cc(C)c(=O)[nH]c2=O,TRUE,2,5,1,1,0,0,1,1,2,1,8,16,0.555555556,84.32,-1.05178,229.187,229.06246,4
O=C(N)c(c1)oc(c12)ccc(c2)N(CC3)CCN3[11*],TRUE,1,4,1,1,0,0,0,2,3,2,6,18,0.307692308,62.71,1.118,244.274,244.1086017,0
c1ccc(Cl)c(c12)c(O)c(c(=O)n2C)C(=O)N([12*])c3ccccc3,TRUE,1,4,1,2,0,0,1,2,3,3,7,23,0.058823529,62.54,3.0086,327.747,327.0536449,0
O1O[C@](C)(CC2)O[C@H]3O[C@H]([4*])[C@H](C)[C@@H]4CC[C@H]([C@H]2[C@]134)C,TRUE,0,4,0,0,0,0,0,0,5,0,5,19,1,36.92,2.7437,267.345,267.1596342,8
Clc(c1)ccc2c1C(c(c23)cc(Cl)cc3[6*])=Cc4ccc(Cl)cc4,TRUE,0,0,1,3,0,0,3,1,4,3,4,23,0,0,6.3907,356.659,354.9848084,0
OP(=O)(O)n1[nH]c([22*])nc1=O,TRUE,3,4,1,1,0,0,0,1,1,1,9,10,0,108.21,-2.3132,164.037,163.9861172,0
[*]Nc1ccnn1-c2ccccc2,TRUE,1,3,1,2,0,0,0,2,2,2,4,12,0,29.85,1.7485,158.184,158.0718223,0
c1ccccc1C(/Cl)=C(\c2ccc(O[6*])cc2)c3ccccc3,TRUE,0,1,1,3,0,0,1,4,3,3,3,22,0,9.23,5.6851,305.784,305.0733177,0
c1c([6*])ccc(c12)Sc3c(C(=O)C2)cccc3,TRUE,0,2,2,2,0,0,0,0,3,2,3,16,0.071428571,17.07,2.7512,225.292,225.0374109,0
O=C1C(C)=C(C)C(=O)C(=C1[4*])C,TRUE,0,2,1,0,0,0,0,0,1,0,3,11,0.333333333,34.14,1.2979,149.169,149.0602545,0
O[C@H]1C(=O)O[C@H]([C@@]12[C@]345)O[C@@]3(C(=O)O[C@@H]4C[C@H]2[21*])[C@]6(O)[C@H](C5)OC(=O)[C@H]6C,TRUE,2,9,3,0,0,0,0,0,6,0,10,25,0.8125,128.59,-1.6648,351.287,351.0716071,10
O[C@H]1C(=O)O[C@H]([C@@]12[C@]345)O[C@@]3(C(=O)O[C@@H]4C[C@H]2[22*])[C@]6(O)[C@H]([C@@H]5O)OC(=O)[C@H]6C,TRUE,3,10,3,0,0,0,0,0,6,0,11,26,0.8125,148.82,-2.694,367.286,367.0665217,11
O[C@H]1C(=O)O[C@H]([C@@]12[C@]345)O[C@@]3(C(=O)O[C@@H]4[C@H](O)[C@H]2[23*])[C@]6(O)[C@H]([C@@H]5O)OC(=O)[C@H]6C,TRUE,4,11,3,0,0,0,0,0,6,0,12,27,0.8125,169.05,-3.7232,383.285,383.0614363,12
O[C@H]1C(=O)O[C@H]([C@@]12[C@]345)O[C@@]3(C(=O)O[C@@H]4[C@H](O)[C@H]2[22*])[C@]6(O)[C@H](C5)OC(=O)[C@H]6C,TRUE,3,10,3,0,0,0,0,0,6,0,11,26,0.8125,148.82,-2.694,367.286,367.0665217,11
O[C@H]1C(=O)O[C@H]([C@@]12[C@]345)O[C@@]3(C(=O)O[C@@H]4[C@H](O)[C@H]2[22*])[C@H]6[C@H]([C@@H]5O)OC(=O)[C@H]6C,TRUE,3,10,3,0,0,0,0,0,6,0,11,26,0.8125,148.82,-2.8381,367.286,367.0665217,12
C1CC(=O)C=C(CC2)[C@@]1(C)[C@@](F)([C@@H](O)C3)[C@@H]2[C@@H]([C@]34C)C[C@@H]5[C@@]4([21*])OC(O5)(C)C,TRUE,1,4,1,0,0,0,1,0,5,0,6,27,0.863636364,55.76,3.5882,377.476,377.2128127,8
OC(=O)C(=O)Nc(cc([18*])c1)c(Cl)c1NC(=O)C(=O)O,TRUE,4,4,1,1,0,0,1,2,1,1,10,19,0,132.8,-0.4392,285.619,284.9914386,0
C1C[N@@+]([12*])(C)[C@@H]([C@]2([C@]134)O)Cc5c4c(c(O)cc5)O[C@H]3C(=O)CC2,TRUE,2,4,1,1,1,1,0,0,5,1,6,22,0.588235294,66.76,0.7243,301.342,301.1308595,5
c1ccc(c(N)c1[7*])C(=O)c2ccccc2,TRUE,1,2,1,2,0,0,0,2,2,2,3,15,0,43.09,1.6744,196.229,196.0762389,0
[10*]N1CCCNCCNCCCNCC1,TRUE,3,4,0,0,0,0,0,0,1,0,5,14,1,39.33,-0.6847,199.322,199.1922717,0
[12*]NC(=O)c1oc(nn1)C,TRUE,1,4,1,1,0,0,0,1,1,1,6,9,0.25,68.02,-0.42788,126.095,126.0303514,0
n1cc(OC)cnc1N[*],TRUE,1,4,1,1,0,0,0,2,1,1,5,9,0.2,47.04,0.3614,124.123,124.0510868,0
S[C@@H]([6*])C,TRUE,1,1,0,0,0,0,0,0,0,0,2,3,1,0,0.8115,61.129,61.01119616,1
O[C@@H](C1)N=C(N)N[C@H]1[24*],TRUE,3,4,1,0,0,0,0,0,1,0,5,8,0.75,70.64,-1.5118,114.128,114.0667369,2
[5*]Oc(c1)ccc(c12)[nH]cc2,TRUE,1,1,1,1,0,0,0,1,2,2,3,10,0,25.02,2.011,132.142,132.0449388,0
[5*]Cn1cccc1,TRUE,0,1,1,1,0,0,0,1,1,1,2,6,0.2,4.93,0.9949,80.11,80.05002419,0
Clc1cccc(c12)nc([15*])n(c2=O)-c3c(OC)cccc3,TRUE,0,4,1,2,0,0,1,2,3,3,6,20,0.066666667,44.12,2.2223,285.71,285.0430802,0
c1cccc(c12)n(cc2[9*])-c3ccc(C)cc3,TRUE,0,1,1,2,0,0,0,1,3,3,2,16,0.066666667,4.93,3.11352,206.268,206.0969744,0
[6*]NC(=O)c(c1)ccc(c12)n(C)cc2-c(c3)[nH]c(c34)nccc4,TRUE,2,3,1,2,0,0,0,2,4,4,6,22,0.058823529,62.71,2.9157,289.318,289.108936,0
Clc1ccc(cc1[1*])-c2sc(nc2C)NC(=O)C,TRUE,1,3,1,2,0,0,1,2,2,2,6,17,0.166666667,41.99,2.90492,265.745,265.0202366,0
C1NC(=O)N[C@@H]1[6*],TRUE,2,1,1,0,0,0,0,0,1,0,4,6,0.666666667,41.13,-0.8254,85.086,85.04018778,1
C[C@H]1O[C@H](C[C@@H]1[2*])n2cnc(c23)c(N)ncn3,TRUE,1,6,1,1,0,0,0,1,3,2,7,16,0.5,78.85,1.0537,218.24,218.104185,3
n1csc2c1ccc(c2=3)=NC(=O)C3[12*],TRUE,0,3,1,1,0,0,0,0,3,2,5,13,0,42.32,0.1136,187.203,186.9966087,0
[6*]c1cc(OC)c(cc1)-c2ccccc2,TRUE,0,1,1,2,0,0,0,2,2,2,2,14,0.076923077,9.23,2.5368,183.23,183.08099,0
[21*]c1c(C)nc(N)nc1N,TRUE,2,4,1,1,0,0,0,0,1,1,5,9,0.2,77.82,-0.87598,123.139,123.0670712,0
c1c([17*])ccc(OC2)c1C23CCN(CC3)C(=O)/C=C/c4ccccc4,TRUE,0,2,2,2,0,0,0,2,4,2,4,24,0.285714286,29.54,2.8272,318.396,318.1494039,0
Clc(c1)ccc(c12)[nH]c(=O)c(c2N[8*])-c([nH]3)nc(c34)cccc4,TRUE,3,3,1,2,0,0,1,2,4,4,7,22,0,73.57,3.601,309.736,309.0543136,0
[H]/N=C(\N)c(c1)c(F)cc(c12)[nH]c(c2)-c(c(O)c3O[7*])ccc3,TRUE,4,3,1,2,0,0,1,3,3,3,7,21,0,95.12,2.80677,284.27,284.0835298,0
C[C@@H]1[C@@H]([1*])CCCC1,TRUE,0,0,0,0,0,0,0,0,1,0,1,7,1,0,2.5343,97.181,97.10172542,2
[3*]C1CCCCCCC1,TRUE,0,0,0,0,0,0,0,0,1,0,1,8,1,0,3.0685,111.208,111.1173755,0
[7*][C@@H]1[C@@H](O)CCC1,TRUE,1,1,0,0,0,0,0,0,1,0,2,6,1,20.23,0.869,85.126,85.06533991,2
[8*][C@@H]1[C@@H](O)Cc(c12)ccc(c2)-c3ccc(O)cc3,TRUE,2,2,1,2,0,0,0,1,3,2,3,17,0.2,40.46,2.5666,225.267,225.0915547,2
[8*][C@@H]1[C@@H](O)Cc(c12)cc(cc2)-c3cc(OC)ccc3,TRUE,1,2,1,2,0,0,0,2,3,2,3,18,0.25,29.46,2.8696,239.294,239.1072047,2
c1cc(O)c(F)cc1-c(c2)cc([20*])c(c23)cc(O)cc3,TRUE,2,2,1,2,0,0,1,1,3,3,4,19,0,40.46,3.2317,253.252,253.0664828,0
c1cccc(c12)cccc2NC(=O)Nc3cc([6*])nn3-c4cc(N)ccc4,TRUE,3,4,1,3,0,0,0,3,4,4,7,26,0,84.97,3.4263,342.382,342.1354851,0
c1ccccc1NC(=O)Nc2cc([6*])nn2-c3cc(N)ccc3,TRUE,3,4,1,3,0,0,0,3,3,3,7,22,0,84.97,2.2731,292.322,292.1198351,0
C1CCCc(c12)sc3c2c(=O)n(C[19*])cn3,TRUE,0,4,1,1,0,0,0,1,3,2,5,15,0.454545455,34.89,1.8436,219.289,219.059209,0
O=C([3*])Nc1ccncc1,TRUE,1,2,1,1,0,0,0,1,1,1,4,9,0,41.99,1.1628,121.119,121.0401878,0
[1*]c1cc(Cl)c(N)c(F)c1,TRUE,1,1,1,1,0,0,2,0,1,1,4,9,0,26.02,1.2359,144.556,144.00163,0
[10*]OC(=O)c1c(=O)[nH]c(N)nc1,TRUE,2,5,1,1,0,0,0,1,1,1,7,11,0,98.07,-1.0268,154.105,154.025266,0
c1cccc(Cl)c1-c(nc2[10*])oc2C,TRUE,0,2,1,2,0,0,1,1,2,2,4,13,0.1,26.03,2.47802,192.625,192.0216165,0
C1CC[C@H]([13*])N1c2nc(nc(c2)C)-n3ccnc3,TRUE,0,5,1,2,0,0,0,2,3,2,6,17,0.416666667,46.84,1.44632,228.279,228.1249204,1
O=C([10*])Nc1c(F)cc(cc1)-n2c(=O)cccc2,TRUE,1,3,1,2,0,0,1,2,2,2,6,17,0,51.1,2.0578,231.206,231.0569807,0
O=C1N([7*])C(=O)c(c12)ccc(c2)C(=O)O,TRUE,1,3,1,1,0,0,0,1,2,1,6,14,0,74.68,0.4451,190.134,190.0140326,0
[O-][N+](=O)C[5*],TRUE,0,2,1,0,2,0,0,1,0,0,4,4,1,43.14,-0.2301,60.032,60.0085533,0
c1ccc([30*])cc1NC(=O)c(c2)ccc(C)c2-c(c3)ccc(c34)nc(N)nc4,TRUE,2,4,1,3,0,0,0,3,4,4,6,27,0.045454545,80.9,3.61432,353.405,353.1402362,0
c1cc(O)ccc1-c(o2)cc(c23)cc(O)cc3[13*],TRUE,2,3,1,2,0,0,0,1,3,3,4,17,0,53.6,2.6856,225.223,225.0551691,0
c1ccccc1-c(n2C[16*])ccc2-c3ccccc3,TRUE,0,1,1,3,0,0,0,3,3,3,2,18,0.058823529,4.93,4.3289,232.306,232.1126244,0
[*]c1ccc(cc1)-c(c2)cnc(c23)cccc3Nc4ncccc4,TRUE,1,3,1,3,0,0,0,3,4,4,4,23,0,37.81,4.215,296.353,296.1187724,0
c1cc(Cl)c([25*])cc1Nc([nH]2)nc(c23)ccc(c3)Oc4cc(ncc4)C(=O)NC,TRUE,3,5,1,3,0,0,1,5,4,4,9,28,0.05,91.93,3.6814,392.826,392.0914274,0
C1C[C@H](S)CN1[*],TRUE,1,2,0,0,0,0,0,0,1,0,3,6,1,3.24,0.4548,102.182,102.0377453,1
[nH]1cnc(c12)nc(nc2O[12*])Nc3ccccc3,TRUE,2,5,1,2,0,0,0,3,3,3,7,17,0,75.72,1.9396,226.219,226.0728849,0
C1=C[C@]([11*])(O)Oc(c12)cccc2,TRUE,1,2,1,1,0,0,0,0,2,1,3,11,0.111111111,29.46,1.2876,147.153,147.0446045,1
[10*]Oc1cc(cnc1)-c(c2)ccc(c23)cncc3,TRUE,0,3,1,2,0,0,0,2,3,3,4,17,0,35.01,3.1399,221.239,221.0714879,0
[6*][C@@H]1C=Nc(c12)cccc2,TRUE,0,1,1,1,0,0,0,0,2,1,2,9,0.125,12.36,1.9929,116.143,116.0500242,1
CN([6*])C(=O)NO,TRUE,2,2,1,0,0,0,0,0,0,0,5,6,0.5,52.57,-0.5187,89.074,89.0351024,0
C1CC[C@H](N12)c3c(C2=O)cccc3NC(=O)Nc(c4)n[nH]c4[16*],TRUE,3,3,1,2,0,0,0,2,4,2,8,22,0.266666667,90.12,1.519,296.31,296.1147497,1
[11*]Oc1cc(cnc1)-c(c2)ccc(c23)[nH]nc3,TRUE,1,3,1,2,0,0,0,2,3,3,5,16,0,50.8,2.468,210.216,210.0667369,0
[6*]C=1C=N[C@@H](C12)C=CC=C2,TRUE,0,1,1,0,0,0,0,0,2,0,2,9,0.125,12.36,1.3688,116.143,116.0500242,1
C1CC([13*])CCN1C(=O)Nc2c(C(=O)O)cccc2,TRUE,2,2,1,1,0,0,0,2,2,1,6,18,0.384615385,69.64,2.3503,247.274,247.1082673,0
Clc(c1)sc(c12)[nH]c(c2)C(=O)N[6*],TRUE,2,2,1,1,0,0,1,1,2,2,6,12,0,44.89,2.0769,199.642,198.9732864,0
O[C@H]1[C@H]([4*])Cc(c12)cccc2,TRUE,1,1,1,1,0,0,0,0,2,1,2,10,0.333333333,20.23,1.6139,133.17,133.0653399,2
[18*]O/N=C/c1[nH]c(=O)[nH]c(=O)c1,TRUE,2,4,1,1,0,0,0,2,1,1,7,11,0,87.31,-1.122,154.105,154.025266,0
[19*]O/N=C/c1ccc(cc1)C(=O)O,TRUE,1,3,1,1,0,0,0,3,1,1,5,12,0,58.89,1.1996,164.14,164.0347681,0
[7*]Nc1sc(cn1)C(=O)Nc2c(C)ccc(c2)C(=O)NC,TRUE,3,5,1,2,0,0,0,4,2,2,8,20,0.153846154,83.12,1.93962,289.34,289.0759217,0
C1C[C@H](F)CN1C(=O)[17*],TRUE,0,1,1,0,0,0,1,0,1,0,4,8,0.8,20.31,0.6995,116.115,116.0511671,1
FC([14*])=C1CCCC1,TRUE,0,0,0,0,0,0,1,0,1,0,2,7,0.666666667,0,2.2908,99.128,99.06100348,0
O=C([9*])NC(=O)Nc1cc(F)c(cc1)Oc2cc(N)ncc2,TRUE,3,5,1,2,0,0,1,3,2,2,9,21,0,106.34,2.386,289.246,289.0736934,0
O=C([15*])NC(=O)Nc(cc1)cc(F)c1Oc2ccnc(c23)[nH]cc3,TRUE,3,4,1,2,0,0,1,3,3,3,9,23,0,96.11,3.2851,313.268,313.0736934,0
Clc(c1)cnc(c12)[nH]cc2C(=O)c(c(F)c3N[1*])c(F)cc3,TRUE,2,3,1,2,0,0,3,3,3,3,8,21,0,57.78,3.6017,306.679,306.024571,0
Fc1ccc(N[*])c(F)c1C(=O)c2c[nH]c(c23)ncc(c3)-c4cccnc4,TRUE,2,4,1,3,0,0,2,4,4,4,8,26,0,70.67,4.0103,349.32,349.0900924,0
c1csc(c12)C(N)=N[C@@H]([5*])CO2,TRUE,1,4,1,1,0,0,0,0,2,1,5,11,0.285714286,47.61,0.7212,167.213,167.0279088,1
COc(c1)ccnc1N[6*],TRUE,1,3,1,1,0,0,0,2,1,1,4,9,0.166666667,34.15,0.9664,123.135,123.0558378,0
CNC(=S)NNC(=O)c1oc([15*])cc1,TRUE,3,3,2,1,0,0,0,1,1,1,7,13,0.142857143,66.3,-0.8071,198.227,198.0337225,0
[NH2+]=C(N)c(cc1)ccc1[15*],TRUE,2,0,1,1,1,1,0,1,1,1,3,9,0,51.61,-1.6744,120.155,120.0681997,0
O=C1NC(=O)c2c1c(-c3c(OC)cccc3)cc(c24)n(C[16*])c5c4cc(O)cc5,TRUE,2,5,1,2,0,0,0,3,5,4,7,28,0.090909091,80.56,3.5661,371.372,371.103182,0
c1cc(O[13*])cc(c12)CNCC2,TRUE,1,2,1,1,0,0,0,1,2,1,3,11,0.333333333,21.26,1.1754,148.185,148.0762389,0
c1csc(c12)C(N)=N[C@H]([13*])CO2,TRUE,1,4,1,1,0,0,0,0,2,1,5,11,0.285714286,47.61,0.7212,167.213,167.0279088,1
[6*]Oc1ccc(cc1)-n2ccnc2,TRUE,0,3,1,2,0,0,0,2,2,2,4,12,0,27.05,1.7154,159.168,159.0558378,0
O1COc(c12)ccc(c2)-c3oc([*])nn3,TRUE,0,5,1,2,0,0,0,1,3,2,6,14,0.111111111,57.38,0.6399,189.15,189.030017,0
[17*]c1cc(F)c(OC)cc1,TRUE,0,1,1,1,0,0,1,1,1,1,3,9,0.142857143,9.23,1.0089,125.122,125.040268,0
N[C@@H](C1)[C@H]([11*])CN1C(=O)c(n2)cnc(c23)cccc3,TRUE,1,4,1,1,0,0,0,1,3,2,6,18,0.307692308,72.11,0.7507,241.274,241.108936,2
c1ccc(cc12)C[C@](N)(C)C(=O)OCc3cc(nc(c3)N([*])C)CC[C@H](C)CC2,TRUE,1,5,3,2,0,0,0,1,3,2,6,28,0.47826087,68.45,3.5003,380.512,380.2338022,2
N[C@@H](C1)[C@@H]([12*])Cc(n12)nc3c2ccnc3,TRUE,1,4,1,1,0,0,0,0,3,2,5,14,0.4,56.73,0.6525,187.226,187.0983714,2
c1ccc(cc1[*])C(=O)Nc2cccc(c23)ccc(c3)C(\N)=N\[H],TRUE,3,2,1,2,0,0,0,3,3,3,5,22,0,78.97,2.55077,288.33,288.1136871,0
c1cccc(c12)[nH]c(=O)c(c2)-c(c3)[nH]c(c34)ccc([11*])c4,TRUE,2,1,1,2,0,0,0,1,4,4,4,20,0,48.65,2.851,259.288,259.087138,0
[13*][C@@H]1O[C@H](O[C@H]12)CN(C2)C(=O)NO,TRUE,2,4,1,0,0,0,0,0,2,0,7,12,0.833333333,71.03,-0.9823,173.148,173.0562318,3
OC(=O)c(cc1)cc(F)c1NC(=O)[20*],TRUE,2,2,1,1,0,0,1,2,1,1,6,13,0,66.4,1.6051,182.13,182.0253462,0
[4*]C=1C(=O)N=c(c12)ccc(O)c2,TRUE,1,2,1,1,0,0,0,0,2,1,4,11,0,49.66,-0.7905,146.125,146.0242034,0
[4*]c1[nH]ccc1,TRUE,1,0,1,1,0,0,0,0,1,1,2,5,0,15.79,0.1893,66.083,66.03437413,0
[7*]Nc1ccc([N+]([O-])=O)c(c12)cccn2,TRUE,1,4,1,1,2,0,0,2,2,2,6,14,0,68.06,2.0192,188.166,188.0460014,0
[9*]NC(=O)c1ccc(cc1)Oc2ccccc2,TRUE,1,2,1,2,0,0,0,3,2,2,4,16,0,38.33,2.673,212.228,212.0711536,0
n1c([8*])ccc(c12)c(N)nc(n2)N,TRUE,2,5,1,1,0,0,0,0,2,2,6,12,0,90.71,-0.6362,160.16,160.0623202,0
O=C(N)c(c1)c(N)nc(c12)nc([15*])nc2N3CCN(CC3)c4ncccn4,TRUE,2,9,2,2,0,0,0,3,4,3,11,26,0.25,140.04,-1.0029,350.366,350.1477811,0
c1cc(I)cc(Cl)c1Nc2c(C(=O)N[4*])ccc(F)c2F,TRUE,2,2,1,2,0,0,4,3,2,2,8,20,0,41.13,4.1605,407.565,406.92597,0
[O-][N+](=O)c(cc1)ccc1N(CC2)C[C@H](N2[*])C,TRUE,0,4,1,1,2,0,0,2,2,1,6,16,0.454545455,49.62,1.5696,220.252,220.1086017,1
[16*]OC(=O)c(c1C)c(C)[nH][n+]1-c2ccccc2,TRUE,1,2,1,2,1,1,0,2,2,2,5,16,0.166666667,45.97,1.52934,216.24,216.089329,0
[1*]c1c(C)c(Cl)ccc1,TRUE,0,0,1,1,0,0,1,0,1,1,2,8,0.142857143,0,1.82302,125.578,125.0158029,0
O=C1C[C@H]([10*])CN1c2c(O)cccc2,TRUE,1,2,1,1,0,0,0,1,2,1,4,13,0.3,40.54,1.4667,176.195,176.0711536,1
c1c(C)ccc(n2C[16*])c1c(c23)CCCC3,TRUE,0,1,1,1,0,0,0,1,3,2,2,15,0.428571429,4.93,3.33532,198.289,198.1282745,0
CN(C)C(=O)N(C[C@@H]1[9*])Cc(c12)c(C)c(C)cc2,TRUE,0,1,2,1,0,0,0,0,2,1,4,17,0.5,23.55,2.39104,231.319,231.1497382,1
C1[C@@H]([4*])C(=O)Nc(c12)cccc2,TRUE,1,1,1,1,0,0,0,0,2,1,3,11,0.222222222,29.1,1.519,146.169,146.0605889,1
c1ccc(O)cc1C(=O)N[9*],TRUE,2,2,1,1,0,0,0,1,1,1,4,10,0,49.33,0.5863,136.13,136.0398534,0
[5*]Oc1cc(ccc1)NC(=O)c(c2)ccc(c23)cc(cc3)C(\N)=N\[H],TRUE,3,3,1,2,0,0,0,4,3,3,6,23,0,88.2,3.21927,304.329,304.1086017,0
Clc(c1)c(F)cc(c1N[9*])C(=O)C,TRUE,1,2,1,1,0,0,2,2,1,1,5,12,0.125,29.1,2.5579,186.593,186.0121947,0
O=C([9*])Nc1c(C(=O)O)cccc1,TRUE,2,2,1,1,0,0,0,2,1,1,5,12,0,66.4,1.466,164.14,164.0347681,0
c1ccc(Cl)c(C)c1NC(=O)[9*],TRUE,1,1,1,1,0,0,1,1,1,1,4,11,0.125,29.1,2.72962,168.603,168.0216165,0
Clc(c1)ccc(c12)sc(n2)[9*],TRUE,0,2,1,1,0,0,1,0,2,2,4,10,0,12.89,2.1243,168.628,167.9674728,0
c1cc([8*])sc1-c2sccc2,TRUE,0,2,1,2,0,0,0,1,2,2,3,10,0,0,2.6512,165.262,164.9832672,0
c1cc(I)cc(F)c1Nc2c(C(=O)N[4*])ccc(F)c2F,TRUE,2,2,1,2,0,0,4,3,2,2,8,20,0,41.13,3.6462,391.11,390.9555205,0
O=P([O-])[4*],TRUE,0,2,0,0,1,-1,0,0,0,0,4,3,0,40.13,-0.7143,63.98,63.97196448,1
[5*]Oc1ccc(C)cc1,TRUE,0,1,1,1,0,0,0,1,1,1,2,8,0.142857143,9.23,1.83812,107.132,107.0496898,0
[10*]Oc1cc(cnc1)/C=C/c2ccncc2,TRUE,0,3,1,2,0,0,0,3,2,2,4,15,0,35.01,2.4901,197.217,197.0714879,0
c1ccc(I)c(c12)cnc(c2O)C(=O)N[17*],TRUE,2,3,1,1,0,0,1,1,2,2,6,15,0,62.22,1.7391,313.074,312.9474004,0
O[C@@H](C1)[C@@H]([12*])O[C@H]1n2ccc(c23)c(C)ccc3,TRUE,1,3,1,1,0,0,0,1,3,2,4,16,0.384615385,34.39,2.10492,216.26,216.1024537,3
c1cc(C)ccc1C(=O)N2CCC([7*])CC2,TRUE,0,1,1,1,0,0,0,1,2,1,3,15,0.461538462,20.31,2.56882,202.277,202.1231891,0
[11*]Oc1cc(cnc1)C(C2)=NCC(C=23)=NN=C3,TRUE,0,5,1,1,0,0,0,2,3,1,6,16,0.090909091,59.2,1.0942,211.204,211.0619858,0
[7*]C=1C=NC(C12)=CCC=C2,TRUE,0,1,1,0,0,0,0,0,2,0,2,9,0.125,12.36,1.718,116.143,116.0500242,0
OC(=O)c(cc1)ccc1-c2cnc(n23)ccc(n3)N[7*],TRUE,2,5,1,2,0,0,0,3,3,3,7,19,0,79.52,1.9707,253.241,253.0725505,0
n1oc(C)nc1[11*],TRUE,0,3,1,1,0,0,0,0,1,1,4,6,0.333333333,38.92,-0.44738,83.07,83.02453772,0
Clc(c1)ccc(C)c1Nc(n2)nc(n23)nc(C)cc3N[7*],TRUE,2,6,1,2,0,0,1,3,3,3,8,20,0.153846154,67.14,3.01434,287.734,287.0811971,0
Brc1c(O[16*])c(C(=O)O)sc1-c2ccccc2,TRUE,1,3,1,2,0,0,1,3,2,2,6,16,0,46.53,3.7189,298.137,296.9221022,0
[6*]C=1C(=O)N=c(c12)ccc(c2)NC(=O)N,TRUE,2,2,1,1,0,0,0,1,2,1,6,14,0,84.55,-1.0055,188.166,188.0460014,0
Clc1cccc(Cl)c1-c(c(=O)nc2)c(n23)ccc(n3)[2*],TRUE,0,4,1,2,0,0,2,1,3,3,7,19,0,47.26,2.2379,291.117,289.9887922,0
[6*]c1sc(cc1)-c2cc([N+]([O-])=O)ccc2,TRUE,0,3,1,2,2,0,0,2,2,2,5,14,0,43.14,2.4979,204.23,204.0119244,0
COc(c1)cc(cc1[6*])-c2ccccc2,TRUE,0,1,1,2,0,0,0,2,2,2,2,14,0.076923077,9.23,2.5368,183.23,183.08099,0
COc(c1)cc(cc1[6*])-c2ccc(C)cc2,TRUE,0,1,1,2,0,0,0,2,2,2,2,15,0.142857143,9.23,2.84522,197.257,197.09664,0
COc(c1)cc(cc1[7*])-c2cc(C)cc(c2)C,TRUE,0,1,1,2,0,0,0,2,2,2,2,16,0.2,9.23,3.15364,211.284,211.1122901,0
COc(c1)cc([8*])cc1-c2c(C)cccc2C,TRUE,0,1,1,2,0,0,0,2,2,2,2,16,0.2,9.23,3.15364,211.284,211.1122901,0
[21*]c1cc(C)nc(c12)cccc2,TRUE,0,1,1,1,0,0,0,0,2,2,2,11,0.1,12.89,1.71782,142.181,142.0656743,0
[7*]N1CCNCC1,TRUE,1,2,0,0,0,0,0,0,1,0,3,6,1,15.27,-0.6441,85.13,85.07657329,0
[10*]Nc1ccnc(c12)oc(-c3ccccc3)c2-c4ccccc4,TRUE,1,3,1,3,0,0,0,3,4,4,4,22,0,38.06,5.038,285.326,285.102788,0
[10*][C@H]1CNC(=O)c(c12)cc([nH]2)-c3nc(N)ncc3,TRUE,3,4,1,2,0,0,0,1,3,2,7,17,0.181818182,96.69,0.3877,228.235,228.0885349,1
O=C([11*])N1[C@H](C)C(=O)NCCC1,TRUE,1,2,2,0,0,0,0,0,1,0,5,11,0.714285714,49.41,-0.1339,155.177,155.0820526,1
Brc(c1)ccc(c12)C(=O)NC(=O)C\2=C/Nc(cc3)ccc3[10*],TRUE,2,3,1,2,0,0,1,2,3,2,6,21,0,58.2,2.3467,342.172,340.9925647,0
Nc1n[nH]c(c12)ccc(c2)-c(cc3)ccc3[*],TRUE,2,2,1,2,0,0,0,1,3,3,4,16,0,54.7,1.9867,208.244,208.0874723,0
O=C1Nc2ccc(F)c3c(N[18*])cc(c1c23)-c4[nH]ccc4,TRUE,3,2,1,2,0,0,1,2,4,3,6,20,0,56.92,3.4159,266.255,266.0729651,0
[6*]Nc1nc(ccn1)-c(cn2)c(n23)cccn3,TRUE,1,6,1,2,0,0,0,2,3,3,7,16,0,68,1.0625,211.208,211.0732192,0
Clc(c1)ccc(c12)scc2[17*],TRUE,0,1,1,1,0,0,1,0,2,2,3,10,0,0,2.7293,167.64,166.9722238,0
[*]Nc1c(C)ccc(c1)Nc2ncnc(c2)-c3ccccc3,TRUE,2,4,1,3,0,0,0,4,3,3,5,21,0.058823529,49.84,4.07182,275.335,275.1296715,0
c1ccc(N)c(c12)cccc2[*],TRUE,1,1,1,1,0,0,0,0,2,2,2,11,0,26.02,1.5966,142.181,142.0656743,0
[4*]c1cc(O)c(cc1)Oc2ccccc2,TRUE,1,2,1,2,0,0,0,2,2,2,3,14,0,29.46,2.3591,185.202,185.0602545,0
n1cc(Br)c(n12)nc(cc2N[12*])-c3c(C)cccc3,TRUE,1,4,1,2,0,0,1,2,3,3,6,18,0.076923077,42.22,3.34342,302.155,301.0088834,0
[O-][n+]1cc([12*])ccc1,TRUE,0,1,1,1,2,0,0,0,1,1,3,7,0,26.94,-0.5054,94.093,94.02928875,0
c1ccc(C(=O)N)cc1-c(cc2)ccc2[5*],TRUE,1,1,1,2,0,0,0,2,2,2,3,15,0,43.09,1.6271,196.229,196.0762389,0
c1ccccc1Oc(cc2)ccc2NC(=O)c3c(N[6*])nccc3,TRUE,2,4,1,3,0,0,0,5,3,3,6,23,0,63.25,4.0024,304.329,304.1086017,0
O=C([27*])n(c1)cc(c12)[nH]nc2NC(=O)c(cc3)ccc3N4CCN(C)CC4,TRUE,2,6,1,2,0,0,0,3,4,3,9,26,0.277777778,86.26,1.8859,351.39,351.1569488,0
Clc(c1)ccc(c12)oc([1*])c2C,TRUE,0,1,1,1,0,0,1,0,2,2,3,11,0.111111111,13.14,2.56922,165.599,165.0107175,0
c1cc(=O)[nH]nc1[1*],TRUE,1,2,1,1,0,0,0,0,1,1,4,7,0,45.75,-1.0555,95.081,95.02453772,0
Clc(c1)cc(Cl)cc1NC(=O)[10*],TRUE,1,1,1,1,0,0,2,1,1,1,5,11,0,29.1,3.0746,189.021,187.9669941,0
c1cccc(c12)nc(cc2[19*])-c3ccccc3,TRUE,0,1,1,2,0,0,0,1,3,3,2,16,0,12.89,3.0764,204.252,204.0813243,0
c1ccc(Br)cc1NC(=O)[9*],TRUE,1,1,1,1,0,0,1,1,1,1,4,10,0,29.1,2.5303,199.027,197.9554509,0
[8*]NC(=O)c1sc(nc1C)-c2nc(ncc2)Nc3cc(C)cc(c3)C,TRUE,2,6,1,3,0,0,0,4,3,3,8,24,0.176470588,79.8,3.46306,338.416,338.1075561,0
c1ccsc1-c(c2[4*])cccc2,TRUE,0,1,1,2,0,0,0,1,2,2,2,11,0,0,2.5897,159.233,159.0268462,0
Brc1c(O[18*])c(C(=O)O)sc1-c2ccc(O)cc2,TRUE,2,4,1,2,0,0,1,3,2,2,7,17,0,66.76,3.4245,314.136,312.9170168,0
c1cccc2C(=NO[14*])c(c3c12)cccc3,TRUE,0,2,1,2,0,0,0,1,3,2,3,15,0,21.59,2.9003,194.213,194.0605889,0
c1ccc(Cl)cc1Nc(nc2O[13*])nc(c23)nc[nH]3,TRUE,2,5,1,2,0,0,1,3,3,3,8,18,0,75.72,2.593,260.664,260.0339125,0
[10*]Oc1cncc(c12)nc(cc2)-c3ccncc3,TRUE,0,4,1,2,0,0,0,2,3,3,5,17,0,47.9,2.5349,222.227,222.0667369,0
[nH]1ccc(c12)ccc([3*])c2,TRUE,1,0,1,1,0,0,0,0,2,2,2,9,0,15.79,1.3425,116.143,116.0500242,0
[5*]c1nc(N)ccc1,TRUE,1,2,1,1,0,0,0,0,1,1,3,7,0,38.91,-0.1616,93.109,93.04527316,0
n1cc(Br)c(n12)nc(cc2N[10*])-c3ccccc3,TRUE,1,4,1,2,0,0,1,2,3,3,6,17,0,42.22,3.035,288.128,286.9932334,0
c1cc(Cl)sc1\C(=C\[1*])C,TRUE,0,1,1,1,0,0,1,1,1,1,3,9,0.142857143,0,3.3116,157.645,156.9878739,0
C1COCCN1C(=O)[14*],TRUE,0,2,1,0,0,0,0,0,1,0,4,8,0.8,29.54,-0.0121,114.124,114.0555035,0
C1CNCCN1C(c(c23)cc(Cl)cc3)=Cc4c([C@H]2[8*])nccc4,TRUE,1,3,1,2,0,0,1,1,4,2,5,22,0.277777778,28.16,3.0904,310.808,310.1111002,1
C1CCCc(c12)sc(c2[13*])NC(=O)c3c(F)cccc3,TRUE,1,2,1,2,0,0,1,2,3,2,5,19,0.266666667,29.1,3.1929,274.34,274.0701883,0
C1CCCCN1c2ccc([30*])cc2,TRUE,0,1,1,1,0,0,0,1,2,1,2,12,0.454545455,3.24,1.8515,160.24,160.1126244,0
C1CCN(S1(=O)=O)c(c2)ccc(c23)[nH]nc3NC(=O)[30*],TRUE,2,4,1,1,0,0,0,2,3,2,9,19,0.272727273,95.16,1.184,279.301,279.0551862,0
Clc(c1)ccc(C)c1NC(=O)[9*],TRUE,1,1,1,1,0,0,1,1,1,1,4,11,0.125,29.1,2.72962,168.603,168.0216165,0
c1ccc(Cl)cc1N(C(=O)C2)CCN2[10*],TRUE,0,2,1,1,0,0,1,1,2,1,5,14,0.3,23.55,1.4529,209.656,209.0481656,0
Clc(c1)ccc(OC)c1NC(=O)Nc(nc2O[9*])cnc2,TRUE,2,5,1,2,0,0,1,4,2,2,9,20,0.083333333,85.37,2.6257,293.69,293.0441429,0
c1ccc(C(=O)N)c(c12)nc([5*])[nH]2,TRUE,2,2,1,1,0,0,0,1,2,2,5,12,0,71.77,-0.1636,160.156,160.0510868,0
C[C@@]1([9*])NCCC1,TRUE,1,1,0,0,0,0,0,0,1,0,2,6,1,12.03,0.6353,84.142,84.08132432,1
[8*]c1c[nH]c(c12)ccc(c2)C,TRUE,1,0,1,1,0,0,0,0,2,2,2,10,0.111111111,15.79,1.65092,130.17,130.0656743,0
O=c1c(=O)c(c1N[5*])Nc2ccncc2,TRUE,2,5,1,2,0,0,0,3,2,2,6,14,0,71.09,0.2974,188.166,188.0460014,0
[9*]NC(=O)c1sc(cc1)-c2nc(NC)ncc2,TRUE,2,5,1,2,0,0,0,3,2,2,7,16,0.1,66.91,1.4409,233.276,233.0497069,0
c1sccc1-c(cc2)ccc2C(=O)c(cc3)ccc3O[8*],TRUE,0,3,1,3,0,0,0,4,3,3,4,20,0,26.3,4.4892,279.34,279.0479756,0
c1cc(Cl)c(Cl)c(n2C)c1c([C@H]3[18*])c2C(=O)NC34CCN(C)CC4,TRUE,1,3,1,1,0,0,2,0,4,2,7,23,0.470588235,37.27,3.2833,351.257,350.0826926,1
c1ccc(OC)cc1-c(cc2[3*])ccc2,TRUE,0,1,1,2,0,0,0,2,2,2,2,14,0.076923077,9.23,2.5368,183.23,183.08099,0
c1ccc([21*])cc1-c(ccc2)c(O)c2-c([nH]3)cc(c34)cncc4,TRUE,2,2,1,3,0,0,0,2,4,4,4,22,0,48.91,3.7771,285.326,285.102788,0
O1COc(c12)ccc(Cl)c2Nc3ncnc(c34)cc(O[16*])c(c4)OC,TRUE,1,7,1,2,0,0,1,4,4,3,9,24,0.125,74.73,3.6072,344.734,344.0438085,0
O1COc(c12)ccc(Cl)c2Nc3nc(ncc3)Nc(cc4[1*])ccc4,TRUE,2,6,1,3,0,0,1,4,4,3,8,24,0.058823529,68.3,3.5205,339.762,339.0648783,0
O1COc(c12)ccc(Cl)c2Nc3nc(ncc3)Nc(cc4N[1*])ccc4,TRUE,3,7,1,3,0,0,1,5,4,3,9,25,0.058823529,80.33,4.2221,354.777,354.0757773,0
c1cccc(Cl)c1-c(c2c3C(=O)NC2=O)cc(c34)n(C)cc4[14*],TRUE,1,3,1,2,0,0,1,1,4,3,6,22,0.058823529,51.1,2.5569,309.732,309.0430802,0
c1ccsc1-c2ccc([9*])cc2,TRUE,0,1,1,2,0,0,0,1,2,2,2,11,0,0,2.5897,159.233,159.0268462,0
c1c([*])sc(c12)cccn2,TRUE,0,2,1,1,0,0,0,0,2,2,3,9,0,12.89,1.4709,134.183,134.0064451,0
Nc1nccc(c12)ccc([14*])c2,TRUE,1,2,1,1,0,0,0,0,2,2,3,11,0,38.91,0.9916,143.169,143.0609232,0
NC(N)=N/C([*])=N\[H],TRUE,3,1,1,0,0,0,0,0,0,0,5,6,0,88.25,-1.25613,85.09,85.05142116,0
O=C1NC(=O)c2c1c(-c3ccccc3)cc(c24)n(C[20*])c5c4cc(O)cc5,TRUE,2,4,1,2,0,0,0,2,5,4,6,26,0.047619048,71.33,3.5575,341.346,341.0926173,0
CC1(C)C(=O)N([22*])c(c12)cc3c4c([nH]c3c2)c5c(c([nH]n5)C)CCC4,TRUE,2,2,1,2,0,0,0,0,5,3,6,24,0.368421053,64.78,3.44362,319.388,319.1558862,0
[2*]Nc(o1)nc(c12)cc(OC)cc2-c3cc(N)ccc3,TRUE,2,5,1,2,0,0,0,3,3,3,6,19,0.071428571,73.31,2.9618,254.269,254.0929516,0
[2*]c1c(Cl)ccc(Cl)c1,TRUE,0,0,1,1,0,0,2,0,1,1,3,8,0,0,2.168,145.996,144.9611805,0
c1c(C)c(Cl)cc(N)c1[1*],TRUE,1,1,1,1,0,0,1,0,1,1,3,9,0.142857143,26.02,1.40522,140.593,140.0267019,0
[6*]NC(=O)c1cccc(c12)cc(cc2)Oc3ccnc(c34)cc(OC)c(c4)OC,TRUE,1,5,1,2,0,0,0,5,4,4,7,28,0.090909091,69.68,4.3916,373.388,373.118832,0
c1cc(Cl)sc1\C=C\[1*],TRUE,0,1,1,1,0,0,1,1,1,1,3,8,0,0,2.9215,143.618,142.9722238,0
[8*]Nc1ccncc1,TRUE,1,2,1,1,0,0,0,1,1,1,3,7,0,24.92,0.9578,93.109,93.04527316,0
C1COCCN1c2ncc([25*])cc2,TRUE,0,3,1,1,0,0,0,1,2,1,4,12,0.444444444,25.36,0.0928,163.2,163.087138,0
c1cc(N(C)C)ccc1-c2c([28*])ncnc2N,TRUE,1,4,1,2,0,0,0,2,2,2,5,16,0.166666667,55.04,0.9664,213.264,213.1140214,0
[3*]Nc1c(N)nccc1,TRUE,2,3,1,1,0,0,0,1,1,1,4,8,0,50.94,0.54,108.124,108.0561722,0
[7*]O/N=C\c1c(OC)cccc1,TRUE,0,3,1,1,0,0,0,3,1,1,4,11,0.125,30.82,1.51,150.157,150.0555035,0
c1ccc(C(=O)O)c(n2C[14*])c1c(c23)CCCC3,TRUE,1,2,1,1,0,0,0,2,3,2,4,17,0.357142857,42.23,2.7251,228.271,228.1024537,0
c1ncccc1-c(cc2[5*])ccc2,TRUE,0,1,1,2,0,0,0,1,2,2,2,12,0,12.89,1.9232,154.192,154.0656743,0
c1cc([20*])c(Cl)c(C)c1N(C2=O)C(=O)[C@@H](N23)[C@H](O)CC3,TRUE,1,3,1,1,0,0,1,1,3,1,7,19,0.384615385,60.85,0.72482,279.703,279.0536449,2
c1cc(Cl)cc(Cl)c1Oc(cc2)c(O)cc2[6*],TRUE,1,2,1,2,0,0,2,2,2,2,5,16,0,29.46,3.6659,254.092,252.9823098,0
c1cc(Cl)ccc1NC(=O)c(c2N[7*])cccc2,TRUE,2,2,1,2,0,0,1,3,2,2,5,17,0,41.13,3.4685,245.689,245.0481656,0
c1cc(Cl)ccc1-n2ncc([14*])c2N,TRUE,1,3,1,2,0,0,1,1,2,2,5,13,0,43.84,1.2825,192.629,192.0328499,0
[11*]Nc1ncnc(c12)oc(-c3ccccc3)c2-c4ccccc4,TRUE,1,4,1,3,0,0,0,3,4,4,5,22,0,50.95,4.433,286.314,286.098037,0
[13*]Oc1c(C(=O)O)sc(c12)nccc2,TRUE,1,4,1,1,0,0,0,2,2,2,6,13,0,59.42,1.8376,194.191,193.991189,0
COc(c1)c(O[20*])cc(c1c23)ncc2c(N)nc(c3)-n4ccnc4,TRUE,1,7,1,2,0,0,0,3,4,4,8,23,0.0625,88.08,2.4026,306.305,306.0990996,0
c1ncc(OC)cc1-c(cc2[6*])ccc2,TRUE,0,2,1,2,0,0,0,2,2,2,3,14,0.083333333,22.12,1.9318,184.218,184.0762389,0
OC(=O)c(cc1)oc1-c2c(O[18*])cccc2,TRUE,1,3,1,2,0,0,0,3,2,2,5,15,0,59.67,2.4879,203.173,203.0344337,0
Clc(c1)ccnc1N[6*],TRUE,1,2,1,1,0,0,1,1,1,1,4,8,0,24.92,1.6112,127.554,127.0063008,0
[4*]NC(=O)c1cc(c(C)cc1)-c(cc2)cc(c23)cnnc3-c4c(C)cccc4,TRUE,1,3,1,3,0,0,0,3,4,4,5,27,0.086956522,54.88,4.77474,352.417,352.1449872,0
c1cc(Br)cc(c1N[2*])C(=O)O,TRUE,2,2,1,1,0,0,1,2,1,1,5,11,0,49.33,2.0235,215.026,213.9503655,0
Clc(c1)ccc(c12)oc(n2)N[3*],TRUE,1,3,1,1,0,0,1,1,2,2,5,11,0,38.06,2.3574,167.575,167.0012154,0
[*]Nc1c(C(=O)O)cc(C)cc1,TRUE,2,2,1,1,0,0,0,2,1,1,4,11,0.125,49.33,1.56942,150.157,150.0555035,0
Clc(c1)c(OC)cc(OC)c1NC(=O)Nc2ncc([22*])nc2,TRUE,2,5,1,2,0,0,1,4,2,2,9,21,0.153846154,85.37,1.9658,307.717,307.0597929,0
Clc(c1)ccc(c12)[nH]c(c2)C(=O)Nc(cc3)ccc3[11*],TRUE,2,1,1,2,0,0,1,2,3,3,5,19,0,44.89,3.2482,269.711,269.0481656,0
[10*]NC(=O)c1ccoc1,TRUE,1,2,1,1,0,0,0,1,1,1,4,8,0,42.24,0.4737,110.092,110.0242034,0
Fc1ccc(F)c(c12)C(N)=N[C@H]([9*])N2,TRUE,2,3,1,1,0,0,2,0,2,1,6,13,0.125,50.41,0.9285,182.153,182.0529786,1
[2*]Nc(o1)nc(c12)cc(OC)cc2-c3ccc(OC)nc3,TRUE,1,6,1,2,0,0,0,4,3,3,7,20,0.142857143,69.41,2.7832,270.268,270.0878662,0
OC(=O)c1c(N[*])ccc(c12)CCCC2,TRUE,2,2,1,1,0,0,0,2,2,1,4,14,0.363636364,49.33,2.1398,190.222,190.0868036,0
O=c1occn1N[7*],TRUE,1,4,1,1,0,0,0,1,1,1,5,7,0,47.17,-0.5509,99.069,99.01945234,0
[21*]c1nc(N)nc(c1)C,TRUE,1,3,1,1,0,0,0,0,1,1,4,8,0.2,51.8,-0.45818,108.124,108.0561722,0
O=C1OCC/C1=C\Nc(cc2[*])ccc2,TRUE,1,3,1,1,0,0,0,2,2,1,4,14,0.181818182,38.33,1.1039,188.206,188.0711536,0
c1ncncc1NC(=O)c(c(Cl)cc2)c(c23)onc3Nc4cc([25*])ccc4,TRUE,2,6,1,3,0,0,1,4,4,4,9,26,0,92.94,3.4417,364.772,364.0601273,0
[6*]Nc1c(C(=O)C)ccc(c1)C,TRUE,1,2,1,1,0,0,0,2,1,1,3,11,0.222222222,29.1,2.07382,148.185,148.0762389,0
[6*]c1c(Br)cccc1Br,TRUE,0,0,1,1,0,0,2,0,1,1,3,8,0,0,2.3862,234.898,232.8601493,0
[18*]NC(=O)Nc1ccc(cc1)C(=O)OC,TRUE,2,3,1,1,0,0,0,2,1,1,6,14,0.111111111,67.43,1.059,193.182,193.0613171,0
c1cc(OC)c(cc1[*])Nc2oc(cn2)-c3cc(ccc3)-c4cccnc4,TRUE,1,5,1,4,0,0,0,5,4,4,6,26,0.047619048,60.18,4.3304,342.378,342.1242518,0
c1cc(OC)c(cc1[*])Nc2oc(cn2)-c3cc(ccc3)-c4ncccc4,TRUE,1,5,1,4,0,0,0,5,4,4,6,26,0.047619048,60.18,4.3304,342.378,342.1242518,0
[11*]c1c(Cl)ccc(c12)[nH]cc2,TRUE,1,0,1,1,0,0,1,0,2,2,3,10,0,15.79,1.9959,150.588,150.0110518,0
c1cc([22*])cc(Cl)c1Oc2cc(C(=O)O)c([N+]([O-])=O)cc2,TRUE,1,4,1,2,2,0,1,4,2,2,8,20,0,89.67,2.9133,292.654,292.001275,0
C1COCCN1c2ccc(cc2)Nc(nc3N[8*])nc(c34)nc[nH]4,TRUE,3,7,1,2,0,0,0,4,4,3,9,23,0.266666667,90.99,1.8093,310.341,310.1416331,0
[*][C@@H]1O[C@@H](C)[C@@H](O)[C@@H](O)C1,TRUE,2,3,0,0,0,0,0,0,1,0,4,9,1,49.69,-0.6076,131.151,131.0708192,4
Clc1cccc(Cl)c1Oc(nc(n2)N)nc2Nc3ccc([24*])cc3,TRUE,2,6,1,3,0,0,2,4,3,3,9,23,0,85.95,3.4711,347.185,346.0262403,0
O=C([9*])c(c1)cc(n1C)/C=C/C(=O)NO,TRUE,2,4,1,1,0,0,0,3,1,1,6,14,0.111111111,71.33,0.2332,193.182,193.0613171,0
[8*]Oc1cc(C(=O)O)ccc1,TRUE,1,2,1,1,0,0,0,2,1,1,4,10,0,46.53,1.2279,137.114,137.023869,0
n1c(C)csc1NC(=O)c2c(N)ccc([*])c2,TRUE,2,4,1,2,0,0,0,2,2,2,6,16,0.090909091,68.01,1.46062,232.288,232.0544579,0
Cn1c([*])nnc1,TRUE,0,3,1,1,0,0,0,0,1,1,4,6,0.333333333,30.71,-1.0103,82.086,82.04052213,0
[13*]Nc1ncnc(c12)cnn2C,TRUE,1,5,1,1,0,0,0,1,2,2,6,11,0.166666667,55.63,0.2395,148.149,148.0623202,0
c1ccc(Cl)cc1N([1*])C,TRUE,0,1,1,1,0,0,1,1,1,1,3,9,0.142857143,3.24,2.2405,140.593,140.0267019,0
[8*]c1[nH]c(C)c(C)c1C,TRUE,1,0,1,1,0,0,0,0,1,1,2,8,0.428571429,15.79,1.11456,108.164,108.0813243,0
c1cccc(c2[8*])c1c(C)c(c23)cccc3,TRUE,0,0,1,1,0,0,0,0,3,3,1,15,0.066666667,0,3.47602,191.253,191.0860754,0
c1ccc(Cl)cc1C(=O)NNC(=O)[10*],TRUE,2,2,2,1,0,0,1,1,1,1,6,13,0,58.2,1.2437,197.601,197.0117801,0
Clc(c1)cc(N)cc1Nc(nc(n2)N[9*])c(c23)ncn3C(C)C,TRUE,3,7,1,2,0,0,1,4,3,3,9,22,0.214285714,93.68,3.2626,316.776,316.1077462,0
[8*]c1[nH]nc(c1)Nc2nc(ncc2)Nc(c3)ccc(c34)nc[nH]4,TRUE,4,6,1,3,0,0,0,4,4,4,9,22,0,107.2,1.7378,291.298,291.1106674,0
O=C(C)N1[C@H]([9*])CCCC1,TRUE,0,1,1,0,0,0,0,0,1,0,3,9,0.857142857,20.31,0.8942,126.179,126.091889,1
[5*]Nc1nccc(c1)C,TRUE,1,2,1,1,0,0,0,1,1,1,3,8,0.166666667,24.92,1.26622,107.136,107.0609232,0
[5*]c1nc(N)cc(c1)C,TRUE,1,2,1,1,0,0,0,0,1,1,3,8,0.166666667,38.91,0.14682,107.136,107.0609232,0
n1nc(S)sc1NC(=O)N[9*],TRUE,3,5,1,1,0,0,0,1,1,1,8,10,0,66.91,0.4126,175.218,174.9748277,0
Cc1c(OC)cc(=O)oc1\C=C\C=C\C=C\[13*],TRUE,0,3,1,1,0,0,0,4,1,1,4,16,0.153846154,39.44,2.58922,217.244,217.0864693,0
Fc(c1)c(F)cc(Cl)c1C(=O)NC(=O)Nc2c(O[28*])cc(cc2)C(=O)O,TRUE,3,4,1,2,0,0,3,4,2,2,11,25,0,104.73,3.1214,369.687,369.0089805,0
Fc(c1)c(F)cc(Cl)c1C(=O)NC(=O)Nc(cc(F)cc2)c2N3CCC([17*])CC3,TRUE,2,3,1,2,0,0,4,3,3,2,10,28,0.263157895,61.44,4.6572,410.803,410.0883141,0
O=C(N1)COc(c12)ccc([24*])c2,TRUE,1,2,1,1,0,0,0,0,2,1,4,11,0.125,38.33,0.1921,148.141,148.0398534,0
O=C([5*])Nc(c1C(=O)N)sc(c12)CCCC2,TRUE,2,3,1,1,0,0,0,2,2,1,6,15,0.4,72.19,1.807,223.277,223.0541236,0
COC(=O)C(=C\OC)\c1c(cccc1)Oc2ncnc(c2)Oc3c([29*])cccc3,TRUE,0,7,1,3,0,0,0,7,3,3,8,28,0.095238095,79.77,3.3961,377.376,377.1137466,0
O=C1[C@H]([10*])C(=O)N(N12)C(N(C)C)=Nc3c2cc(C)cc3,TRUE,0,4,1,1,0,0,0,0,3,1,7,19,0.307692308,56.22,0.98572,257.273,257.1038507,1
CN(C)C(=O)c(cc1)ccc1[1*],TRUE,0,1,1,1,0,0,0,1,1,1,3,11,0.222222222,20.31,0.563,148.185,148.0762389,0
c1ccc(cc1[10*])-c2cc(ccc2)-c3ccccc3,TRUE,0,0,1,3,0,0,0,2,3,3,1,18,0,0,4.1952,229.302,229.1017254,0
Fc1ccc(F)c(C(=N2)N)c1NC23CCN(CC3)C(=O)c4ccc([27*])nc4,TRUE,2,5,2,2,0,0,2,1,4,2,9,26,0.277777778,83.61,1.2977,356.356,356.1322916,0
[24*]NC(=O)c(n1)csc1NC(=O)c(cc2)cc3c2[nH]c(c34)C(=O)NC[C@@H]4C,TRUE,4,5,1,2,0,0,0,3,4,3,10,26,0.176470588,115.98,1.9177,368.398,368.0817353,1
c1ccc(cc1[10*])-c2ccc(cc2)-c3ccccc3,TRUE,0,0,1,3,0,0,0,2,3,3,1,18,0,0,4.1952,229.302,229.1017254,0
c1cccc(o2)c1c(c23)cccc3-c(cc4[11*])ccc4,TRUE,0,1,1,2,0,0,0,1,4,4,2,19,0,13.14,4.4276,243.285,243.08099,0
c1cccc([4*])c1-c2ccccc2,TRUE,0,0,1,2,0,0,0,1,2,2,1,12,0,0,2.5282,153.204,153.0704253,0
[9*]c1[nH]c(N)nc1,TRUE,2,2,1,1,0,0,0,0,1,1,4,6,0,54.7,-0.8335,82.086,82.04052213,0
COc(c1[10*])ccc([N+]([O-])=O)c1,TRUE,0,3,1,1,2,0,0,2,1,1,5,11,0.142857143,52.37,0.778,152.129,152.0347681,0
c1cc(Cl)c(F)cc1O[11*],TRUE,0,1,1,1,0,0,2,1,1,1,4,9,0,9.23,2.3222,145.54,144.9856456,0
[16*]Oc1c(F)c(F)c(F)c(F)c1F,TRUE,0,1,1,1,0,0,5,1,1,1,7,12,0,9.23,2.2252,183.055,182.9869307,0
[11*]Oc1cc(ccc1)-c2cc(ccc2)-c3ccccc3,TRUE,0,1,1,3,0,0,0,3,3,3,2,19,0,9.23,4.8637,245.301,245.09664,0
[7*]Oc1c(OC)ccc(c1)C,TRUE,0,2,1,1,0,0,0,2,1,1,3,10,0.25,18.46,1.84672,137.158,137.0602545,0
[5*]Oc1c(C)ccc(c1)OC,TRUE,0,2,1,1,0,0,0,2,1,1,3,10,0.25,18.46,1.84672,137.158,137.0602545,0
Brc1ccc(cc1[1*])C(=O)Nc2c(C(=O)O)cccc2,TRUE,2,2,1,2,0,0,1,3,2,2,6,19,0,66.4,2.5742,319.134,317.9765802,0
c1cc(OC)cc2c1sc(c23)C(=O)N[C@H]([10*])CN3,TRUE,2,4,1,1,0,0,0,1,3,2,6,17,0.25,50.36,1.9406,247.299,247.0541236,1
O/C(C)=C([20*])\C(=O)Nc(cc1)ccc1-c2ccccc2,TRUE,2,2,1,2,0,0,0,3,2,2,4,19,0.0625,49.33,3.6309,252.293,252.1024537,0
O=C1NC(=O)c2c1c(C)cc(c23)n(C[14*])c4c3cc(C)cc4,TRUE,1,3,1,1,0,0,0,1,4,3,5,21,0.176470588,51.1,2.80174,277.303,277.0977027,0
Fc(c1)ccc(C(=O)N([18*])C2=O)c1[C@@]23CC(=O)NC3=O,TRUE,1,4,2,1,0,0,1,0,3,1,8,19,0.166666667,83.55,-0.4433,261.188,261.0311599,1
c1cc(Br)cnc1NC(=O)N[9*],TRUE,2,2,1,1,0,0,1,1,1,1,6,11,0,54.02,1.4299,215.03,213.9615989,0
[12*]c1c[nH]c(c12)c(N)ncn2,TRUE,2,3,1,1,0,0,0,0,2,2,5,10,0,67.59,-0.2853,133.134,133.0514212,0
c1cc(Cl)c([1*])cc1C(=O)NN([C@H](C2)C)c(c23)cccc3,TRUE,1,2,2,2,0,0,1,2,3,2,5,20,0.1875,32.34,2.6106,285.754,285.0794657,1
[11*]Oc(c1)c(C(=O)N)sc1-n2cnc(c23)cc(OC)c(c3)OC,TRUE,1,7,1,2,0,0,0,5,3,3,9,22,0.142857143,88.6,2.0462,318.334,318.0548519,0
S1CCN([C@]12[7*])C(=O)c3c2cccc3,TRUE,0,2,1,1,0,0,0,0,3,1,4,13,0.3,20.31,1.5488,190.247,190.0326599,1
c1cccc(S)c1C(=O)Nc(cc2)ccc2[*],TRUE,2,2,1,2,0,0,0,2,2,2,4,16,0,29.1,2.4022,228.296,228.0483099,0
C1C[C@@H]([8*])Oc(c12)ccc(c2)C,TRUE,0,1,1,1,0,0,0,0,2,1,2,11,0.4,9.23,2.19542,147.197,147.08099,1
[8*]c1c(O)c([N+]([O-])=O)cc([N+]([O-])=O)c1,TRUE,1,5,1,1,4,0,0,2,1,1,8,13,0,106.51,0.3832,183.099,183.0041962,0
BrC(Br)[15*],TRUE,0,0,0,0,0,0,2,0,0,0,3,3,1,0,1.6091,172.827,170.8444992,0
[9*]c1onc(n1)-c2cc([N+]([O-])=O)ccc2,TRUE,0,5,1,2,2,0,0,2,2,2,7,14,0,82.06,0.8194,190.138,190.025266,0
[11*]NC(=O)c1nc(sc1)-c2ncsc2,TRUE,1,5,1,2,0,0,0,2,2,2,7,13,0,54.88,1.4607,210.263,209.9795787,0
COc(c1[5*])cc(O)c(c1)C(=O)/C=C/c2ccc(O)cc2,TRUE,2,4,1,2,0,0,0,4,2,2,5,20,0.0625,66.76,2.1771,269.276,269.0813839,0
c1ccccc1Nc(c(Br)cn2)nc2Nc(cc3)ccc3O[10*],TRUE,2,5,1,3,0,0,1,5,3,3,7,22,0,59.07,4.5694,356.203,355.0194481,0
c1cc([19*])ccc1N(C2=O)C(=O)c(c23)cccc3C,TRUE,0,2,1,2,0,0,0,1,3,2,4,18,0.066666667,37.38,1.97022,236.25,236.0711536,0
c1cc(O[11*])cc(c12)oc(=O)cc2C=O,TRUE,0,4,1,1,0,0,0,2,2,2,5,14,0,56.51,1.4486,189.146,189.0187836,0
[16*][C@H]1[C@H](C)N[C@@H](N)CC1,TRUE,2,2,0,0,0,0,0,0,1,0,3,8,1,38.05,0.3809,113.184,113.1078734,3
O=C(C1)N(C)C(N)=N[C@@]1([6*])C,TRUE,1,3,1,0,0,0,0,0,1,0,5,10,0.666666667,58.69,-0.5713,140.166,140.0823869,1
c1ccc([27*])cc1-n2c(=O)c(c(C)cc2)-c(c3)ccc(c34)nc(N)nc4,TRUE,1,5,1,3,0,0,0,2,4,4,6,25,0.05,73.8,2.51292,327.367,327.1245861,0
O[C@H](C1)C[C@H](O)CC1=C\C=C\[11*],TRUE,2,2,1,0,0,0,0,1,1,0,3,11,0.555555556,40.46,0.8815,153.201,153.0915547,2
O=C1NC(=O)S/C1=C\c(cc2)oc2-c3ccc([*])cc3,TRUE,1,4,1,2,0,0,0,2,3,2,6,19,0,59.31,2.4451,270.289,270.0224891,0
O=C1N=C(N)S/C1=C\c(cc2)oc2-c3ccc([*])cc3,TRUE,1,4,1,2,0,0,0,2,3,2,6,19,0,68.59,2.0502,269.305,269.0384735,0
O=c(c1)nc(N)[nH]c1[7*],TRUE,2,3,1,1,0,0,0,0,1,1,5,8,0,71.77,-1.4733,110.096,110.0354367,0
[12*]NC(=O)c1cc(c(C)cc1)C(=O)Nc2ccc(N)nc2,TRUE,3,4,1,2,0,0,0,3,2,2,7,20,0.071428571,97.11,1.41862,269.284,269.1038507,0
O=C1N=C(N)S/C1=C(C)\c(cc2)oc2-c3ccc([*])cc3,TRUE,1,4,1,2,0,0,0,2,3,2,6,20,0.066666667,68.59,2.4403,283.332,283.0541236,0
Clc(c1)ccc(c12)oc(c2)C(=O)N[9*],TRUE,1,2,1,1,0,0,1,1,2,2,5,13,0,42.24,2.2803,194.597,194.0008811,0
Fc1cccnc1[21*],TRUE,0,1,1,1,0,0,1,0,1,1,3,7,0,12.89,0.3953,96.084,96.02495232,0
[16*]c1[nH+]cccc1,TRUE,0,0,1,1,1,1,0,0,1,1,2,6,0,14.14,-0.3247,79.102,79.04165058,0
Fc1c(C)ccnc1[21*],TRUE,0,1,1,1,0,0,1,0,1,1,3,8,0.166666667,12.89,0.70372,110.111,110.0406024,0
[O-][n+]1c([12*])cccc1,TRUE,0,1,1,1,2,0,0,0,1,1,3,7,0,26.94,-0.5054,94.093,94.02928875,0
C1CC(=O)C[C@@H](CC2)[C@@]1(C)[C@@H](CC3)[C@@H]2[C@@H]([C@]34C)CC[C@@H]4[20*],TRUE,0,1,0,0,0,0,0,0,4,0,2,20,0.947368421,17.07,4.936,273.44,273.2218405,7
c1cccc(Cl)c1-c2c(Cl)cc(cc2)NC(=O)/C([22*])=C(\O)C,TRUE,2,2,1,2,0,0,2,3,2,2,6,21,0.0625,49.33,4.9377,321.183,320.024509,0
[14*]c1ccc(cc1)N2CCN(C)CC2,TRUE,0,2,1,1,0,0,0,1,2,1,3,13,0.454545455,6.48,0.613,175.255,175.1235235,0
[nH]1c(N)nc(=O)c(c2)c1cc(c23)nc(N[14*])[nH]3,TRUE,4,5,1,1,0,0,0,1,3,3,8,16,0,112.48,0.2578,215.196,215.0681338,0
n1snc(c12)cccc2[*],TRUE,0,3,1,1,0,0,0,0,2,2,4,9,0,25.78,0.8659,135.171,135.0016941,0
[11*]OC(=O)Nc1ccncc1,TRUE,1,3,1,1,0,0,0,1,1,1,5,10,0,51.22,1.0944,137.118,137.0351024,0
Nc1nc(N)nc([6*])c1-c2ccccc2,TRUE,2,4,1,2,0,0,0,1,2,2,5,14,0,77.82,0.4826,185.21,185.0827213,0
[7*]Cn1c(=O)sc(c12)cccc2,TRUE,0,3,1,1,0,0,0,1,2,2,4,11,0.125,22,1.5698,164.209,164.0170098,0
[6*]c1ccc(cc1)-n2c(C)nc(c23)cncc3,TRUE,0,3,1,2,0,0,0,1,3,3,4,16,0.076923077,30.71,1.90352,208.244,208.0874723,0
c1cncc(c12)cccc2[1*],TRUE,0,1,1,1,0,0,0,0,2,2,2,10,0,12.89,1.4094,128.154,128.0500242,0
c1cc(Cl)c(Cl)cc1C(=O)[7*],TRUE,0,1,1,1,0,0,2,1,1,1,4,10,0,17.07,2.6829,174.006,172.9560951,0
n1ccsc1NC(=O)C(=O)N[6*],TRUE,2,4,1,1,0,0,0,1,1,1,7,11,0,71.09,-0.3379,170.173,170.0024224,0
O1CCOc(c12)ccc(c2)-c3c(n[nH]c3C)-c4cc([19*])c(O)cc4O,TRUE,3,5,1,3,0,0,0,2,4,3,7,24,0.166666667,87.6,2.40912,323.328,323.103182,0
c1ccc(Br)cc1-c(cc2N[10*])nc([n+]23)cc[nH]3,TRUE,2,2,1,2,1,1,1,2,3,3,6,17,0,44.81,2.4541,289.136,288.0005098,0
O=C([11*])Nc(c1)ccc(c12)ncnc2Nc3ccccc3,TRUE,2,4,1,2,0,0,0,3,3,3,6,20,0,66.91,3.4546,263.28,263.093286,0
[O-][n+]1cccc(c12)sc(c2)C(=O)N(CC3)CCN3[1*],TRUE,0,4,1,1,2,0,0,1,3,2,7,18,0.333333333,50.49,0.7568,262.314,262.0650226,0
Clc(c1)ccc(c12)[nH]c([1*])c2,TRUE,1,0,1,1,0,0,1,0,2,2,3,10,0,15.79,1.9959,150.588,150.0110518,0
c1ccc(I)cc1-c2nc(-c3ccc([1*])cc3)[nH]c2-c4ccncc4,TRUE,1,2,1,4,0,0,1,3,4,4,5,24,0,41.57,4.5849,422.249,422.0154204,0
O=C([8*])Nc(c1)ccc(c12)[nH]nc2NC(=O)c3ccccc3,TRUE,3,3,1,2,0,0,0,3,3,3,7,21,0,86.88,2.8964,279.279,279.0882006,0
[3*]c1oc(cc1)-c2cccnc2,TRUE,0,2,1,2,0,0,0,1,2,2,3,11,0,26.03,1.5162,144.153,144.0449388,0
Clc1cc(Cl)c(C)cc1[2*],TRUE,0,0,1,1,0,0,2,0,1,1,3,9,0.142857143,0,2.47642,160.023,158.9768305,0
Cc1nc(C)sc1-c([nH]n2)c(C3=O)c2c(c34)cccc4NC(=O)N[4*],TRUE,3,5,1,3,0,0,0,2,4,3,9,24,0.125,99.77,2.94724,338.372,338.0711706,0
C1O[C@H](O)C[C@@H]1[4*],TRUE,1,2,0,0,0,0,0,0,1,0,3,6,1,29.46,0.0629,87.098,87.04460446,2
[10*]NC(=S)Nc1ccccc1,TRUE,2,1,1,1,0,0,0,1,1,1,4,10,0,24.06,1.4373,151.214,151.0329942,0
s1c(C)cc(n2C)c1c(c23)cnn(c3=O)C[16*],TRUE,0,5,1,1,0,0,0,1,3,3,6,16,0.272727273,39.82,1.76492,232.288,232.0544579,0
[9*]NC(=O)c(n1)sc(c12)CN(C)CC2,TRUE,1,4,1,1,0,0,0,1,2,1,6,13,0.5,45.23,0.3251,196.255,196.0544579,0
c1cccc(Cl)c1-c2sc([1*])nn2,TRUE,0,3,1,2,0,0,1,1,2,2,5,12,0,25.78,2.0331,195.654,194.9783718,0
n1csc(c12)C(=O)C(=O)C([8*])=C2O,TRUE,1,5,1,1,0,0,0,0,2,1,6,12,0,67.26,0.6844,180.164,179.9755389,0
Brc(c1)c(O)c(Br)cc1[6*],TRUE,1,1,1,1,0,0,2,0,1,1,4,9,0,20.23,2.0918,250.897,248.8550639,0
FC(F)(C1)C[C@H]([C@H]12)c3c(O[C@H]2[13*])ccc(O)c3,TRUE,1,2,1,1,0,0,2,0,3,1,5,16,0.5,29.46,2.7889,225.214,225.072711,3
O=C1C(OC)=C(OC)C(=O)C(=C1[10*])C,TRUE,0,4,1,0,0,0,0,2,1,0,5,13,0.333333333,52.6,0.4659,181.167,181.0500838,0
CP(=O)([5*])C,TRUE,0,1,0,0,0,0,0,0,0,0,3,4,1,17.07,1.0734,77.043,77.01562644,0
[12*]Oc1cccc(c12)nc(N)nc2N,TRUE,2,5,1,1,0,0,0,1,2,2,6,13,0,87.05,0.6373,175.171,175.0619858,0
[12*]Nc1ncnc(c12)[nH]c(-c3ccccc3)c2-c4ccccc4,TRUE,2,3,1,3,0,0,0,3,4,4,5,22,0,53.6,4.1681,285.33,285.1140214,0
Fc1cc(F)c(C)cc1[12*],TRUE,0,0,1,1,0,0,2,0,1,1,3,9,0.142857143,0,1.44782,127.113,127.0359316,0
[3*]c1ncnc(c12)oc(-c3ccccc3)c2-c4ccccc4,TRUE,0,3,1,3,0,0,0,2,4,4,4,21,0,38.92,3.7314,271.299,271.087138,0
CN([11*])c1ncnc(c12)oc(-c3ccccc3)c2-c4ccccc4,TRUE,0,4,1,3,0,0,0,3,4,4,5,23,0.052631579,42.16,4.4573,300.341,300.1136871,0
Fc1cccc(F)c1NC(=S)n2nc(nc2N)Nc3ccc([*])cc3,TRUE,3,6,1,3,0,0,2,3,3,3,10,24,0,80.79,2.3018,345.358,345.0733968,0
CN([*])c1ccnn1-c2ccccc2,TRUE,0,3,1,2,0,0,0,2,2,2,4,13,0.1,21.06,1.7728,172.211,172.0874723,0
c1cccc(c12)=NC(=O)C=2c(c3N[*])[nH]c(c34)cccc4,TRUE,2,2,1,2,0,0,0,2,4,3,5,20,0,57.25,1.4029,260.276,260.0823869,0
O[C@H]1CC[C@H]([C@@]12C)[C@H]3[C@H](CC2)c4c(CC3)cc(O)c(c4)/C=C\[22*],TRUE,2,2,1,1,0,0,0,1,4,1,3,22,0.6,40.46,4.1292,297.418,297.185455,5
c1cc([*])cc(c12)sc3c2cccc3,TRUE,0,1,1,1,0,0,0,0,3,3,2,13,0,0,3.2291,183.255,183.0268462,0
CN(C)c1cccc(c12)cc([*])cc2,TRUE,0,1,1,1,0,0,0,1,2,2,2,13,0.166666667,3.24,2.0804,170.235,170.0969744,0
C1N([*])CCc(c12)cccc2,TRUE,0,1,1,1,0,0,0,0,2,1,2,10,0.333333333,3.24,1.509,132.186,132.0813243,0
c1ccc(cc1[*])C(=O)Nc2c(C(=O)O)cccc2,TRUE,2,2,1,2,0,0,0,3,2,2,5,18,0,66.4,1.8117,240.238,240.0660682,0
O1CCOc(c12)ccc([*])c2,TRUE,0,2,1,1,0,0,0,0,2,1,3,10,0.25,18.46,0.6324,135.142,135.0446045,0
C[C@@H]1[C@H](O)[C@@H](C)C(=O)O[C@H]([16*])[C@H](C)/C=C/C(=O)[C@@H](C1)C,TRUE,1,4,2,0,0,0,0,0,1,0,5,19,0.733333333,63.6,1.8393,267.345,267.1596342,6
[nH]1c(N)nc(=O)c(c12)cc3c(c2[8*])nc[nH]3,TRUE,3,4,1,1,0,0,0,0,3,3,7,15,0,100.45,-0.4438,200.181,200.0572348,0
O[C@H]1CC[C@H]([C@@]12C)[C@H]3[C@H]([C@@H]([16*])C2)c4c(CC3)cc(O)cc4,TRUE,2,2,1,1,0,0,0,0,4,1,3,20,0.666666667,40.46,3.5569,271.38,271.169805,6
Oc(c1)ccc(c12)nn(c2[6*])-c3ccc(O)cc3,TRUE,2,4,1,2,0,0,0,1,3,3,5,17,0,58.28,1.6113,225.227,225.0664025,0
O1[C@H]([29*])[C@@H](O)/C=C\C[C@@H](O2)[C@@H]1C=C[C@@H](O3)[C@@H]2C[C@H]([C@@H]34)O[C@@H]5[C@@H]([C@H]4O)OCC=CC5,TRUE,2,7,0,0,0,0,0,0,5,0,8,28,0.714285714,86.61,0.5223,391.44,391.1756782,11
O[C@H]1CC[C@H]([C@@]12[18*])[C@H]3[C@H](CC2)[C@]4(C)[C@@H](CC3)CC(=O)CC4,TRUE,1,2,0,0,0,0,0,0,4,0,3,20,0.944444444,37.3,3.6608,275.412,275.2011051,7
c1nc(Cl)ccc1[5*],TRUE,0,1,1,1,0,0,1,0,1,1,3,7,0,12.89,0.9096,112.539,111.9954018,0
[C@H]12N[C@H](C[C@@H]1[9*])CC2,TRUE,1,1,0,0,0,0,0,0,2,0,2,7,1,12.03,0.8485,96.153,96.08132432,3
[*]Oc1ccc(OC)cc1,TRUE,0,2,1,1,0,0,0,2,1,1,3,9,0.142857143,18.46,1.5383,123.131,123.0446045,0
[2*]c1c(O)ccc(O)c1,TRUE,2,2,1,1,0,0,0,0,1,1,3,8,0,40.46,0.2724,109.104,109.0289544,0
COc(c1[11*])cccc1OC,TRUE,0,2,1,1,0,0,0,2,1,1,3,10,0.25,18.46,0.8784,137.158,137.0602545,0
Brc(c1)cc(OC)c(c1[12*])OC,TRUE,0,2,1,1,0,0,1,2,1,1,4,11,0.25,18.46,1.6409,216.054,214.9707666,0
C1CSCCN1[*],TRUE,0,2,0,0,0,0,0,0,1,0,3,6,1,3.24,0.4995,102.182,102.0377453,0
c1cc(Cl)ccc1N[1*],TRUE,1,1,1,1,0,0,1,1,1,1,3,8,0,12.03,2.2162,126.566,126.0110518,0
Clc(c1)ccc(Cl)c1Nc(ccn2)nc2Nc(cc3)ccc3O[11*],TRUE,2,5,1,3,0,0,2,5,3,3,8,23,0,59.07,5.1137,346.197,345.0309913,0
Fc1cccc(F)c1Nc(c2)ncnc2Nc(cc3)ccc3O[11*],TRUE,2,5,1,3,0,0,2,5,3,3,8,23,0,59.07,4.0851,313.287,313.0900924,0
Fc1cccc(c12)nc(C)c([11*])c2N,TRUE,1,2,1,1,0,0,1,0,2,2,4,13,0.1,38.91,1.43912,175.186,175.0671515,0
C1CC(=O)C(Br)=C([C@@]12[7*])c3c(C2)cc(O)cc3,TRUE,1,2,1,1,0,0,1,0,3,1,4,16,0.307692308,37.3,3.1252,278.125,276.9864167,1
OC(=O)c(cc1)oc1-c2c([12*])cccc2,TRUE,1,2,1,2,0,0,0,2,2,2,4,14,0,50.44,1.8194,187.174,187.0395191,0
[18*]O/N=C/c1cc(C(=O)O)ccc1,TRUE,1,3,1,1,0,0,0,3,1,1,5,12,0,58.89,1.1996,164.14,164.0347681,0
C[C@@]1([8*])OC(=O)N(C1=O)Nc2ccccc2,TRUE,1,4,2,1,0,0,0,2,2,1,6,15,0.2,58.64,1.2578,205.193,205.0613171,1
OC(=O)c(c1[5*])cccc1,TRUE,1,1,1,1,0,0,0,1,1,1,3,9,0,37.3,0.5594,121.115,121.0289544,0
OC(=O)c1sc(cc1N[*])-c2ccc(F)cc2,TRUE,2,3,1,2,0,0,1,3,2,2,6,16,0,49.33,3.1286,236.247,236.0181527,0
c1cc(Cl)ccc1-c(o2)nc(c23)cccc3[11*],TRUE,0,2,1,2,0,0,1,1,3,3,4,16,0,26.03,3.3228,228.658,228.0216165,0
[6*]N1CCC(=CC1)c2ccccc2,TRUE,0,1,1,1,0,0,0,1,2,1,2,12,0.272727273,3.24,2.24,158.224,158.0969744,0
c1ccc(F)c(c12)c(=O)[nH]c(=O)n2C[11*],TRUE,1,3,1,1,0,0,1,1,2,2,6,14,0.111111111,54.86,0.3357,193.157,193.0413307,0
[17*]Nc1ncnc(c1)Nc2[nH]ncn2,TRUE,3,6,1,2,0,0,0,3,2,2,8,13,0,91.41,0.2145,176.163,176.0684682,0
Cc1ncc(n1C(C)C)-c2nc(ncc2)Nc(cc3)ccc3[*],TRUE,1,5,1,3,0,0,0,4,3,3,6,22,0.235294118,55.63,3.14762,292.366,292.1562206,0
C1CC1n2c(cnc2C)-c3nc(ncc3)Nc4ccc([*])cc4,TRUE,1,5,1,3,0,0,0,4,4,3,6,22,0.235294118,55.63,2.90162,290.35,290.1405705,0
Cl[C@@H](C1)SC(C=12)=NC(=C2)C(=O)N[9*],TRUE,1,3,1,0,0,0,1,1,2,0,6,12,0.142857143,41.46,1.101,199.642,198.9732864,1
c1cc(Cl)cnc1NC(=S)N[9*],TRUE,2,2,1,1,0,0,1,1,1,1,6,11,0,36.95,1.4857,186.647,185.9892708,0
c1cc(Cl)cnc1N[1*],TRUE,1,2,1,1,0,0,1,1,1,1,4,8,0,24.92,1.6112,127.554,127.0063008,0
c1cccc(c1[1*])NC(=O)c2ccc(cc2)-n3c(=O)cccc3,TRUE,1,3,1,3,0,0,0,3,3,3,5,22,0,51.1,2.2644,289.314,289.0977027,0
[12*]Nc1ncnc(c12)nc[nH]2,TRUE,2,4,1,1,0,0,0,1,2,2,6,10,0,66.49,0.2291,134.122,134.0466701,0
c1cc(Cl)sc1-c(n2)n[nH]c2[1*],TRUE,1,3,1,2,0,0,1,1,2,2,6,11,0,41.57,1.3612,184.631,183.9736208,0
O=C([6*])Nc1c(F)ccc(F)c1,TRUE,1,1,1,1,0,0,2,1,1,1,5,11,0,29.1,2.046,156.111,156.0260952,0
c1ccc(C)cc1C(=O)c(c2)ccnc2N[5*],TRUE,1,3,1,2,0,0,0,3,2,2,4,16,0.076923077,41.99,2.49722,211.244,211.087138,0
O=C([6*])c1c(O)cc(O)cc1O,TRUE,3,4,1,1,0,0,0,1,1,1,5,11,0,77.76,0.4929,153.113,153.0187836,0
[5*]NC(=O)c1cc(c(C)cc1)-c2c(C)cc(cc2)-c3oc(nn3)C,TRUE,1,4,1,3,0,0,0,3,3,3,6,23,0.166666667,68.02,3.52296,306.345,306.1242518,0
[6*]NC(=O)c(cc1)sc1-c2ccnc(c23)[nH]cc3,TRUE,2,3,1,2,0,0,0,2,3,3,6,17,0,57.78,2.4855,242.283,242.0388079,0
C1=C[C@H](O)[C@](C(O2)=O)(C)[C@@H]([C@@H]3[21*])[C@]12[C@@H]([C@@]345)CC[C@](O)(C4)C(C5)=C,TRUE,2,4,1,0,0,0,0,0,5,0,5,22,0.722222222,66.76,1.6641,301.362,301.1439842,8
C1C[C@H](O)[C@](C(O2)=O)(C)[C@@H]([C@@H]3[21*])[C@]12[C@@H]([C@@]345)CC[C@H](C4)C(C5)=C,TRUE,1,3,1,0,0,0,0,0,5,0,4,21,0.833333333,46.53,2.7732,287.379,287.1647196,8
[*]N1CCN(CC1)c2ncccc2,TRUE,0,3,1,1,0,0,0,1,2,1,4,12,0.444444444,19.37,0.6679,162.216,162.1031224,0
n1ccsc1NC(=O)Nc(cc2[*])ccc2,TRUE,2,3,1,2,0,0,0,2,2,2,6,15,0,54.02,1.9617,218.261,218.0388079,0
[8*]c1cc(C)cc(c1)C,TRUE,0,0,1,1,0,0,0,0,1,1,1,8,0.25,0,1.47804,105.16,105.0704253,0
CP(=O)[1*],TRUE,0,1,0,0,0,0,0,0,0,0,3,3,1,17.07,0.6402,63.016,62.99997638,1
O=C1N([14*])C(=O)[C@@H]([C@@H]1[C@H]23)[C@@H](C2)CC3,TRUE,0,2,1,0,0,0,0,0,3,0,4,12,0.777777778,37.38,0.4818,164.184,164.0711536,4
O=c1c([9*])c(C)[nH]n1-c2n[nH]nn2,TRUE,2,5,1,2,0,0,0,1,2,2,8,12,0.2,92.25,-1.83828,165.136,165.0524838,0
O=C1C[C@H]([10*])CN1c2ccc(cc2)C(=O)C,TRUE,0,2,1,1,0,0,0,2,2,1,4,15,0.333333333,37.38,1.9637,202.233,202.0868036,1
Clc(c1)ccc(O[11*])c1C(=O)c2ccccc2,TRUE,0,2,1,2,0,0,1,3,2,2,4,16,0,26.3,3.4141,231.658,231.0212822,0
c1cc(=O)[nH]cc1[20*],TRUE,1,1,1,1,0,0,0,0,1,1,3,7,0,32.86,-0.4505,94.093,94.02928875,0
n1nc(C)oc1-c(c2)ccc(C)c2-c3ccc(cc3)C(=O)Nc4cc([29*])ccc4,TRUE,1,4,1,4,0,0,0,4,4,4,6,28,0.086956522,68.02,4.44734,368.416,368.1399018,0
[8*]NC(=O)c1ccc(cc1)-c2c(C)ccc(c2)-c3oc(nn3)C,TRUE,1,4,1,3,0,0,0,3,3,3,6,22,0.117647059,68.02,3.21454,292.318,292.1086017,0
c1cc([24*])ccc1-c2c[nH]c(c23)ncc(c3)-c(c4)ccc(c45)cccc5,TRUE,1,1,1,3,0,0,0,2,5,5,3,25,0,28.68,5.2247,319.387,319.1235235,0
S=C1S/C(C(=O)N1[8*])=C\c2c(O)c([N+]([O-])=O)ccc2,TRUE,1,6,1,1,2,0,0,2,2,1,9,18,0,83.68,1.9659,281.294,280.9690736,0
[14*]Nc(o1)nc(c12)cccc2,TRUE,1,3,1,1,0,0,0,1,2,2,4,10,0,38.06,1.704,133.13,133.0401878,0
c1cc(OC)ccc1N[18*],TRUE,1,2,1,1,0,0,0,2,1,1,3,9,0.142857143,21.26,1.5714,122.147,122.0605889,0
Clc(c1)ccc(c12)sc([1*])c2,TRUE,0,1,1,1,0,0,1,0,2,2,3,10,0,0,2.7293,167.64,166.9722238,0
c1cc(Cl)cc(c12)sc([1*])c2,TRUE,0,1,1,1,0,0,1,0,2,2,3,10,0,0,2.7293,167.64,166.9722238,0
c1ccc(F)c(C(=O)N)c1Nc2nc(Nc(cc3)c(OC)cc3[12*])nc(c24)[nH]cc4,TRUE,4,6,1,3,0,0,1,6,4,4,10,29,0.05,117.95,2.8663,391.386,391.131877,0
C1C[N@+]([O-])(C)[C@H]([C@]12C)N(C)c3c2cc(cc3)OC(=O)Nc4c([23*])cccc4,TRUE,1,4,1,2,2,0,0,2,4,2,7,26,0.35,64.63,2.8538,352.414,352.1661166,3
S=c(n1)[nH][nH]c1[6*],TRUE,2,2,1,1,0,0,0,0,1,1,5,6,0,44.47,-0.35811,100.126,99.99694306,0
c1cc(OC)c(OC)cc1N2C[C@@H]([9*])[C@@H](N)CC2,TRUE,1,4,1,1,0,0,0,3,2,1,5,17,0.538461538,47.72,1.579,235.307,235.1446528,2
[nH]1cnc(c12)ncnc2-c3ccc([9*])cc3,TRUE,1,3,1,2,0,0,0,1,3,3,5,15,0,54.46,1.1945,195.205,195.0670712,0
c1n[nH]cc1-c(cc2)ccc2[4*],TRUE,1,1,1,2,0,0,0,1,2,2,3,11,0,28.68,1.2513,143.169,143.0609232,0
[*]N1[C@@H](C)CNCCC1,TRUE,1,2,0,0,0,0,0,0,1,0,3,8,1,15.27,0.1345,113.184,113.1078734,1
Cc1cncc(c12)cccc2[*],TRUE,0,1,1,1,0,0,0,0,2,2,2,11,0.1,12.89,1.71782,142.181,142.0656743,0
c1c([1*])c(Br)cc(c12)OCO2,TRUE,0,2,1,1,0,0,1,0,2,1,4,10,0.142857143,18.46,1.3524,200.011,198.9394665,0
C[C@@]12[C@H]3[C@@](O3)(C)CC[C@H]1[N@@+]([O-])([20*])CCC2,TRUE,0,2,0,0,2,0,0,0,3,0,4,14,1,35.59,1.8853,196.27,196.1337538,5
[11*]Oc1ccc(cc1)Nc(ncc2)nc2-c3c(C)nc(n34)cccc4,TRUE,1,6,1,3,0,0,0,4,4,4,7,24,0.055555556,64.34,3.68642,316.344,316.1198351,0
c1cc(O)cc(CC2)c1[C@@H](CC3)[C@@H]2[C@@H]([C@]34C)CC[C@@H]4[*],TRUE,1,1,1,1,0,0,0,0,4,1,2,19,0.666666667,20.23,4.5861,255.381,255.1748904,5
Fc(c1)ccc(O)c1[*],TRUE,1,1,1,1,0,0,1,0,1,1,3,8,0,20.23,0.7059,111.095,111.024618,0
Clc1c(C)nc(nc1N[6*])-c2ncccc2,TRUE,1,4,1,2,0,0,1,2,2,2,6,15,0.1,50.7,2.37662,219.655,219.0437489,0
n1ccsc1NC(=O)c(nccc2)c2NC(=O)O[8*],TRUE,2,6,1,2,0,0,0,3,2,2,9,18,0,93.21,1.8032,263.258,263.0238861,0
n1ccsc1NC(=O)c(c2NC(=O)[7*])nccc2,TRUE,2,5,1,2,0,0,0,3,2,2,8,17,0,83.98,1.8716,247.259,247.0289715,0
[O-][N+](=O)c(cc1)cc(c12)CN[C@@H]([10*])C2,TRUE,1,3,1,1,2,0,0,1,2,1,5,13,0.333333333,55.17,1.1159,177.183,177.0664025,1
Cc1c([7*])c(=O)oc(c12)cc(O)cc2,TRUE,1,3,1,1,0,0,0,0,2,2,4,13,0.1,50.44,0.98162,175.163,175.0395191,0
[O-]C(=O)C(=O)\C=C\[5*],TRUE,0,3,1,0,1,-1,0,2,0,0,4,7,0,57.2,-1.6316,98.057,98.0009425,0
[16*]NC(=O)c(n1)ccc(c12)cccc2O,TRUE,2,3,1,1,0,0,0,1,2,2,5,14,0,62.22,1.1345,187.178,187.0507525,0
O=C([14*])N=O,TRUE,0,2,1,0,0,0,0,0,0,0,4,4,0,46.5,0.4221,58.016,57.99290324,0
[*]Nc1c(O)cc(cc1)C(=O)O,TRUE,3,3,1,1,0,0,0,2,1,1,5,11,0,69.56,0.9666,152.129,152.0347681,0
c1csc(c1[*])C(=O)O,TRUE,1,2,1,1,0,0,0,1,1,1,4,8,0,37.3,0.6209,127.144,126.9853753,0
O=C1OCC[C@@H]1[3*],TRUE,0,2,1,0,0,0,0,0,1,0,3,6,0.75,26.3,0.2711,85.082,85.0289544,1
O1CCOc(c12)ccc(c2C)C(=O)NN([6*])C(=O)c3cc(C)cc(c3)C,TRUE,1,4,2,2,0,0,0,2,3,2,7,25,0.263157895,67.87,2.63456,339.371,339.1344821,0
Oc(c1)ccc(O[C@H]2[11*])c1[C@@H]([C@@H]23)CCC3,TRUE,1,2,1,1,0,0,0,0,3,1,3,14,0.5,29.46,2.5437,189.234,189.0915547,3
[26*]Nc1cc[nH+]cc1,TRUE,1,1,1,1,1,1,0,1,1,1,3,7,0,26.17,0.3769,94.117,94.05254961,0
Cc1ncc(n1C(C)C)-c2nc(ncc2F)Nc(cc3)ccc3C(=O)N4C[C@@H]([3*])CC4,TRUE,1,6,1,3,0,0,1,5,4,3,9,30,0.363636364,75.94,4.29582,407.473,407.1995626,1
O=c1c(Br)c(O[21*])cc(C)n1-c2c(C)ccc(c2)C(=O)NC,TRUE,1,4,1,2,0,0,1,3,2,2,7,21,0.2,60.33,2.41954,350.192,349.0187794,0
c1cc(Cl)ccc1-c(n[nH]c2[8*])c2-c3ncncc3,TRUE,1,3,1,3,0,0,1,2,3,3,6,18,0,54.46,2.3617,255.688,255.0437489,0
c1ccc(C(=O)O)c(n2C[17*])c1c(c23)CCCCC3,TRUE,1,2,1,1,0,0,0,2,3,2,4,18,0.4,42.23,3.1152,242.298,242.1181038,0
[14*]c1cc(C(=O)N)ccc1,TRUE,1,1,1,1,0,0,0,1,1,1,3,9,0,43.09,-0.0399,120.131,120.0449388,0
C1C=CCC(C=12)=NC(=O)C\2=C(\C3=N\O[23*])/N=C(C3=4)CC=CC4,TRUE,0,4,1,0,0,0,0,1,4,0,6,21,0.125,63.38,2.2858,276.275,276.0773016,0
[7*]Cn1c(=O)n(C)c(=O)c(c12)[nH]cn2,TRUE,1,5,1,1,0,0,0,1,2,2,7,13,0.285714286,72.68,-1.0699,179.159,179.0569005,0
O=Cc(c1[6*])cc(N)cc1,TRUE,1,2,1,1,0,0,0,1,1,1,3,9,0,43.09,0.2559,120.131,120.0449388,0
c1ccc(Cl)c(C=O)c1NC(=O)[8*],TRUE,1,2,1,1,0,0,1,2,1,1,5,12,0,46.17,2.2337,182.586,182.0008811,0
OC(=O)c(c1[8*])cc(N)cc1,TRUE,2,2,1,1,0,0,0,1,1,1,4,10,0,63.32,0.1416,136.13,136.0398534,0
Ic(c1)c(O)c(C(=O)N[12*])cc1-c2c(F)cc(F)cc2,TRUE,2,2,1,2,0,0,3,2,2,2,7,19,0,49.33,3.1361,374.104,373.9489579,0
c1ccc(O)cc1-c2cc([22*])cc(c23)ncc(n3)N4CCN(C)CC4,TRUE,1,5,1,2,0,0,0,2,4,3,6,24,0.263157895,52.49,1.9288,319.388,319.1558862,0
c1ccc([27*])cc1NC(=O)c(c2)ccc(C)c2Nc3cc(C(=O)N)cnc3,TRUE,3,4,1,3,0,0,0,5,3,3,7,26,0.05,97.11,2.65942,345.382,345.1351508,0
c1cc([*])ccc1N(C2=O)C(=O)c(c23)ccc(N)c3,TRUE,1,3,1,2,0,0,0,1,3,2,5,18,0,63.4,1.244,237.238,237.0664025,0
c1cc(Cl)ccc1NC(=O)[20*],TRUE,1,1,1,1,0,0,1,1,1,1,4,10,0,29.1,2.4212,154.576,154.0059665,0
c1ccc(O[29*])cc1-c(cc2F)cc(F)c2NC(=O)C3=C(C(=O)O)CCC3,TRUE,2,3,1,2,0,0,2,5,3,2,8,26,0.157894737,75.63,3.9785,358.32,358.0890894,0
c1csc(C(=O)O)c1C(=O)Nc(c(F)c2)c(F)cc2-c3cc(O[29*])ccc3,TRUE,2,4,1,3,0,0,2,5,3,3,9,26,0,75.63,4.4869,374.344,374.0298602,0
c1ccc(O[31*])cc1-c2c(F)c(F)c(c(F)c2F)NC(=O)C3=C(C(=O)O)CC=C3,TRUE,2,3,1,2,0,0,4,5,3,2,10,28,0.052631579,75.63,4.0327,392.284,392.0545957,0
O=C([18*])N(CC1)CCN1c2ccc(cc2)Nc(ncc3)nc3-c(n4C(C)C)cnc4C,TRUE,1,7,2,3,0,0,0,5,4,3,9,30,0.363636364,79.18,3.76432,404.498,404.2198835,0
c1cc(I)ccc1C(=O)n(c(c2[10*])C)c(c23)ccc(c3)OC,TRUE,0,3,1,2,0,0,1,2,3,3,5,21,0.117647059,31.23,3.42602,390.2,389.9991017,0
n1nc(S)sc1NC(=O)[10*],TRUE,2,5,1,1,0,0,0,1,1,1,7,9,0,54.88,0.908,160.203,159.9639287,0
ON([7*])C(=O)C,TRUE,1,2,1,0,0,0,0,0,0,0,4,5,0.5,40.54,-0.3116,74.059,74.02420337,0
Cl[P@](=O)([2*])C,TRUE,0,1,0,0,0,0,1,0,0,0,4,4,1,17.07,1.5974,97.461,96.96100403,1
c1cccc(c12)[nH]c(c2[7*])-c3ccccc3,TRUE,1,0,1,2,0,0,0,1,3,3,2,15,0,15.79,3.0095,192.241,192.0813243,0
[*]Oc1c[nH]c(c12)cccc2,TRUE,1,1,1,1,0,0,0,1,2,2,3,10,0,25.02,2.011,132.142,132.0449388,0
[nH]1ccc(c12)ccc(c2)-c3cc([11*])ccc3,TRUE,1,0,1,2,0,0,0,1,3,3,2,15,0,15.79,3.0095,192.241,192.0813243,0
c1cc(Br)ccc1\C=C\[16*],TRUE,0,0,1,1,0,0,1,1,1,1,2,9,0,0,2.9691,182.04,180.9652873,0
[*]N1[C@H](C)CNCC1,TRUE,1,2,0,0,0,0,0,0,1,0,3,7,1,15.27,-0.2556,99.157,99.09222335,1
O=S1(=O)N([15*])C(=O)c(c12)c3c(cc2C(=O)O)cccc3,TRUE,1,4,1,1,0,0,0,1,3,2,8,19,0,91.75,1.1468,276.249,275.9966683,0
O=S1(=O)NC(=O)C[C@H]1[13*],TRUE,1,3,1,0,0,0,0,0,1,0,6,8,0.666666667,63.24,-1.2885,134.136,133.991189,1
[6*]Nc(n1)ccc(n12)ncc2-c3cc(N)ccc3,TRUE,2,5,1,2,0,0,0,2,3,3,6,17,0,68.24,1.8547,224.247,224.0936203,0
[8*]Nc1nc(c(Cl)cn1)-c2c[nH]c(c23)cccc3,TRUE,2,3,1,2,0,0,1,2,3,3,6,17,0,53.6,3.1545,243.677,243.0437489,0
n1cnc(n12)nc(C)cc2Nc3ccc([19*])cc3,TRUE,1,5,1,2,0,0,0,2,3,3,6,17,0.083333333,55.11,1.35092,224.247,224.0936203,0
Clc(c1)ccc(c12)NC(=O)C\2=C/c([nH]c3C)c(C)c3C(=O)N[11*],TRUE,3,2,1,2,0,0,1,2,3,2,7,22,0.125,73.99,2.97174,314.752,314.0696293,0
[7*]N1C(=O)C(=N\O)/c(c12)c(ccc2)/C=C/c3ccccc3,TRUE,1,3,1,2,0,0,0,2,3,2,5,20,0,52.9,2.8462,263.276,263.0820526,0
[7*]c1cc(F)cc(c12)COCO2,TRUE,0,2,1,1,0,0,1,0,2,1,4,11,0.25,18.46,0.8668,153.132,153.0351827,0
c1cc(F)cc(c12)/C(=N\O)C(=O)N2[8*],TRUE,1,3,1,1,0,0,1,0,2,1,6,13,0,52.9,0.8149,179.13,179.0256806,0
C1CC([11*])CCN1c2nnc(C)cc2,TRUE,0,3,1,1,0,0,0,1,2,1,4,13,0.6,29.02,1.72302,176.243,176.1187724,0
[8*]N1C(=O)C(=N\O)/c(c12)c(ccc2)-c3ccccc3,TRUE,1,3,1,2,0,0,0,1,3,2,5,18,0,52.9,2.3428,237.238,237.0664025,0
[11*]c1c(Cl)[nH]c(=O)[nH]c1=O,TRUE,2,2,1,1,0,0,1,0,1,1,6,9,0,65.72,-1.1088,145.525,144.98048,0
c1cc(Br)oc1C(=O)Nc(cccc2Cl)c2N3CCN([12*])CC3,TRUE,1,4,1,2,0,0,2,3,3,2,8,22,0.266666667,48.72,3.5341,383.653,381.9957915,0
CN([5*])c1nc(ccn1)-c2cnc(n23)cccc3,TRUE,0,5,1,2,0,0,0,2,3,3,6,17,0.083333333,46.32,1.6918,224.247,224.0936203,0
[8*]Nc1nc(ccn1)-c2cnc(n23)cccc3,TRUE,1,5,1,2,0,0,0,2,3,3,6,16,0,55.11,1.6675,210.22,210.0779703,0
c1cc(C)c(Cl)cc1NC(=O)N[14*],TRUE,2,1,1,1,0,0,1,1,1,1,5,12,0.125,41.13,2.23422,183.618,183.0325156,0
c1cc(Cl)ccc1C2=NN=C(N[6*])SC2,TRUE,1,4,1,1,0,0,1,1,2,1,6,14,0.111111111,36.75,2.2008,224.696,224.0049209,0
CC(C)(C)n1nc([12*])c(c12)c(N)ncn2,TRUE,1,5,1,1,0,0,0,0,2,2,6,14,0.444444444,69.62,0.3381,190.23,190.1092704,0
[12*]c1c(C)ccc(c1)C,TRUE,0,0,1,1,0,0,0,0,1,1,1,8,0.25,0,1.47804,105.16,105.0704253,0
CN1C[C@@H](F)[C@@H]([6*])CC1,TRUE,0,1,0,0,0,0,1,0,1,0,3,8,1,3.24,0.9978,116.159,116.0875526,2
c1c([*])ccc(c12)NC(=O)C/2=C\c([nH]3)cc(c34)CCCC4,TRUE,2,1,1,2,0,0,0,1,4,2,4,20,0.235294118,44.89,2.5608,263.32,263.1184381,0
c1cnccc1Oc(cc2)ccc2NC(=O)Nc3cc([21*])ccc3,TRUE,2,3,1,3,0,0,0,4,3,3,6,23,0,63.25,3.6925,304.329,304.1086017,0
C1CCCCN(N1C(=O)[13*])C(=O)c2ccccc2,TRUE,0,2,2,1,0,0,0,1,2,1,5,17,0.384615385,40.62,2.199,231.275,231.1133527,0
Fc1ccc([15*])cc1C(=O)N2CCCNCC2,TRUE,1,2,1,1,0,0,1,1,2,1,5,16,0.416666667,32.34,0.4358,221.255,221.1090163,0
[15*]c1n[nH]c(=O)c(c12)cccc2,TRUE,1,2,1,1,0,0,0,0,2,2,4,11,0,45.75,0.0977,145.141,145.0401878,0
c1cc(Cl)ccc1-c(c2)n[nH]c2[4*],TRUE,1,1,1,2,0,0,1,1,2,2,4,12,0,28.68,1.9047,177.614,177.0219509,0
c1cc(Cl)ccc1-c2[nH]nc(n2)[1*],TRUE,1,2,1,2,0,0,1,1,2,2,5,12,0,41.57,1.2997,178.602,178.0171998,0
c1ccccc1C(C(=O)N2[7*])=C(C2=O)Nc3ccc(OC)cc3,TRUE,1,4,1,2,0,0,0,4,3,2,6,22,0.058823529,58.64,2.3515,293.302,293.0926173,0
[19*]Oc1cccnc1,TRUE,0,2,1,1,0,0,0,1,1,1,3,7,0,22.12,0.9247,94.093,94.02928875,0
c1n[nH]c(C)c1-c(cc2)ccc2[5*],TRUE,1,1,1,2,0,0,0,1,2,2,3,12,0.1,28.68,1.55972,157.196,157.0765733,0
[10*]Oc1cc(cnc1)-c(c2)ccc(c23)n[nH]c3C,TRUE,1,3,1,2,0,0,0,2,3,3,5,17,0.076923077,50.8,2.77642,224.243,224.0823869,0
[8*]Cn1cnc(N)c(c12)ncn2,TRUE,1,5,1,1,0,0,0,1,2,0,6,11,0.166666667,69.62,-0.1331,148.149,148.0623202,0
[10*]Cn1c(C)nc(c1)-c2nc(N)ncc2,TRUE,1,5,1,2,0,0,0,2,2,2,6,14,0.222222222,69.62,0.73752,188.214,188.0936203,0
Clc(c1)cc(Cl)cc1NC(=O)Nc(cc2)ccc2O[8*],TRUE,2,2,1,2,0,0,2,3,2,2,7,19,0,50.36,4.4805,296.133,295.0041079,0
[8*]Oc1ccnc(c12)cc(OC)cc2,TRUE,0,3,1,1,0,0,0,2,2,2,4,13,0.1,31.35,2.0865,174.179,174.0555035,0
[8*]c1nnc(n12)ccc(n2)-c3ccccc3,TRUE,0,4,1,2,0,0,0,1,3,3,5,15,0,43.08,0.9659,195.205,195.0670712,0
[C@H]12O[C@]([12*])(O)C[C@@H](C1)OC(=O)/C=C(C)\CC/C=C\[C@@H](C)CC2,TRUE,1,4,1,0,0,0,0,0,2,0,5,21,0.705882353,55.76,2.9852,293.383,293.1752843,4
c1scnc1-c([nH]2)nc(c23)ccc([*])c3,TRUE,1,3,1,2,0,0,0,1,3,3,5,14,0,41.57,1.861,200.246,200.0282432,0
C=CC(=O)c(cc1)ccc1[4*],TRUE,0,1,1,1,0,0,0,2,1,1,2,10,0,17.07,1.2299,131.154,131.0496898,0
C1C[C@@H](O)[C@H](N12)C(=O)N(C2=O)c3ccc([22*])c(c34)cccc4,TRUE,1,3,1,1,0,0,0,1,4,2,6,21,0.25,60.85,0.9162,281.291,281.0926173,2
C1COCCN1c2cc(cc(F)c2)C(=O)Nc(c3)ccc(c34)[nH]cc4[14*],TRUE,2,3,1,2,0,0,1,3,4,3,7,25,0.210526316,57.36,2.5705,338.362,338.13048,0
Fc1c(F)ccc(OC)c1C(=O)c(cn2)c(N)nc2N[12*],TRUE,2,6,1,2,0,0,2,4,2,2,9,20,0.083333333,90.13,1.4528,279.226,279.069357,0
c1cccc(Cl)c1NC(=O)N(c(ccn2)nc2N[10*])c3ccc(OC)cc3,TRUE,2,5,1,3,0,0,1,5,3,3,9,26,0.055555556,79.38,4.385,368.804,368.0914274,0
[O-][N+](=O)c(cc1)oc1-c2oc([*])nn2,TRUE,0,6,1,2,2,0,0,2,2,2,8,13,0,95.2,0.4124,180.099,180.0045305,0
O=C/C([7*])=C/C,TRUE,0,1,1,0,0,0,0,1,0,0,2,5,0.25,17.07,0.6384,69.083,69.03403978,0
[3*]c1sc(N)nc1,TRUE,1,3,1,1,0,0,0,0,1,1,4,6,0,38.91,-0.1001,99.138,99.0016941,0
[13*]Nc1c(C=O)cc(n12)cccc2,TRUE,1,3,1,1,0,0,0,2,2,2,4,12,0,33.51,1.628,159.168,159.0558378,0
n1c(C)csc1NC(=O)c2c(NC)ccc([*])c2,TRUE,2,4,1,2,0,0,0,3,2,2,6,17,0.166666667,54.02,1.92012,246.315,246.070108,0
[3*]Oc1ccc(cc1)-c2ccccc2,TRUE,0,1,1,2,0,0,0,2,2,2,2,13,0,9.23,3.1967,169.203,169.0653399,0
c1cccc(c12)NC(=O)C\2=C/Nc(cc3)ccc3[*],TRUE,2,2,1,2,0,0,0,2,3,2,4,18,0,41.13,2.2663,235.266,235.087138,0
n1csc2c1ccc(c2=3)=NC(=O)C3NNc(cc4)ccc4[13*],TRUE,2,5,2,2,0,0,0,3,4,3,7,21,0,66.38,0.3556,293.331,293.0497069,0
O=S(=O)([17*])N=C(N)N,TRUE,2,2,1,0,0,0,0,1,0,0,7,7,0,98.54,-1.9461,122.129,122.0024224,0
N[C@@H]1[C@@H](CC2)c(c3[C@H]12)cccc3[15*],TRUE,1,1,1,1,0,0,0,0,3,1,2,12,0.454545455,26.02,1.1631,158.224,158.0969744,3
c1cc(I)cc(F)c1Nc2c(-c3oc(N[16*])nn3)ccc(F)c2F,TRUE,2,5,1,3,0,0,4,4,3,3,10,23,0,62.98,4.3783,431.135,430.9616685,0
c1ccc(O)c(c12)cccc2[*],TRUE,1,1,1,1,0,0,0,0,2,2,2,11,0,20.23,1.72,143.165,143.0496898,0
c1cc([*])ccc1NC(=O)c2n[nH]c(c23)cccc3,TRUE,2,2,1,2,0,0,0,2,3,3,5,18,0,57.78,1.9898,236.254,236.0823869,0
c1ncc(Cl)nc1Nc(cc2)ccc2[1*],TRUE,1,3,1,2,0,0,1,2,2,2,5,14,0,37.81,2.0482,204.64,204.0328499,0
Fc1cccc(F)c1C(=O)Nc2cn[nH]c2C(=O)N[9*],TRUE,3,3,1,2,0,0,2,3,2,2,9,19,0,86.88,1.1343,265.199,265.0537069,0
C1NCCC[C@@H]1[5*],TRUE,1,1,0,0,0,0,0,0,1,0,2,6,1,12.03,0.7076,84.142,84.08132432,1
Clc1cccc(Cl)c1C(=O)Nc2cn[nH]c2C(=O)N[9*],TRUE,3,3,1,2,0,0,2,3,2,2,9,19,0,86.88,2.1629,298.109,296.9946058,0
[NH3+]C1([11*])CCN(CC1)c2ncnc(c23)[nH]cc3,TRUE,2,3,1,1,1,1,0,1,3,2,6,16,0.454545455,72.45,0.0456,217.276,217.1321969,0
O[C@@H]1[C@@H](O)[C@H](O)[C@@H]([14*])O[C@]12ON=C(C2)c3ccccc3,TRUE,3,6,1,1,0,0,0,1,3,1,7,19,0.461538462,91.51,-0.5044,264.257,264.0871975,5
[10*]c1[nH]nc(c12)cccc2,TRUE,1,1,1,1,0,0,0,0,2,2,3,9,0,28.68,0.7375,117.131,117.0452732,0
c1cccc2c1C(=O)c(c23)c4c(c(=O)n3C[14*])cccc4,TRUE,0,3,1,2,0,0,0,1,4,3,4,20,0.058823529,39.07,2.7197,260.272,260.0711536,0
O[C@H]1[C@@H](O)[C@@H](O[C@@H]1[15*])n2c(C=C)nc(c23)c(N)ncn3,TRUE,3,8,1,1,0,0,0,2,3,2,9,19,0.363636364,119.31,-0.8225,262.249,262.0940142,4
C1CCc(c12)ccc([*])c2,TRUE,0,0,1,1,0,0,0,0,2,1,1,9,0.333333333,0,1.3499,117.171,117.0704253,0
c1cc(Cl)cc(n2C)c1c([C@H]3[17*])c2C(=O)NC34CCNCC4,TRUE,2,3,1,1,0,0,1,0,4,2,6,21,0.4375,46.06,2.2877,302.785,302.1060148,1
O/C(C)=C([23*])\C(=O)Nc(cc1)c(Cl)cc1-c2c(OC)cccc2,TRUE,2,3,1,2,0,0,1,4,2,2,6,22,0.117647059,58.56,4.2929,316.764,316.074046,0
[8*]NC(=O)c(cc1)ccc1-n2c(=O)cccc2,TRUE,1,3,1,2,0,0,0,2,2,2,5,16,0,51.1,1.0316,213.216,213.0664025,0
OC(=O)\C=C(C)\C=C\[8*],TRUE,1,1,1,0,0,0,0,2,0,0,3,8,0.166666667,37.3,1.0803,111.12,111.0446045,0
c1cc(Cl)ccc1-c(cc2)oc2\C=C(\SC3=S)C(=O)N3[8*],TRUE,0,4,1,2,0,0,1,2,3,2,7,20,0,33.45,4.2655,320.802,319.9606731,0
[12*]Oc1ccnc(c12)[nH]cc2-c3nc(N)ncc3,TRUE,2,5,1,2,0,0,0,2,3,3,7,17,0,89.71,1.4452,226.219,226.0728849,0
[7*]c1c(I)[nH]c(c12)ccc(c2)OC,TRUE,1,1,1,1,0,0,1,1,2,2,4,12,0.111111111,25.02,1.9557,272.065,271.9572368,0
C1[C@@H]([10*])NCc(c12)cccc2,TRUE,1,1,1,1,0,0,0,0,2,1,2,10,0.333333333,12.03,1.2077,132.186,132.0813243,1
[14*]OC(=O)N1CCOCC1,TRUE,0,3,1,0,0,0,0,0,1,0,5,9,0.8,38.77,-0.0805,130.123,130.0504181,0
c1cc(F)cc(c1[7*])-c2cccnc2,TRUE,0,1,1,2,0,0,1,1,2,2,3,13,0,12.89,2.0623,172.182,172.0562524,0
C1[C@H]([10*])C/C(=N\O)c(c12)c(C)nc(n2)N,TRUE,2,5,1,1,0,0,0,0,2,1,6,14,0.444444444,84.39,0.82952,191.214,191.093286,1
S=C1N[C@H]([8*])C(=C(C)N1C)C(=O)c2ccccc2,TRUE,1,2,1,1,0,0,0,2,2,1,5,17,0.230769231,32.34,1.8386,245.327,245.074859,1
n1ccsc1NC(=O)c2c(N)cc(F)c([*])c2,TRUE,2,4,1,2,0,0,1,2,2,2,7,16,0,68.01,1.2913,236.251,236.0293861,0
Cn1c([*])ncc1,TRUE,0,2,1,1,0,0,0,0,1,1,3,6,0.25,17.82,-0.4053,81.098,81.04527316,0
Brc(c1)ccc(c12)[nH]c(c2[1*])C(=O)N,TRUE,2,1,1,1,0,0,1,1,2,2,5,13,0,58.88,1.2039,238.064,236.9663499,0
COc1ccc(c(O)c1[8*])C(=O)C,TRUE,1,3,1,1,0,0,0,2,1,1,4,12,0.222222222,46.53,0.778,165.168,165.0551691,0
O=C1C(=O)N(C)c(c12)ccc([*])c2,TRUE,0,2,1,1,0,0,0,0,2,1,4,12,0.111111111,37.38,0.0203,160.152,160.0398534,0
CC1(C)N(O)C(C)(C)C=C1[14*],TRUE,1,2,0,0,0,0,0,0,1,0,3,10,0.75,23.47,1.6816,140.206,140.1075391,0
O=C([8*])c1ccc(O)cc1,TRUE,1,2,1,1,0,0,0,1,1,1,3,9,0,37.3,1.0817,121.115,121.0289544,0
OC(=O)C(CC1)=CC(=CC2)[C@@]1(C)[C@@H](CC3)[C@@H]2[C@@H]([C@]34C)CC[C@@H]4[20*],TRUE,1,1,1,0,0,0,0,1,4,0,3,22,0.75,37.3,4.9079,299.434,299.2011051,6
c1ccc([29*])cc1C(=O)Nc(c2)ccc(C)c2Nc3ncccc3-c4ncncc4,TRUE,2,5,1,4,0,0,0,5,4,4,7,29,0.043478261,79.8,4.01752,380.431,380.1511352,0
O[C@H]1CCC=C([C@H]12)C=C[C@@H]([C@@H]2[7*])C,TRUE,1,1,1,0,0,0,0,0,2,0,2,12,0.636363636,20.23,2.2274,163.24,163.1122901,4
[10*][C@@H]1OC(=O)C[C@H](O)C1,TRUE,1,3,1,0,0,0,0,0,1,0,4,8,0.8,46.53,-0.4403,115.108,115.0395191,2
[nH]1cnc(c12)nc(nc2O[13*])Nc3ccc(O)cc3,TRUE,3,6,1,2,0,0,0,3,3,3,8,18,0,95.95,1.6452,242.218,242.0677995,0
c1ccsc1C(=O)N[9*],TRUE,1,2,1,1,0,0,0,1,1,1,4,8,0,29.1,0.9422,126.16,126.0013597,0
[6*]c1cc(Br)ccc1,TRUE,0,0,1,1,0,0,1,0,1,1,2,7,0,0,1.6237,156.002,154.9496372,0
Clc(c1)ccc(O)c1N2[C@H]([7*])SCC2=O,TRUE,1,3,1,1,0,0,1,1,2,1,6,14,0.222222222,40.54,1.9583,228.68,227.9886021,1
Nc1cccc(c12)cc([*])cc2,TRUE,1,1,1,1,0,0,0,0,2,2,2,11,0,26.02,1.5966,142.181,142.0656743,0
c1cc(Cl)ccc1NC(=O)c(c2)c(O[1*])cc(c23)cccc3,TRUE,1,2,1,2,0,0,1,3,3,3,5,21,0,38.33,4.5886,296.733,296.0478313,0
[nH]1cnc(c12)nc(nc2O[14*])Nc3ccc(cc3)C(=O)N,TRUE,3,6,1,2,0,0,0,4,3,3,9,20,0,118.81,1.0385,269.244,269.0786985,0
O[C@@H](C1)[C@@H]([15*])O[C@H]1n2ccc(c23)cc([N+]([O-])=O)cc3,TRUE,1,5,1,1,2,0,0,2,3,2,7,18,0.333333333,77.53,1.7047,247.23,247.0718818,3
Fc(c1)ccc(F)c1C(C2)=C[C@@H]([9*])N2C(=O)N(C)C,TRUE,0,1,2,1,0,0,2,1,2,1,6,18,0.307692308,23.55,2.2208,251.256,251.0995945,1
c1ncc(C(=O)N[8*])cc1-c2ccc(cc2)C(=O)O,TRUE,2,3,1,2,0,0,0,3,2,2,6,18,0,79.29,1.6409,241.226,241.0613171,0
[14*]NC(=S)N([C@H]12)[C@H](OC2)[C@H](O)[C@@H](O)[C@@H]1O,TRUE,4,5,1,0,0,0,0,0,2,0,8,14,0.857142857,85.19,-2.5516,219.242,219.0439528,5
[6*]NC(=O)C(=O)O,TRUE,2,2,1,0,0,0,0,0,0,0,5,6,0,66.4,-1.3485,88.042,88.00346792,0
Ic(c1)c(O)c([N+]([O-])=O)cc1[14*],TRUE,1,3,1,1,2,0,1,1,1,1,6,11,0,63.37,1.0796,263.998,263.915766,0
Oc1c([10*])c(=O)oc(c12)CCCCC2,TRUE,1,3,1,1,0,0,0,0,2,1,4,13,0.5,50.44,0.7889,179.195,179.0708192,0
c1cccc(c12)S(=O)(=O)N=C(N2)c(c(=O)n3C[12*])c(O)c(c34)cc(F)cc4,TRUE,2,6,1,2,0,0,1,2,4,3,10,26,0.058823529,100.76,1.914,372.357,372.0454301,0
c1cc(Br)ccc1NC(=S)O[12*],TRUE,1,2,1,1,0,0,1,1,1,1,5,11,0,21.26,2.6268,231.094,229.9275219,0
c1cc(Cl)ccc1NC(=S)O[12*],TRUE,1,2,1,1,0,0,1,1,1,1,5,11,0,21.26,2.5177,186.643,185.9780375,0
c1cc(I)ccc1NC(=S)O[12*],TRUE,1,2,1,1,0,0,1,1,1,1,5,11,0,21.26,2.4689,278.094,277.9136578,0
[O-][N+]1([11*])CCCCC1,TRUE,0,1,0,0,2,0,0,0,1,0,3,7,1,23.06,0.9492,100.141,100.0762389,0
[5*]Nc1c([N+]([O-])=O)cccc1,TRUE,1,3,1,1,2,0,0,2,1,1,5,10,0,55.17,1.471,137.118,137.0351024,0
O[C@H]1[C@H]([1*])O[C@H](C)[C@H](O)[C@@H]1O,TRUE,3,4,0,0,0,0,0,0,1,0,5,10,1,69.92,-1.6368,147.15,147.0657338,5
[O-][N+](=O)/C([6*])=C\c(cc1)oc1-c2cc(C(=O)O)ccc2,TRUE,1,4,1,2,2,0,0,4,2,2,7,19,0,93.58,2.7692,258.209,258.0402474,0
c1ccc([N+]([O-])=O)cc1N[*],TRUE,1,3,1,1,2,0,0,2,1,1,5,10,0,55.17,1.471,137.118,137.0351024,0
c1cc([22*])cc([N+]([O-])=O)c1C(O)=C2C(=O)CCCC2=O,TRUE,1,5,1,1,2,0,0,2,2,1,7,19,0.230769231,97.51,1.3606,260.225,260.0558974,0
C1CC(=O)C=C(CC2)[C@H]1[C@@H](CC3)[C@@H]2[C@@H]([C@]34C)CC[C@H]4[*],TRUE,0,1,1,0,0,0,0,0,4,0,2,19,0.833333333,17.07,4.466,257.397,257.1905404,6
o1c([7*])nc(c12)cccc2,TRUE,0,2,1,1,0,0,0,0,2,2,3,9,0,26.03,1.0024,118.115,118.0292887,0
[13*]Oc1nc(N)nc(N)c1N=O,TRUE,2,7,1,1,0,0,0,2,1,1,8,11,0,116.48,-0.118,154.109,154.0364994,0
[8*]Oc1nc(N)nc(n1)N,TRUE,2,6,1,1,0,0,0,1,1,1,7,9,0,99.94,-1.1209,126.099,126.0415847,0
c1cccc(O)c1-c2c([*])cccc2,TRUE,1,1,1,2,0,0,0,1,2,2,2,13,0,20.23,2.2338,169.203,169.0653399,0
[10*]OC(=O)/C=C/c1ccc(O)cc1,TRUE,1,3,1,1,0,0,0,2,1,1,4,12,0,46.53,1.4129,163.152,163.0395191,0
O=C1NCC[C@@H]1[4*],TRUE,1,1,1,0,0,0,0,0,1,0,3,6,0.75,29.1,-0.1559,84.098,84.04493881,1
C1CCCN(S1(=O)=O)c2ccc([1*])cc2,TRUE,0,2,1,1,0,0,0,1,2,1,5,14,0.4,37.38,0.7912,210.278,210.0588746,0
[7*]c1ocnn1,TRUE,0,3,1,1,0,0,0,0,1,1,4,5,0,38.92,-0.7558,69.043,69.00888765,0
c1cccc(c1c23)c(=O)[nH]c2ccc(c3)NC(=O)[16*],TRUE,2,2,1,1,0,0,0,1,3,3,5,18,0,61.96,2.7625,237.238,237.0664025,0
c1cc(F)cc(F)c1-n2ncc(c23)c(cc(=O)n3C)Nc(c(C)cc4)cc4C(=O)N[9*],TRUE,2,6,1,3,0,0,2,4,4,4,10,30,0.095238095,80.95,3.24852,408.388,408.1272062,0
[6*]Nc(s1)nc(c12)ccc(c2)-c3ocnc3-c4c(F)cccc4,TRUE,1,5,1,3,0,0,1,3,4,4,7,22,0,50.95,4.6336,310.333,310.0450361,0
[7*]Nc1nc(c(cn1)C(=O)N)Nc2cc(C)ccc2,TRUE,3,5,1,2,0,0,0,4,2,2,7,18,0.083333333,92.93,1.50372,242.262,242.104185,0
[1*][C@H]1[C@@H](N)CCCC1,TRUE,1,1,0,0,0,0,0,0,1,0,2,7,1,26.02,1.2255,98.169,98.09697438,2
O=C(C)Nc(ccc1)cc1Nc(nc(n23)c([26*])cn2)nc3Nc4ccccc4,TRUE,3,7,1,3,0,0,0,5,4,4,9,27,0.052631579,96.24,2.7445,358.385,358.1416331,0
c1cccc(n2CC)c1c(c23)cc([13*])cc3,TRUE,0,1,1,1,0,0,0,1,3,3,2,15,0.142857143,4.93,2.989,194.257,194.0969744,0
[24*]NC(=O)c(c1Br)n(C)c(c12)cc(c3c2C(=O)NC3=O)-c4c(Cl)cccc4,TRUE,2,4,1,2,0,0,2,2,4,3,9,26,0.055555556,80.2,3.3389,431.653,429.959406,0
C1[C@@H](C2)[C@@](C3)(C)O[C@@H]2[C@H]([C@@]134)[C@@]([21*])(C)C(=O)CC4,TRUE,0,2,0,0,0,0,0,0,5,0,3,16,0.928571429,26.3,2.651,219.304,219.1385048,6
O=C([23*])Nc1c(O)c(C(=O)O)ccc1O,TRUE,4,4,1,1,0,0,0,2,1,1,7,14,0,106.86,0.8772,196.138,196.0245973,0
[4*]c1ccc(cc1)C(=O)c2ccccc2,TRUE,0,1,1,2,0,0,0,2,2,2,2,14,0,17.07,2.0922,181.214,181.0653399,0
[8*]NC(=S)Nc1ncc(C)cc1,TRUE,2,2,1,1,0,0,0,1,1,1,5,11,0.142857143,36.95,1.14072,166.229,166.0438933,0
O=C1CCC(=O)N1c2ccc(N[12*])cc2,TRUE,1,3,1,1,0,0,0,2,2,1,5,14,0.2,49.41,1.2162,189.194,189.0664025,0
c1cc(Cl)c(c(F)c1[6*])Oc2ccccc2,TRUE,0,1,1,2,0,0,2,2,2,2,4,15,0,9.23,3.446,221.638,221.0169457,0
FC1(F)CN(C(=O)[11*])CC1,TRUE,0,1,1,0,0,0,2,0,1,0,5,9,0.8,20.31,0.9967,134.105,134.0417453,0
c1cc([16*])nc(c12)cccc2,TRUE,0,1,1,1,0,0,0,0,2,2,2,10,0,12.89,1.4094,128.154,128.0500242,0
OC(=O)N1CCC([9*])CC1,TRUE,1,1,1,0,0,0,0,0,1,0,4,9,0.833333333,40.54,1.098,128.151,128.0711536,0
c1cc(O[13*])ccc1-c2[nH]ncc2-c3ccncc3,TRUE,1,3,1,3,0,0,0,3,3,3,5,18,0,50.8,2.9818,236.254,236.0823869,0
c1cc(O[15*])ccc1-c(nn2C)c(c2)-c3ccncc3,TRUE,0,4,1,3,0,0,0,3,3,3,5,19,0.066666667,39.94,2.9922,250.281,250.098037,0
c1cc(F)ccc1Oc(cc2)ccc2O[9*],TRUE,0,2,1,2,0,0,1,3,2,2,4,15,0,18.46,3.4611,203.192,203.0508327,0
COc(c1)c(OC)cc(c12)ncnc2N3C[C@H]([*])CC3,TRUE,0,5,1,1,0,0,0,3,3,2,6,19,0.428571429,47.48,2.1949,258.301,258.1242518,1
[8*]Oc(n1)cnc(c12)cccc2,TRUE,0,3,1,1,0,0,0,1,2,2,4,11,0,35.01,1.4729,145.141,145.0401878,0
[18*]Nc1ncnc(c12)oc(-c3ccc(OC)cc3)c2-c4ccc(OC)cc4,TRUE,1,6,1,3,0,0,0,5,4,4,7,26,0.1,69.41,4.4502,346.366,346.1191664,0
c1cc(F)ccc1-c(c(=O)on2C[2*])c2-c3nc(ncc3)Oc4c(O)cccc4,TRUE,1,7,1,4,0,0,1,5,4,4,9,28,0.05,90.38,3.7091,378.339,378.0890091,0
[7*]N/C=C1\N=C(OC1=O)c2ccccc2,TRUE,1,4,1,1,0,0,0,2,2,1,5,14,0,50.69,0.8853,187.178,187.0507525,0
c1cccc(N2[9*])c1C=Cc(c23)cccc3,TRUE,0,1,1,2,0,0,0,0,3,2,2,15,0,3.24,3.7728,192.241,192.0813243,0
C1[C@@H](C2)[C@@](C3)(C)O[C@@H]2[C@H]([C@@]134)[C@@]([20*])(C)C(=O)C=C4,TRUE,0,2,1,0,0,0,0,0,5,0,3,16,0.785714286,26.3,2.427,217.288,217.1228548,6
Clc(n1)cc(N)nc1[1*],TRUE,1,3,1,1,0,0,1,0,1,1,5,8,0,51.8,-0.1132,128.542,128.0015498,0
c1coc(c12)cnc([7*])c2,TRUE,0,2,1,1,0,0,0,0,2,2,3,9,0,26.03,1.0024,118.115,118.0292887,0
c1cc(F)ccc1-n2ncc(c2N)C(=O)c(cc3O[7*])ccc3,TRUE,1,5,1,3,0,0,1,4,3,3,7,22,0,70.14,2.6677,296.281,296.0835298,0
c1c([14*])[nH]c(c12)cncc2,TRUE,1,1,1,1,0,0,0,0,2,2,3,9,0,28.68,0.7375,117.131,117.0452732,0
C1CC[C@H]([8*])N1C(=O)c2c(O)cc(O)cc2,TRUE,2,3,1,1,0,0,0,1,2,1,5,15,0.363636364,60.77,1.2092,206.221,206.0817182,1
[7*]c1[nH]nc(c12)nncc2,TRUE,1,3,1,1,0,0,0,0,2,2,5,9,0,54.46,-0.4725,119.107,119.0357711,0
c1nc(OC)ccc1-c(c2)ncnc2N3C[C@H]([13*])[C@@H](N)C3,TRUE,1,6,1,2,0,0,0,3,3,2,7,20,0.357142857,77.16,1.0323,270.316,270.1354851,2
Oc(c1)ccc(N2[11*])c1C=CC([C@@H]23)=CCC=C3,TRUE,1,2,1,1,0,0,0,0,3,1,3,16,0.142857143,23.47,2.9446,210.256,210.091889,1
[*]Nc1cccc(c12)cccn2,TRUE,1,2,1,1,0,0,0,1,2,2,3,11,0,24.92,2.111,143.169,143.0609232,0
[9*]c1c(C)[nH]c(=O)c(I)c1Oc2cc(C)cc(c2)C,TRUE,1,2,1,2,0,0,1,2,2,2,5,18,0.214285714,42.09,2.87166,354.167,353.9991017,0
c1cc(Br)ccc1C(=O)c(cc2)ccc2O[11*],TRUE,0,2,1,2,0,0,1,3,2,2,4,16,0,26.3,3.5232,276.109,274.9707666,0
[10*]c1[nH]nc(c12)nccc2,TRUE,1,2,1,1,0,0,0,0,2,2,4,9,0,41.57,0.1325,118.119,118.0405221,0
[11*]c1[nH]nc(c12)nc(N)cc2,TRUE,2,3,1,1,0,0,0,0,2,2,5,10,0,67.59,-0.2853,133.134,133.0514212,0
c1cccnc1-c(cc2)ccc2[19*],TRUE,0,1,1,2,0,0,0,1,2,2,2,12,0,12.89,1.9232,154.192,154.0656743,0
Clc1c(O)cc(O)c(c1[10*])C(=O)OC,TRUE,2,4,1,1,0,0,1,1,1,1,6,13,0.125,66.76,0.7124,201.585,200.9954614,0
O=C([12*])Nc1c(O)cc(OC)c(O)c1,TRUE,3,4,1,1,0,0,0,2,1,1,6,13,0.125,78.79,1.1876,182.155,182.0453327,0
Clc(c1)c(O)cc(O)c1C(=O)O[13*],TRUE,2,4,1,1,0,0,1,1,1,1,6,12,0,66.76,1.3723,187.558,186.9798113,0
COc(c1[10*])c(N)cc(OC)c1OC,TRUE,1,4,1,1,0,0,0,3,1,1,5,13,0.333333333,53.71,0.4692,182.199,182.0817182,0
CC1(C)CCCC(=C12)C(=C)[C@]([11*])(C2)C,TRUE,0,0,1,0,0,0,0,0,2,0,1,13,0.692307692,0,4.1809,175.295,175.1486756,1
c1ccsc1-c(n2)noc2[7*],TRUE,0,4,1,2,0,0,0,1,2,2,5,10,0,38.92,0.9727,151.17,150.9966087,0
Clc(c1)c(Cl)cc(c12)ncn2[C@@H]3O[C@H]([12*])[C@@H](O)[C@H]3O,TRUE,2,5,1,1,0,0,2,1,3,2,8,18,0.363636364,67.51,1.4691,288.11,286.9990225,4
CC1(C)O[C@H]([9*])CO1,TRUE,0,2,0,0,0,0,0,0,1,0,3,7,1,18.46,0.6447,101.125,101.0602545,1
c1cc(Cl)c(cc1[15*])/N=C(N)/N=C(N)N,TRUE,3,1,1,1,0,0,1,1,1,1,7,14,0,102.78,-0.2658,210.648,210.054648,0
[*]NC1=NC(=O)C(\S1)=C\c2oc(C)cc2,TRUE,1,4,1,1,0,0,0,1,2,1,6,14,0.111111111,54.6,1.61222,207.234,207.0228235,0
O=C([10*])Nc1cc(C)cc(c1)C,TRUE,1,1,1,1,0,0,0,1,1,1,3,11,0.222222222,29.1,2.38464,148.185,148.0762389,0
[nH]1c([13*])cc(c12)cncc2,TRUE,1,1,1,1,0,0,0,0,2,2,3,9,0,28.68,0.7375,117.131,117.0452732,0
C1CCCCCNC(=O)[C@@H]([5*])Cc(c2)c(c3n12)cccc3,TRUE,1,2,2,1,0,0,0,0,3,2,4,20,0.470588235,34.03,3.2118,269.368,269.1653883,1
OC(=O)\C=C\c(c1[11*])cccc1,TRUE,1,1,1,1,0,0,0,2,1,1,3,11,0,37.3,0.959,147.153,147.0446045,0
C1CCN(C(=O)[1*])c(c12)ccc(c2)C,TRUE,0,1,1,1,0,0,0,0,2,1,3,13,0.363636364,20.31,2.41692,174.223,174.091889,0
O=C([10*])Nc1cccc(c12)C(=O)NC(=O)C2=O,TRUE,2,4,1,1,0,0,0,1,2,1,7,16,0,92.34,0.2205,217.16,217.0249316,0
O=C([13*])Nc(c1)ccc(c12)C(=O)NC(=O)C2=O,TRUE,2,4,1,1,0,0,0,1,2,1,7,16,0,92.34,0.2205,217.16,217.0249316,0
n1cnc(n12)ccc(c2)-c(cc3)ccc3[14*],TRUE,0,3,1,2,0,0,0,1,3,3,4,15,0,30.19,1.5709,194.217,194.0718223,0
[10*]Oc1c(Cl)cc(OC)cc1,TRUE,0,2,1,1,0,0,1,2,1,1,4,10,0.142857143,18.46,2.1917,157.576,157.0056321,0
c1cc([20*])ccc1Nc(ncc2C(=O)N)nc2Nc3cc(C)ccc3,TRUE,3,5,1,3,0,0,0,5,3,3,7,24,0.055555556,92.93,2.54572,318.36,318.1354851,0
[8*][C@H]1CCCC=C1,TRUE,0,0,0,0,0,0,0,0,1,0,1,6,0.666666667,0,2.0643,81.138,81.07042529,1
O=C1C[C@@H]([8*])Oc(c12)cc(OC)cc2O,TRUE,1,4,1,1,0,0,0,1,2,1,5,14,0.3,55.76,1.2414,193.178,193.0500838,1
c1cc(F)ccc1-c2nc(-c3ccc([*])cc3)[nH]c2-c4ccncc4,TRUE,1,2,1,4,0,0,1,3,4,4,5,24,0,41.57,4.1194,314.343,314.1093506,0
c1cc(F)ccc1-c(nc2)c(n2C[4*])-c3ccncc3,TRUE,0,3,1,3,0,0,1,3,3,3,5,19,0.066666667,30.71,3.258,252.272,252.0937006,0
c1ccc(O[7*])cc1C(=O)c2ccccc2,TRUE,0,2,1,2,0,0,0,3,2,2,3,15,0,26.3,2.7607,197.213,197.0602545,0
[5*]c1nc(C)ccc1,TRUE,0,1,1,1,0,0,0,0,1,1,2,7,0.166666667,12.89,0.56462,92.121,92.05002419,0
O=c1n(C)c(=O)n(C)c(c12)[nH]c(n2C[18*])=[N+]3CCNCC3,TRUE,2,6,1,1,1,1,0,1,3,2,9,20,0.583333333,79.76,-2.751,278.316,278.1485752,0
c1ccc(Cl)c(Cl)c1-c(cc2N[11*])nc(n23)ccn3,TRUE,1,4,1,2,0,0,2,2,3,3,7,18,0,42.22,3.5793,278.122,277.0047766,0
c1cccc(F)c1-c(c2)nc(N[10*])c(n23)ncc3,TRUE,1,4,1,2,0,0,1,2,3,3,6,17,0,42.22,2.4116,227.222,227.0732995,0
Cc1cnc(n12)c(N[8*])ncc2,TRUE,1,4,1,1,0,0,0,1,2,2,5,11,0.142857143,42.22,0.91392,147.161,147.0670712,0
c1cccc(F)c1-c(cc2N[10*])nc(n23)ccn3,TRUE,1,4,1,2,0,0,1,2,3,3,6,17,0,42.22,2.4116,227.222,227.0732995,0
n1cc(Br)c(n12)cc(cc2N[12*])-c3ccccc3,TRUE,1,3,1,2,0,0,1,2,3,3,5,17,0,29.33,3.64,287.14,285.9979844,0
[12*]c1cncnc1,TRUE,0,2,1,1,0,0,0,0,1,1,3,6,0,25.78,-0.3488,79.082,79.0296231,0
Brc1cnc(n12)c(N[12*])cc(c2)-c3ccccc3,TRUE,1,3,1,2,0,0,1,2,3,3,5,17,0,29.33,3.64,287.14,285.9979844,0
[16*]c1cnc(N)nc1,TRUE,1,3,1,1,0,0,0,0,1,1,4,7,0,51.8,-0.7666,94.097,94.04052213,0
c1cccc(c12)SCC(=N2)N3CCN(CC3)c4scc(n4)C(=O)O[24*],TRUE,0,8,2,2,0,0,0,2,4,2,9,24,0.3125,58.03,2.7221,359.456,359.0636427,0
O=C1CC[C@H]([C@@]12C)[C@H]([14*])C(=O)CC2,TRUE,0,2,0,0,0,0,0,0,2,0,3,12,0.8,34.14,1.6725,165.212,165.0915547,3
Oc1c(O)ccc(c1[15*])C,TRUE,2,2,1,1,0,0,0,0,1,1,3,9,0.142857143,40.46,0.58082,123.131,123.0446045,0
CC1(C)O[C@@H]([9*])CO1,TRUE,0,2,0,0,0,0,0,0,1,0,3,7,1,18.46,0.6447,101.125,101.0602545,1
OC(=O)c1sc(cc1N[*])-c2sc(cc2)C(=O)C,TRUE,2,5,1,2,0,0,0,4,2,2,7,17,0.090909091,66.4,3.2536,266.323,265.9945601,0
[*]c1c(C)cc(C)cc1,TRUE,0,0,1,1,0,0,0,0,1,1,1,8,0.25,0,1.47804,105.16,105.0704253,0
C1CCC(=O)c(c12)c3c(cccc3)n2-c4cc(N[24*])c(cc4)C(=O)N,TRUE,2,4,1,2,0,0,0,3,4,3,6,24,0.157894737,77.12,3.1246,318.356,318.1242518,0
c1ccsc1-c(cc2N[*])nn2-c3ccc(F)cc3,TRUE,1,4,1,3,0,0,1,3,3,3,6,18,0,29.85,3.6161,258.301,258.0501215,0
O=C([5*])Nc1ccc(cc1)/C=C/c2ccccc2,TRUE,1,1,1,2,0,0,0,3,2,2,3,17,0,29.1,3.9382,222.267,222.091889,0
c1ccc(Br)cc1Nc2ncnc(c23)ccc(c3)NC(=O)\C=C\[15*],TRUE,2,4,1,2,0,0,1,4,3,3,7,23,0,66.91,4.1374,368.214,367.0194481,0
O=Nc1c(N)nc(nc1O[15*])Nc2ccc(cc2)C(=O)N,TRUE,3,8,1,2,0,0,0,5,2,2,10,20,0,145.58,1.1423,273.232,273.0736131,0
[8*][C@H]1SC(=S)NC1=O,TRUE,1,3,1,0,0,0,0,0,1,0,5,7,0.333333333,29.1,0.0097,132.189,131.9577807,1
[nH]1c([4*])nc(c12)cc[nH+]c2,TRUE,1,1,1,1,1,1,0,0,2,2,4,9,0,42.82,-0.4484,119.127,119.0477986,0
c1cccc(c12)NC(=O)C\2=C/c(c3[7*])[nH]cc3C,TRUE,2,1,1,2,0,0,0,1,3,2,4,17,0.071428571,44.89,1.99042,223.255,223.087138,0
c1cc(Br)c[nH+]c1NC(=O)[6*],TRUE,1,1,1,1,1,1,1,1,1,1,5,10,0,43.24,1.3444,201.023,199.9579763,0
Brc(c1)ccc(N)c1C(=O)N2[C@@H]([9*])CCC2,TRUE,1,2,1,1,0,0,1,1,2,1,5,15,0.363636364,46.33,2.1427,268.134,267.0133001,1
Brc(c1)ccc(NC(=O)[22*])c1C(=O)N2C[C@@H](C)C[C@H](C2)C,TRUE,1,2,1,1,0,0,1,2,2,1,6,20,0.466666667,49.41,3.6484,338.225,337.0551649,2
c1cccc(c12)c(=O)n(C[16*])c(n2)N3C[C@H](N)CCC3,TRUE,1,5,1,1,0,0,0,2,3,2,6,19,0.428571429,64.15,0.8308,257.317,257.1402362,1
[C@@H]12C(C)(C)O[C@@H]([12*])[C@@H](C1)C(C)=CC2,TRUE,0,1,0,0,0,0,0,0,2,0,2,12,0.818181818,9.23,2.6431,165.256,165.1279402,3
[12*]Oc1ccc(cc1)-c(c2)cnc(n23)c(cn3)-c4ccncc4,TRUE,0,5,1,3,0,0,0,3,4,4,6,22,0,52.31,3.3014,287.302,287.093286,0
Sc1nc2cc(Cl)cc(c2n13)CN([10*])[C@H](C3)C,TRUE,1,4,1,1,0,0,1,0,3,2,6,16,0.363636364,21.06,2.6468,252.75,252.036221,1
C1[C@H](C)N([10*])Cc(c2n13)c(Cl)ccc2nc3S,TRUE,1,4,1,1,0,0,1,0,3,2,6,16,0.363636364,21.06,2.6468,252.75,252.036221,1
Fc1cccc(F)c1-n(c2=O)c([*])nc(c23)cccc3,TRUE,0,3,1,2,0,0,2,1,3,3,6,19,0,34.89,1.8385,257.219,257.0526443,0
c1cc(F)c(F)c(F)c1-c2c(O[13*])cccc2,TRUE,0,1,1,2,0,0,3,2,2,2,5,16,0,9.23,3.614,223.173,223.0370745,0
c1cc([21*])sc1C(=O)N(CC2)Cc(n23)ncc3-c4ccccc4,TRUE,0,4,2,3,0,0,0,2,4,3,6,22,0.176470588,38.13,2.4422,308.386,308.0857581,0
C1CC[C@H](N12)N([10*])CCC2,TRUE,0,2,0,0,0,0,0,0,2,0,3,9,1,6.48,0.5783,125.195,125.1078734,1
[O-][N+](=O)c(cc1)ccc1\C=C\c(cc2)ccc2N([7*])C,TRUE,0,3,1,2,2,0,0,4,2,2,5,19,0.066666667,46.38,3.6657,253.281,253.0977027,0
[7*]c1cn(OO)c(c12)cccc2,TRUE,1,3,1,1,0,0,0,1,2,2,4,11,0,34.39,0.7175,148.141,148.0398534,0
Cc1cc(C)cc(C)c1Nc2nc(ncc2)Nc3ccc([24*])cc3,TRUE,2,4,1,3,0,0,0,4,3,3,5,23,0.157894737,49.84,4.06366,303.389,303.1609716,0
NC1=N[C@H](N)NC(=C12)CC[C@H]([12*])C2,TRUE,3,4,1,0,0,0,0,0,2,0,5,12,0.625,76.43,-0.0351,165.22,165.1140214,2
[8*]c1c[nH]c(c12)c(O)c(cc2)NNc3ccccc3,TRUE,4,3,2,2,0,0,0,3,3,3,5,18,0,60.08,2.4871,238.27,238.098037,0
S[C@@H]1[C@@H]([15*])O[C@H](C1)n2cc(C)c(=O)[nH]c2=O,TRUE,2,5,1,1,0,0,0,1,2,1,7,15,0.555555556,64.09,-0.06228,227.265,227.0490382,3
[3*]NC(=O)c1c(C)ccc(N)c1,TRUE,2,2,1,1,0,0,0,1,1,1,4,11,0.125,55.12,0.77132,149.173,149.0714879,0
c1c([*])ccc(c12)[nH]c(C(=O)NN)c2-c3ccccc3,TRUE,3,2,1,2,0,0,0,2,3,3,5,19,0,70.91,1.613,250.281,250.098037,0
Oc1c([4*])c(=O)oc(c12)cc(OC)cc2,TRUE,1,4,1,1,0,0,0,1,2,2,5,14,0.1,59.67,0.6818,191.162,191.0344337,0
c1ccnc(N2[10*])c1C(=O)N(C)c(c23)ccc([N+]([O-])=O)c3,TRUE,0,5,1,2,2,0,0,1,3,2,8,20,0.076923077,79.58,2.1822,269.24,269.0674651,0
c1ccc(cc1[15*])NN=c2c(=N\[H])\nn/c2=N\[H],TRUE,3,6,1,2,0,0,0,2,2,2,7,15,0,97.87,-1.58646,199.197,199.0732192,0
c1cccc(c1[13*])NN=c2c(=N\[H])\nn/c2=N\[H],TRUE,3,6,1,2,0,0,0,2,2,2,7,15,0,97.87,-1.58646,199.197,199.0732192,0
O=C(N)c(cc1)ccc1[7*],TRUE,1,1,1,1,0,0,0,1,1,1,3,9,0,43.09,-0.0399,120.131,120.0449388,0
O=C1[C@@H](CC2)NCc(cnc3)n3Cc(ccc4[32*])cc4Oc(c5)ccc(c5c6N12)ccc6,TRUE,1,5,2,3,0,0,0,0,6,4,7,31,0.2,59.39,3.26,409.469,409.1664509,1
[6*]O/N=C/c(c(Cl)cc1)cc1NC(=S)c2c(C)occ2,TRUE,1,4,1,2,0,0,1,4,2,2,7,19,0.076923077,46.76,3.84382,293.755,293.0151512,0
c1cc(Cl)c(C(=O)O[12*])cc1NC(=O)C2=C(C)OCCS2,TRUE,1,5,1,1,0,0,1,3,2,1,8,20,0.230769231,64.63,2.8945,312.754,312.0097315,0
SC(=O)O[11*],TRUE,1,2,1,0,0,0,0,0,0,0,4,4,0,26.3,0.5171,77.084,76.96972527,0
CN1CCN(C)c(c12)ccc([13*])c2,TRUE,0,2,1,1,0,0,0,0,2,1,3,12,0.4,6.48,0.7472,161.228,161.1078734,0
[17*]NC(=O)c(c1O)nc(Cl)c(c12)cccc2,TRUE,2,3,1,1,0,0,1,1,2,2,6,15,0,62.22,1.7879,221.623,221.0117801,0
c1c(C)c(O[26*])c(C)cc1C(=O)Nc(cc(Cl)c2)cc2N3CCCCC3,TRUE,1,3,1,2,0,0,1,4,3,2,6,25,0.35,41.57,5.04254,357.861,357.1369806,0
OC(C1)CN1C(=N2)[C@@H]([10*])N=C(c(c23)cccc3)c4ccccc4,TRUE,1,4,1,2,0,0,0,1,4,2,5,22,0.222222222,48.19,2.1195,290.346,290.1293371,1
c1ccc(Br)cc1N(C(=O)c2ccc3)C(=O)c4ccc(N[19*])c3c24,TRUE,1,3,1,2,0,0,1,2,4,3,6,23,0,49.41,4.2791,366.194,364.9925647,0
Brc(c1)ccc(O)c1-c2[nH]c(=O)c([22*])c(c2)-c3ccccc3,TRUE,2,2,1,3,0,0,1,2,3,3,5,21,0,53.09,3.3516,341.184,339.9973157,0
[9*]Oc1c(C)cc(cc1C)-c(nn2)nn2C,TRUE,0,5,1,2,0,0,0,2,2,2,6,15,0.3,52.83,1.33704,203.225,203.093286,0
[9*]Oc1c(C)cc(cc1C)-n2nc(nn2)C,TRUE,0,5,1,2,0,0,0,2,2,2,6,15,0.3,52.83,1.43066,203.225,203.093286,0
[7*]Oc1c(C)cc(cc1C)-c2nc(C)oc2,TRUE,0,3,1,2,0,0,0,2,2,2,4,15,0.25,35.26,3.10996,202.233,202.0868036,0
C1N(C)C(=O)[C@H]([10*])Nc(c12)cccc2,TRUE,1,2,2,1,0,0,0,0,2,1,4,13,0.3,32.34,0.9459,175.211,175.087138,1
c1csc(c1[5*])-c2cc(O)c(O)cc2,TRUE,2,3,1,2,0,0,0,1,2,2,4,13,0,40.46,2.0009,191.231,191.0166755,0
[10*]Oc1c(Cl)cc(cc1)C2=NCCO2,TRUE,0,3,1,1,0,0,1,2,2,1,5,13,0.222222222,30.82,1.9599,196.613,196.0165311,0
[9*]Oc1ccc(cc1)C2=NCCO2,TRUE,0,3,1,1,0,0,0,2,2,1,4,12,0.222222222,30.82,1.3065,162.168,162.0555035,0
[14*]Oc1c(Cl)cc(cc1Cl)C2=NCCO2,TRUE,0,3,1,1,0,0,2,2,2,1,6,14,0.222222222,30.82,2.6133,231.058,229.9775588,0
c1cc(O[12*])c(Cl)cc1C(OC2)=N[C@H]2C,TRUE,0,3,1,1,0,0,1,2,2,1,5,14,0.3,30.82,2.3484,210.64,210.0321812,1
c1cc(O[9*])ccc1C(OC2)=N[C@H]2C,TRUE,0,3,1,1,0,0,0,2,2,1,4,13,0.3,30.82,1.695,176.195,176.0711536,1
c1cc(O[11*])ccc1C(OC2)=N[C@@H]2C,TRUE,0,3,1,1,0,0,0,2,2,1,4,13,0.3,30.82,1.695,176.195,176.0711536,1
C1COCCN1c2cc(cc(F)c2)C(=O)Nc(c3)ccc(c34)ccn4C[15*],TRUE,1,4,1,2,0,0,1,4,4,3,7,26,0.25,46.5,3.3761,352.389,352.1461301,0
n1ccsc1C(=O)N[18*],TRUE,1,3,1,1,0,0,0,1,1,1,5,8,0,41.99,0.3372,127.148,126.9966087,0
C1CC[C@H]([C@H]12)c3c(O[C@H]2[11*])cccc3O,TRUE,1,2,1,1,0,0,0,0,3,1,3,14,0.5,29.46,2.5437,189.234,189.0915547,3
c1ccccc1-c(c(=O)n2C[17*])nc(c23)cccc3,TRUE,0,3,1,2,0,0,0,2,3,3,4,18,0.066666667,34.89,2.5703,235.266,235.087138,0
O=c1n(C)c(=O)n(C)c(c12)nc(n2C[19*])N3C[C@H](N)CCC3,TRUE,1,8,1,1,0,0,0,2,3,2,9,21,0.615384615,91.08,-1.132,291.335,291.1569488,1
c1cc(Cl)ccc1\C=C\[1*],TRUE,0,0,1,1,0,0,1,1,1,1,2,9,0,0,2.86,137.589,137.0158029,0
C1C(C)(C)CC(=O)C(=C12)[C@H]([16*])N(C(=O)C)c3c(N2)c(O)ccc3,TRUE,2,4,1,1,0,0,0,0,3,1,6,22,0.411764706,69.64,2.6892,299.35,299.1395675,1
c1ccccc1C(=O)c(c2)ccc(c23)N=C(N)N([15*])C3,TRUE,1,4,1,2,0,0,0,2,3,2,5,19,0.066666667,58.69,2.1437,250.281,250.098037,0
c1ccc(F)c(C(=N2)N)c1NC23CCN(CC3)C(=O)c4ccc([26*])cc4,TRUE,2,4,2,2,0,0,1,1,4,2,7,25,0.263157895,70.72,1.7636,337.378,337.1464644,0
n1onc(c12)c([N+]([O-])=O)ccc2N([9*])C,TRUE,0,6,1,1,2,0,0,2,2,2,8,14,0.142857143,85.3,1.0315,193.142,193.036165,0
O=C(C)Oc(cc1)c(OC(=O)C)cc1/C=C/C(=O)N[7*],TRUE,1,5,1,1,0,0,0,4,1,1,7,19,0.153846154,81.7,1.1309,262.241,262.0715475,0
[6*]NC(=O)/C=C/c1cc(O)c(O)cc1,TRUE,3,3,1,1,0,0,0,2,1,1,5,13,0,69.56,0.6915,178.167,178.0504181,0
s1c([*])nc(c12)ccc(O)c2,TRUE,1,3,1,1,0,0,0,0,2,2,4,10,0,33.12,1.1765,150.182,150.0013597,0
c1ccoc1-c(n2)nc(n23)nc(N[10*])nc3N,TRUE,2,8,1,2,0,0,0,2,3,3,9,16,0,107.16,0.2377,216.184,216.0633828,0
O=C1N=C(S[C@@H]1[5*])Nc2c(F)cccc2,TRUE,1,3,1,1,0,0,1,1,2,1,6,14,0.111111111,41.46,1.7424,209.225,209.018487,1
C1CO[C@@H]([11*])CN1c2c(-c3ccccc3)cnc(c24)[nH]nc4,TRUE,1,4,1,2,0,0,0,2,4,3,6,21,0.25,54.04,2.3369,279.323,279.1245861,1
[5*]Nc1sc(c(n1)N)C(=O)c2ccccc2,TRUE,2,5,1,2,0,0,0,3,2,2,6,15,0,68.01,1.8325,218.261,218.0388079,0
c1n[nH]c(c12)ncc(Br)c2N3C[C@H]([12*])OCC3,TRUE,1,4,1,1,0,0,1,1,3,2,7,16,0.4,54.04,1.4324,282.121,281.003798,1
[5*]Oc1nc(N)nc(c1)C,TRUE,1,4,1,1,0,0,0,1,1,1,5,9,0.2,61.03,0.21032,124.123,124.0510868,0
c1cc(Cl)cc(Cl)c1-c2nc(N)nc(c23)sc(c3)C(=O)N[18*],TRUE,2,5,1,2,0,0,2,2,3,3,9,21,0,80.9,3.4414,338.199,336.9717622,0
O=S(=O)([11*])n1ccc(c12)ncc(c2)C(=O)N,TRUE,1,5,1,1,0,0,0,2,2,2,8,15,0,95.05,-0.2226,224.221,224.0129871,0
c1cc(O)ccc1N(C)C(=O)[13*],TRUE,1,2,1,1,0,0,0,1,1,1,4,11,0.125,40.54,1.4977,150.157,150.0555035,0
c1cccc(c12)Sc3c(N2C(=O)O[15*])nccc3,TRUE,0,4,1,2,0,0,0,0,3,2,6,17,0,42.43,3.2852,243.267,243.0228235,0
[*]Nc1oc(C)c(n1)C,TRUE,1,3,1,1,0,0,0,1,1,1,4,8,0.4,38.06,1.16764,111.124,111.0558378,0
c1cccc(c12)Sc3c(N2[5*])nccc3,TRUE,0,3,1,2,0,0,0,0,3,2,4,14,0,16.13,3.1486,199.258,199.0329942,0
[10*]NC(=S)NC,TRUE,2,1,1,0,0,0,0,0,0,0,4,5,0.5,24.06,-0.4554,89.143,89.01734416,0
[11*]Oc1cccc(c12)[nH]c(c2)C,TRUE,1,1,1,1,0,0,0,1,2,2,3,11,0.111111111,25.02,2.31942,146.169,146.0605889,0
Clc1ccc(C)cc1O[10*],TRUE,0,1,1,1,0,0,1,1,1,1,3,9,0.142857143,9.23,2.49152,141.577,141.0107175,0
[9*][C@H]1CCC=CC1,TRUE,0,0,0,0,0,0,0,0,1,0,1,6,0.666666667,0,2.0643,81.138,81.07042529,1
O=C(C)Oc(cc1[13*])c(cc1)C(=O)O,TRUE,1,3,1,1,0,0,0,2,1,1,5,13,0.111111111,63.6,0.4847,179.151,179.0344337,0
O=C1N([16*])C(=O)[C@@H]([C@@H]1[C@@H]23)[C@H](C2)CC3,TRUE,0,2,1,0,0,0,0,0,3,0,4,12,0.777777778,37.38,0.4818,164.184,164.0711536,4
O=c(n1)o[nH]c1-c(cccc2)c2-c(cc3)ccc3[13*],TRUE,1,3,1,3,0,0,0,2,3,3,5,18,0,58.89,1.8715,237.238,237.0664025,0
[2*]c1cc(Cl)c(cc1)C(=O)Nc2cc(c(Cl)cc2)-c3ncccc3,TRUE,1,2,1,3,0,0,2,3,3,3,6,23,0,41.99,4.4823,342.205,341.0248433,0
[7*][C@H]1OC(=O)C(=O)C1=O,TRUE,0,4,1,0,0,0,0,0,1,0,5,8,0.25,60.44,-1.4432,113.048,112.9874835,1
O[C@H](C1)CN[C@@H]1[8*],TRUE,2,2,0,0,0,0,0,0,1,0,3,6,1,32.26,-0.784,86.114,86.06058888,2
C1NCCC[C@H]1[8*],TRUE,1,1,0,0,0,0,0,0,1,0,2,6,1,12.03,0.7076,84.142,84.08132432,1
c1nc(N)c(O[21*])cc1-c(c2)cnn2C3CCNCC3,TRUE,2,6,1,2,0,0,0,3,3,2,7,19,0.384615385,77.99,1.2949,258.305,258.1354851,0
[21*]c1c(Cl)c(F)ccc1Cl,TRUE,0,0,1,1,0,0,3,0,1,1,4,9,0,0,2.3071,163.986,162.9517586,0
O=C([21*])C(=O)N,TRUE,1,2,1,0,0,0,0,1,0,0,4,5,0,60.16,-1.4524,72.043,72.0085533,0
O=C([9*])Nc1ccc(cc1)Oc2ccnc(c23)cc(OC)c(c3)OC,TRUE,1,5,1,2,0,0,0,5,3,3,7,24,0.111111111,69.68,4.1255,323.328,323.103182,0
c1cc(F)ccc1NC(=O)[9*],TRUE,1,1,1,1,0,0,1,1,1,1,4,10,0,29.1,1.9069,138.121,138.035517,0
c1cc(Cl)ccc1-c(c2)cnc(c23)[nH]cc3C(=O)c4c(F)c(N[1*])ccc4F,TRUE,2,3,1,3,0,0,3,4,4,4,8,27,0,57.78,5.2687,382.777,382.0558711,0
n1c([21*])nc(C)c(c12)cccc2,TRUE,0,2,1,1,0,0,0,0,2,2,3,11,0.111111111,25.78,1.11282,143.169,143.0609232,0
c1ccccc1-n2c(=O)c(-c3c([26*])cccc3)cc(c2)-c4ncccc4,TRUE,0,3,1,4,0,0,0,3,4,4,4,25,0,34.89,3.7411,323.375,323.1184381,0
CN([7*])c1ncnc(c12)[nH]cc2,TRUE,1,3,1,1,0,0,0,1,2,2,5,11,0.142857143,44.81,0.8584,147.161,147.0670712,0
c1cc(Cl)c([25*])cc1NC(=O)Nc2c(F)cc(cc2)Oc3cc(ncc3)C(=O)NC,TRUE,3,4,1,3,0,0,2,5,3,3,10,29,0.05,92.35,3.8446,413.816,413.0816712,0
[34*]c1cnc(n12)cccn2,TRUE,0,3,1,1,0,0,0,0,2,2,4,9,0,30.19,-0.0961,118.119,118.0405221,0
Brc(c1)ccc(c12)nc(OC)c([6*])c2,TRUE,0,2,1,1,0,0,1,1,2,2,4,13,0.1,22.12,2.1805,237.076,235.9711009,0
[14*]OC(=O)c1occc1,TRUE,0,3,1,1,0,0,0,1,1,1,4,8,0,39.44,0.9007,111.076,111.008219,0
[19*]c1sc(cc1)-c2ccc(F)cc2,TRUE,0,1,1,2,0,0,1,1,2,2,3,12,0,0,2.7288,177.223,177.0174244,0
O=C1NC(=O)CC[C@@H]1[4*],TRUE,1,2,1,0,0,0,0,0,1,0,4,8,0.6,46.17,-0.2392,112.108,112.0398534,1
O=C1N([7*])C(=O)c(c12)cccc2N,TRUE,1,3,1,1,0,0,0,0,2,1,5,12,0,63.4,0.3291,161.14,161.0351024,0
O=C1N([15*])C(=O)[C@H]([C@H]12)CCCC2,TRUE,0,2,1,0,0,0,0,0,2,0,4,11,0.75,37.38,0.6259,152.173,152.0711536,2
C[C@@H]1CCO[C@H](N12)Cn3c(C2=O)c(O)c(=O)c(c3)C(=O)N[23*],TRUE,2,6,1,1,0,0,0,1,3,1,9,21,0.461538462,100.87,-0.6613,292.271,292.0933455,2
COC(=O)N(C)c(c(n1)N)c(N)nc1-c2nn(C[15*])c(c23)nccc3,TRUE,2,9,1,2,0,0,0,3,3,3,11,24,0.214285714,138.07,0.7621,327.328,327.1317967,0
n1cc(Br)cnc1O[26*],TRUE,0,3,1,1,0,0,1,1,1,1,5,8,0,35.01,1.0822,173.977,172.9350498,0
F[C@]1(C)[C@H](O)[C@@H]([19*])O[C@H]1n2c(=O)[nH]c(=O)cc2,TRUE,2,5,1,1,0,0,1,1,2,1,8,16,0.555555556,84.32,-0.9701,229.187,229.06246,4
[7*]c1c(I)c(N)c(I)cc1I,TRUE,1,1,1,1,0,0,3,0,1,1,5,10,0,26.02,2.2572,469.809,469.7399681,0
O=C(C)Nc(c(I)c1[10*])c(I)c(c1I)C(=O)O,TRUE,2,2,1,1,0,0,3,2,1,1,8,16,0.111111111,66.4,2.3316,555.855,555.740362,0
c1cccc(c12)C(=O)N(C2)c3ccc([10*])cc3,TRUE,0,1,1,2,0,0,0,1,3,2,3,16,0.071428571,20.31,2.0216,208.24,208.0762389,0
[6*]Oc1cccc(c12)CC=C2,TRUE,0,1,1,1,0,0,0,1,2,1,2,10,0.111111111,9.23,2.099,131.154,131.0496898,0
O[C@H]1[C@@H]([5*])[C@@H](CC2)C(C)(C)[C@]12C,TRUE,1,1,0,0,0,0,0,0,2,0,2,11,1,20.23,2.1412,153.245,153.1279402,4
c1cc(Cl)cc(c12)nccc2Nc3c(C(=O)O[13*])cccc3,TRUE,1,4,1,2,0,0,1,3,3,3,6,21,0,51.22,4.2529,297.721,297.0430802,0
COC(=O)\C=C\[21*],TRUE,0,2,1,0,0,0,0,1,0,0,3,6,0.25,26.3,0.2224,85.082,85.0289544,0
Clc1cccc(c1[13*])NC(=O)c2ccccc2,TRUE,1,1,1,2,0,0,1,2,2,2,4,16,0,29.1,2.7669,230.674,230.0372666,0
C1=CC(=O)C=C(CC2)[C@@]1(C)[C@@](F)([C@@H](O)C3)[C@@H]2[C@@H]([C@]34C)CC(=C)[C@@]4([21*])O,TRUE,2,3,1,0,0,0,1,0,4,0,5,24,0.65,57.53,2.7612,331.407,331.1709478,7
C1=CC(=O)C=C([C@@H](F)C2)[C@@]1(C)[C@@H]([C@@H](O)C3)[C@@H]2[C@@H]([C@]34C)C[C@H]([C@@H]4[19*])C,TRUE,1,2,1,0,0,0,1,0,4,0,4,23,0.75,37.3,3.7969,317.424,317.1916833,9
C1=CC(=O)C=C([C@@H](F)C2)[C@@]1(C)[C@@](Cl)([C@@H](Cl)C3)[C@@H]2[C@@H]([C@]34C)C[C@@H]5[C@@]4([22*])OC(O5)(C)C,TRUE,0,3,1,0,0,0,3,0,5,0,7,28,0.772727273,35.53,4.828,428.351,427.1243033,9
O=C([20*])c(c1)ccc(c1c2c34)c3cccc4ccc2,TRUE,0,1,1,2,0,0,0,1,4,3,2,18,0,17.07,4.1767,229.258,229.0653399,0
C1NC(=O)OC12CCN([10*])CC2,TRUE,1,3,1,0,0,0,0,0,2,0,5,11,0.857142857,41.57,0.0251,155.177,155.0820526,0
O=C([5*])c1ccc(cc1)-c2ccccc2,TRUE,0,1,1,2,0,0,0,2,2,2,2,14,0,17.07,3.0431,181.214,181.0653399,0
[13*]OC(=O)c1cccnc1,TRUE,0,3,1,1,0,0,0,1,1,1,4,9,0,39.19,0.7027,122.103,122.0242034,0
[24*][C@@H]1NC(N)=NCC1,TRUE,2,3,1,0,0,0,0,0,1,0,4,7,0.75,50.41,-0.8302,98.129,98.07182226,1
[23*]Oc(c1)cc(O)c(c12)c(=O)cc(o2)-c3cc(O)c(OC)cc3,TRUE,2,6,1,2,0,0,0,3,3,3,7,22,0.0625,89.13,2.7229,299.258,299.0555631,0
c1cccc(c12)N([9*])c3c(C2(C)C)cccc3,TRUE,0,1,1,2,0,0,0,0,3,2,2,16,0.2,3.24,3.9283,208.284,208.1126244,0
c1cccc(c2=NO[18*])c1ccc(c23)cccc3,TRUE,0,2,1,1,0,0,0,1,3,3,3,17,0,21.59,3.2896,220.251,220.0762389,0
COC(=O)c1scc(C)c1NC(=O)[6*],TRUE,1,4,1,1,0,0,0,2,1,1,6,13,0.25,55.4,1.92432,198.223,198.0224891,0
Fc(c1)c(=O)[nH]c(=O)n1C(=O)N[10*],TRUE,2,4,1,1,0,0,1,0,1,1,8,12,0,83.96,-1.3023,172.095,172.0158442,0
[8*]Oc1cccc(c12)cc(o2)C(=O)C,TRUE,0,3,1,1,0,0,0,2,2,2,4,13,0.1,39.44,2.4785,175.163,175.0395191,0
O[C@@]1([15*])CC[C@H]([C@@]12C)[C@H]3[C@H](CC2)[C@]4(C)C(C=C3)=CC(=O)CC4,TRUE,1,2,1,0,0,0,0,0,4,0,3,21,0.736842105,37.3,3.5322,285.407,285.185455,6
Brc(c1)c(N)cc(OC)c1C(=O)N[9*],TRUE,2,3,1,1,0,0,1,2,1,1,6,13,0.125,64.35,1.234,244.068,242.9769146,0
[10*]c1c(N)c(Br)cc(Br)c1,TRUE,1,1,1,1,0,0,2,0,1,1,4,9,0,26.02,1.9684,249.913,247.8710483,0
O=C(C)Oc(cc1)ccc1[5*],TRUE,0,2,1,1,0,0,0,1,1,1,3,10,0.125,26.3,0.7865,135.142,135.0446045,0
c1ccc(F)cc1-c(cc2)cnc2\C=C\[10*],TRUE,0,1,1,2,0,0,1,2,2,2,3,15,0,12.89,3.4077,198.22,198.0719025,0
[7*]N1CCC(=C)CC1,TRUE,0,1,0,0,0,0,0,0,1,0,2,7,0.666666667,3.24,1.1027,96.153,96.08132432,0
O=C1O[C@@H]([16*])CN1c2cc(F)c(cc2)-c3ccc(nc3)-c(nn4)nn4C,TRUE,0,7,1,3,0,0,1,3,4,3,10,25,0.1875,86.03,1.9102,339.31,339.1005768,1
N1CCO[C@H]([C@@H]12)CN(C2)c(c3[27*])c(F)cc(c34)c(=O)c(C(=O)O)cn4C5CC5,TRUE,2,6,1,1,0,0,1,3,5,2,9,27,0.473684211,83.8,0.5253,372.376,372.1359593,2
c1cccc(C)c1-c(c2)c(N(C(=O)[15*])C)cnc2N3CCN(C)CC3,TRUE,0,4,1,2,0,0,0,3,3,2,6,24,0.368421053,39.68,2.91432,323.42,323.1871864,0
Fc1cccc(c12)nc([9*])n(c2=O)-c3ccccc3,TRUE,0,3,1,2,0,0,1,1,3,3,5,18,0,34.89,1.6994,239.229,239.0620661,0
ClC1(Cl)[C@H]([8*])C1,TRUE,0,0,0,0,0,0,2,0,1,0,3,5,1,0,1.9018,109.963,108.9611805,1
C1CNCCN1c2c([*])cccc2,TRUE,1,2,1,1,0,0,0,1,2,1,3,12,0.4,15.27,0.2708,161.228,161.1078734,0
COc(c1[9*])c(OC)c(OC)cc1,TRUE,0,3,1,1,0,0,0,3,1,1,4,12,0.333333333,27.69,0.887,167.184,167.0708192,0
O[C@@]1([18*])CC[C@H]([C@@]12C)[C@H]3[C@H](CC2)C4=C(C[C@H]3C)CC(=O)CC4,TRUE,1,2,0,0,0,0,0,0,4,0,3,21,0.842105263,37.3,3.7562,287.423,287.2011051,6
C1COc(c12)cccc2[3*],TRUE,0,1,1,1,0,0,0,0,2,1,2,9,0.25,9.23,0.7961,119.143,119.0496898,0
c1cc(Cl)cnc1NC(=O)C(=O)N[14*],TRUE,2,3,1,1,0,0,1,1,1,1,7,13,0,71.09,0.254,198.589,198.0070291,0
[9*]NC(=O)Nc1c(Cl)cc(cc1)Oc2ccnc(c23)cc(OC)c(c3)C(=O)N,TRUE,3,5,1,2,0,0,1,5,3,3,10,27,0.055555556,115.57,3.3738,385.787,385.0703576,0
O=C([13*])N(C)c1ccc(cc1)N\C(c2ccccc2)=C\3C(=O)Nc(c34)cc(cc4)C(=O)OC,TRUE,2,5,1,3,0,0,0,5,4,3,8,32,0.08,87.74,4.5112,426.452,426.1453811,0
O1CC(=O)Nc(c12)cc(O)cc2[12*],TRUE,2,3,1,1,0,0,0,0,2,1,5,12,0.125,58.56,-0.1023,164.14,164.0347681,0
C1CN([18*])C(=O)Cc(c12)cc(OC)c(c2)OC,TRUE,0,3,2,1,0,0,0,2,2,1,5,16,0.416666667,38.77,1.0953,220.248,220.0973683,0
COc(c1)c(OC)cc(c12)C[C@@H]2[11*],TRUE,0,2,1,1,0,0,0,2,2,1,3,12,0.4,18.46,1.8503,163.196,163.0759046,1
[C@@H]12C(C)(C)[C@@H](C1)CC[C@H]2[15*],TRUE,0,0,0,0,0,0,0,0,3,0,1,9,1,0,2.7803,123.219,123.1173755,3
Brc1cc(OC)c(OC)cc1[21*],TRUE,0,2,1,1,0,0,1,2,1,1,4,11,0.25,18.46,1.6409,216.054,214.9707666,0
[20*][C@H]1[C@H](C)C[C@H]([C@@]12C)[C@H]3[C@](F)([C@@H](O)C2)[C@]4(C)C([C@@H](F)C3)=CC(=O)C=C4,TRUE,1,2,1,0,0,0,2,0,4,0,5,24,0.75,37.3,3.889,335.414,335.1822615,9
[22*]c1c(F)c(Cl)ccc1,TRUE,0,0,1,1,0,0,2,0,1,1,3,8,0,0,1.6537,129.541,128.990731,0
O1COc(c12)ccc(c2)\C=C\[4*],TRUE,0,2,1,1,0,0,0,1,2,1,3,11,0.111111111,18.46,1.9353,147.153,147.0446045,0
c1cccc(c12)N(C(=O)N)c3c(C[C@@H]2[*])cccc3,TRUE,1,1,1,2,0,0,0,0,3,2,4,18,0.133333333,46.33,3.0499,237.282,237.102788,1
O[C@@]1([14*])CC[C@H]([C@@]12C)[C@H]3C(CC2)=C4C(CC3)=CC(=O)CC4,TRUE,1,2,1,0,0,0,0,0,4,0,3,20,0.722222222,37.3,3.4303,271.38,271.169805,4
C1CC(=O)C=C(C(=C2)C)[C@@]1(C)[C@@H](CC3)[C@@H]2[C@@H]([C@]34C)CC[C@@]4([16*])C,TRUE,0,1,1,0,0,0,0,0,4,0,2,22,0.761904762,17.07,5.4123,297.462,297.2218405,6
[16*]Oc(c1)ccc(c12)ccc(=O)[nH]2,TRUE,1,2,1,1,0,0,0,1,2,2,4,12,0,42.09,1.3712,160.152,160.0398534,0
c1csc(c12)cccc2N(CC3)CCN3[10*],TRUE,0,3,1,1,0,0,0,1,3,2,4,15,0.333333333,6.48,2.4876,217.317,217.0799444,0
C1[C@H](C)O[C@H](C)CN1c2ncc(cc2)NC(=O)c3c(C)c(ccc3)-c4ccc(O[34*])cc4,TRUE,1,5,1,3,0,0,0,5,4,3,7,31,0.28,63.69,4.76602,416.501,416.1974167,2
c1cc(O[6*])ccc1/C=C/c2ccc(NC)cc2,TRUE,1,2,1,2,0,0,0,4,2,2,3,17,0.066666667,21.26,3.7418,224.283,224.1075391,0
[18F]C[23*],TRUE,0,0,0,0,0,0,1,0,0,0,2,2,1,0,0.4627,32.027938,32.01658806,0
c1nc(O[8*])ccc1\C=C\c2ccc(NC)cc2,TRUE,1,3,1,2,0,0,0,4,2,2,4,17,0.071428571,34.15,3.1368,225.271,225.102788,0
c1cccc(Cl)c1C(c(c2n34)cc(s2)[14*])=NCc3nnc4C,TRUE,0,5,1,3,0,0,1,1,4,3,7,21,0.133333333,43.07,2.81622,313.793,313.03147,0
c1cccc(C\2=C\[6*])c1SCc(c23)cccc3,TRUE,0,1,1,2,0,0,0,0,3,2,2,16,0.066666667,0,4.2308,223.32,223.0581464,0
c1ccoc1C(=O)N([6*])c2nccnc2,TRUE,0,4,1,2,0,0,0,2,2,2,6,14,0,59.23,1.1807,188.166,188.0460014,0
[6*][C@H]1OCCNC1,TRUE,1,2,0,0,0,0,0,0,1,0,3,6,1,21.26,-0.5184,86.114,86.06058888,1
Fc(c1)ccc(c1[11*])OC,TRUE,0,1,1,1,0,0,1,1,1,1,3,9,0.142857143,9.23,1.0089,125.122,125.040268,0
c1cccc(c12)N(C(=O)[C@]2([4*])C)c3ccccc3,TRUE,0,1,1,2,0,0,0,1,3,2,3,17,0.133333333,20.31,3.1294,222.267,222.091889,1
c1cccc(c12)N(C[C@@]2([4*])C)c3ccccc3,TRUE,0,1,1,2,0,0,0,1,3,2,2,16,0.2,3.24,3.6028,208.284,208.1126244,1
C[C@]1([6*])SCCc(c12)c3c(n2CC)cccc3,TRUE,0,2,1,1,0,0,0,1,3,2,3,16,0.428571429,4.93,3.6725,230.356,230.1003455,1
[16*]c1nnc(n12)[C@@H]3[C@H](C2)CCC3,TRUE,0,3,1,1,0,0,0,0,3,1,4,11,0.75,30.71,0.35,148.189,148.0874723,2
C1CCc(c12)c(F)ccc2O[12*],TRUE,0,1,1,1,0,0,1,1,2,1,3,11,0.333333333,9.23,2.1575,151.16,151.0559181,0
[10*]c1n[nH]c(c1)C,TRUE,1,1,1,1,0,0,0,0,1,1,3,6,0.25,28.68,-0.10728,81.098,81.04527316,0
c1cc(OC)ccc1Oc(c2)ncnc2N([16*])C,TRUE,0,5,1,2,0,0,0,4,2,2,6,17,0.166666667,47.48,2.178,230.247,230.0929516,0
COc(c1)ccc(c12)nc([14*])n2C,TRUE,0,3,1,1,0,0,0,1,2,2,4,12,0.222222222,27.05,0.7565,161.184,161.0714879,0
CC1([11*])CCCCC1,TRUE,0,0,0,0,0,0,0,0,1,0,1,7,1,0,2.6784,97.181,97.10172542,0
[*]c1scc(n1)-c2sc(cc2)C(=O)N,TRUE,1,4,1,2,0,0,0,2,2,2,6,13,0,55.98,1.1451,209.275,208.9843298,0
[18*]OC(=O)N(CC1)CCN1c(n2)nc(N)c(c23)cc(OC)c(OC)c3OC,TRUE,1,9,2,1,0,0,0,4,3,2,11,26,0.4375,112.27,0.9607,362.366,362.1464437,0
Brc(c1)c(NC)cc(OC)c1C(=O)N[7*],TRUE,2,3,1,1,0,0,1,3,1,1,6,14,0.222222222,50.36,1.6935,258.095,256.9925647,0
OC(=O)\C=C\[19*],TRUE,1,1,1,0,0,0,0,1,0,0,3,5,0,37.3,0.134,71.055,71.01330434,0
O=C1CCC[C@@H]1[7*],TRUE,0,1,0,0,0,0,0,0,1,0,2,6,0.8,17.07,1.0772,83.11,83.04968984,1
c1cc(F)ccc1-c2cc(N3CCN([18*])CC3)nc(c24)CCCCCC4,TRUE,0,3,1,2,0,0,1,2,4,2,5,25,0.476190476,19.37,4.133,338.45,338.203251,0
[8*]N1CCC(C)CC1,TRUE,0,1,0,0,0,0,0,0,1,0,2,7,1,3.24,1.1826,98.169,98.09697438,0
Clc(c1)ccc(c12)Sc3c(C=C2O[7*])cccc3,TRUE,0,2,1,2,0,0,1,1,3,2,4,17,0,9.23,4.7836,259.737,258.9984386,0
[16*]Oc(c1)ccc(c12)OCC(=O)N2,TRUE,1,3,1,1,0,0,0,1,2,1,5,12,0.125,47.56,0.8606,164.14,164.0347681,0
c1cc(Cl)ccc1N(CC2)CCC23O[C@@H]([19*])CO3,TRUE,0,3,1,1,0,0,1,1,3,1,5,17,0.538461538,21.7,2.5587,252.721,252.0791314,1
O=P1([14*])OCC(CO1)(C)C,TRUE,0,3,0,0,0,0,0,0,1,0,5,9,1,35.53,1.7168,149.106,149.0367558,0
O=C1O[C@H]([7*])CN1c2cc(C)ccc2,TRUE,0,2,1,1,0,0,0,1,2,1,4,13,0.3,29.54,1.82702,176.195,176.0711536,1
C1N([8*])C(=O)Oc(c12)cccc2,TRUE,0,2,1,1,0,0,0,0,2,1,4,11,0.125,29.54,1.4653,148.141,148.0398534,0
[10*]c1[nH]c(cn1)-c2ccccc2,TRUE,1,1,1,2,0,0,0,1,2,2,3,11,0,28.68,1.2513,143.169,143.0609232,0
Cc1cc(C(=O)N)cc(c1[12*])C,TRUE,1,1,1,1,0,0,0,1,1,1,3,11,0.222222222,43.09,0.57694,148.185,148.0762389,0
c1cc(OC)c(cc1[14*])C(=O)O,TRUE,1,2,1,1,0,0,0,2,1,1,4,11,0.125,46.53,0.568,151.141,151.0395191,0
[8*]C1OCCO1,TRUE,0,2,0,0,0,0,0,0,1,0,3,5,1,18.46,-0.1339,73.071,73.0289544,0
O1O[C@](C)(CC2)O[C@H]3O[C@@H]([4*])[C@H](C)[C@@H]4CC[C@H]([C@H]2[C@]134)C,TRUE,0,4,0,0,0,0,0,0,5,0,5,19,1,36.92,2.7437,267.345,267.1596342,8
S=C([18*])N(C)C,TRUE,0,1,1,0,0,0,0,0,0,0,3,5,0.666666667,3.24,0.3822,88.155,88.02209519,0
FC(F)(O1)Oc(c12)ccc([9*])c2,TRUE,0,2,1,1,0,0,2,0,2,1,5,11,0.142857143,18.46,1.1827,157.095,157.0101108,0
O=C([9*])Nc1nc(c(C)cc1)-c2cc(C(=O)O)ccc2,TRUE,2,3,1,2,0,0,0,3,2,2,6,19,0.071428571,79.29,2.83642,255.253,255.0769672,0
C1COCCN1[n+]2noc(c2)N=C([O-])O[15*],TRUE,0,7,1,1,2,0,0,2,2,1,9,15,0.571428571,87.03,-2.241,213.173,213.0623798,0
[H]/N=c1\onc(n1C[5*])-c2ccccc2,TRUE,1,4,1,2,0,0,0,2,2,2,5,13,0.111111111,54.81,1.12937,174.183,174.0667369,0
c1cc(Cl)cc(c12)S(=O)(=O)N(C)c3c([C@H]2[6*])cccc3,TRUE,0,2,2,2,0,0,1,0,3,2,6,19,0.142857143,37.38,3.1172,292.767,292.0199023,1
O=C([4*])c1cn(C)c(c12)cccc2,TRUE,0,2,1,1,0,0,0,1,2,2,3,12,0.1,22,1.8678,158.18,158.0605889,0
[nH]1cnc(c12)CC[C@@H]([10*])C2,TRUE,1,1,1,1,0,0,0,0,2,1,3,9,0.571428571,28.68,1.2362,121.163,121.0765733,1
[4*][C@@H]1OC(=O)c(c12)cccc2,TRUE,0,2,1,1,0,0,0,0,2,1,3,10,0.125,26.3,1.4049,133.126,133.0289544,1
O=C(C)N(C)c1c(I)c(C(=O)N[28*])c(I)c(c1I)C(=O)NC,TRUE,2,3,1,1,0,0,3,3,1,1,10,21,0.25,78.51,2.0368,625.95,625.7934602,0
O=C([18*])Oc(c1)ccc(c12)CCC2,TRUE,0,2,1,1,0,0,0,1,2,1,3,12,0.3,26.3,2.2234,161.18,161.0602545,0
[14*][C@H]1C(C)(C)S(=O)(=O)[C@@H](N12)CC2=O,TRUE,0,3,1,0,0,0,0,0,2,0,6,12,0.857142857,54.45,-0.3728,188.228,188.0381392,2
C=CC(=O)Nc(c1N([9*])C)cc(c(c1)OC)Nc(ncc2)nc2-c3cn(C)c(c34)cccc4,TRUE,2,7,1,3,0,0,0,7,4,4,9,32,0.125,84.31,4.4125,427.488,427.188249,0
CN(C)\C=N\c(c(I)c1[7*])c(I)cc1I,TRUE,0,1,1,1,0,0,3,2,1,1,6,14,0.222222222,15.6,2.8964,524.889,524.7821673,0
[11*]N1CCCC/1=N\[H],TRUE,1,1,1,0,0,0,0,0,1,0,3,6,0.75,27.09,0.52377,83.114,83.06092322,0
Clc1c(=O)[nH]c(=O)[nH]c1[11*],TRUE,2,2,1,1,0,0,1,0,1,1,6,9,0,65.72,-1.1088,145.525,144.98048,0
Ic(c1)c(=O)c(I)cn1C[9*],TRUE,0,2,1,1,0,0,2,1,1,1,5,10,0.166666667,22,1.5643,359.912,359.8382347,0
O[C@@]1([17*])CC[C@H]([C@@]12C)[C@H]3[C@H](CC2)C4=C(CC3)CC(=O)CC4,TRUE,1,2,0,0,0,0,0,0,4,0,3,20,0.833333333,37.3,3.5102,273.396,273.185455,5
C1=CC(=O)C=C([C@@H](F)C2)[C@@]1(C)[C@@H]([C@@H](O)C3)[C@@H]2[C@@H]([C@]34C)CC[C@@]4([20*])O,TRUE,2,3,1,0,0,0,1,0,4,0,5,23,0.736842105,57.53,2.451,319.396,319.1709478,8
O[C@]1([19*])[C@@H](C)C[C@H]([C@@]12C)[C@H]3[C@H](C(=O)C2)[C@]4(C)C(CC3)=CC(=O)C=C4,TRUE,1,3,1,0,0,0,0,0,4,0,4,23,0.7,54.37,2.9572,313.417,313.1803697,7
O=C(C)N([8*])c1c(I)c(N)c(I)cc1I,TRUE,1,2,1,1,0,0,3,1,1,1,7,14,0.125,46.33,2.8998,526.861,526.7614318,0
[8*][NH+]1CCCC1,TRUE,1,0,0,0,1,1,0,0,1,0,2,5,1,4.44,-0.8706,71.123,71.07295071,0
[O-]C(=O)\C=C\c(ccc1)nc1C(=C\[8*])\c2ccc(C)cc2,TRUE,0,3,1,2,1,-1,0,4,2,2,4,20,0.058823529,53.02,2.09162,263.296,263.0951772,0
O=C([14*])c1ccc(OC)cc1,TRUE,0,2,1,1,0,0,0,2,1,1,3,10,0.125,26.3,1.3847,135.142,135.0446045,0
[7*]OC(=O)/C=C/c1ccc(OC)cc1,TRUE,0,3,1,1,0,0,0,3,1,1,4,13,0.1,35.53,1.7159,177.179,177.0551691,0
C[N+]([2*])([11CH3])C,TRUE,0,0,0,0,1,1,0,0,0,0,2,4,1,0,0.1569,58.1124336,58.08438431,0
[7*]OC(=O)c1c(O)cccc1,TRUE,1,3,1,1,0,0,0,1,1,1,4,10,0,46.53,1.0133,137.114,137.023869,0
CC1(C)C[C@H](C)C[C@H]([*])C1,TRUE,0,0,0,0,0,0,0,0,1,0,1,9,1,0,3.1704,125.235,125.1330255,2
[4*]OC(=O)c1c(N)cccc1,TRUE,1,3,1,1,0,0,0,1,1,1,4,10,0,52.32,0.8899,136.13,136.0398534,0
O=C1NC(=O)N[C@@H]1[4*],TRUE,2,2,1,0,0,0,0,0,1,0,5,7,0.333333333,58.2,-1.2988,99.069,99.01945234,1
c1ccccc1-c([nH]2)[nH+]c(c23)ccc([*])c3,TRUE,1,0,1,2,1,1,0,1,3,3,3,15,0,29.93,1.8236,194.237,194.0838497,0
O/N=C([11*])\C,TRUE,1,2,1,0,0,0,0,0,0,0,3,4,0.5,32.59,0.3433,58.06,58.02928875,0
COc1cc(O)c(cc1[*])C(=O)c2ccccc2,TRUE,1,3,1,2,0,0,0,3,2,2,4,17,0.071428571,46.53,1.8064,227.239,227.0708192,0
[5*]c1c(O)cc(O)cc1,TRUE,2,2,1,1,0,0,0,0,1,1,3,8,0,40.46,0.2724,109.104,109.0289544,0
O=c1nc(N)[nH]c(c12)NC[C@H]([15*])N2C,TRUE,3,5,1,1,0,0,0,0,2,1,7,13,0.428571429,87.04,-0.9108,180.191,180.0885349,1
[12*]Oc1cc(cc(O)c1)/C=C/c2ccc(O)cc2,TRUE,2,3,1,2,0,0,0,3,2,2,4,17,0,49.69,3.1113,227.239,227.0708192,0
c1cc(O)c(OC)cc1/C=C/C(=O)O[12*],TRUE,1,4,1,1,0,0,0,3,1,1,5,14,0.1,55.76,1.4215,193.178,193.0500838,0
[7*][C@@H]1[C@@H](O)C[C@@H](C)CC1,TRUE,1,1,0,0,0,0,0,0,1,0,2,8,1,20.23,1.5051,113.18,113.09664,3
O=C1[C@@H]([7*])[C@H](N12)SCC(OC)=C2C(=O)O,TRUE,1,4,1,0,0,0,0,2,2,0,7,14,0.5,66.84,0.1819,214.222,214.0174037,2
[22*][C@H]1CC[C@H]([C@@]12C)[C@H]3[C@H](C(=O)C2)[C@]4(C)[C@@H](CC3)C[C@H](O)CC4,TRUE,1,2,0,0,0,0,0,0,4,0,3,21,0.947368421,37.3,3.9068,289.439,289.2167552,8
O[C@@]1([12*])CC[C@H]([C@@]12C)[C@H]3C(C=C2)=C4C(CC3)=CC(=O)CC4,TRUE,1,2,1,0,0,0,0,0,4,0,3,20,0.611111111,37.3,3.2063,269.364,269.1541549,4
c1scnc1-c([nH]2)nc(c23)ccc(c3)NC(=O)O[14*],TRUE,2,5,1,2,0,0,0,2,3,3,8,18,0,79.9,2.6992,259.27,259.0289715,0
O=C(N)c(cc1)cc[n+]1C[15*],TRUE,1,1,1,1,1,1,0,2,1,1,4,10,0.142857143,46.97,-0.4202,136.154,136.0631143,0
Cc1c(Cl)c(=O)oc(c12)cc(O[2*])cc2,TRUE,0,3,1,1,0,0,1,1,2,2,5,14,0.1,39.44,2.59792,209.608,209.0005467,0
Clc(c1)ccc(O)c1[4*],TRUE,1,1,1,1,0,0,1,0,1,1,3,8,0,20.23,1.2202,127.55,126.9950674,0
ClC(Cl)=CO[2*],TRUE,0,1,1,0,0,0,2,1,0,0,4,5,0,9.23,1.7438,111.935,110.940445,0
[9*]c1c(Cl)cc(cc1Cl)-n2ncc(=O)[nH]c2=O,TRUE,1,4,1,2,0,0,2,1,2,2,8,16,0,67.75,0.4022,257.056,255.9680567,0
C1CN([23*])CCN1c(c2)c(F)cc(c23)c(=O)c(C(=O)O)cn3C4CC4,TRUE,1,5,1,1,0,0,1,3,4,2,8,24,0.411764706,65.78,1.76,330.339,330.1253946,0
[O-][N+](=O)NC1=NCCN1[9*],TRUE,1,4,1,0,2,0,0,1,1,0,7,9,0.666666667,70.77,-1.0964,129.099,129.0412504,0
c1cc(C)c(O)c(c1[33*])C(=O)O,TRUE,2,2,1,1,0,0,0,1,1,1,4,11,0.125,57.53,0.57342,151.141,151.0395191,0
[16*]Oc1c(Cl)cc(c(Cl)c1)NC(=O)NC(=O)c2c(F)cccc2F,TRUE,2,3,1,2,0,0,4,3,2,2,10,23,0,67.43,4.0766,360.123,358.9801789,0
c1ccc(Cl)cc1O[19*],TRUE,0,1,1,1,0,0,1,1,1,1,3,8,0,9.23,2.1831,127.55,126.9950674,0
CO/N=C(\C1)[C@H](C)[C@@H]([28*])O[C@]12O[C@H]3C[C@@H](C2)OC(=O)[C@H]4[C@@]5(O)[C@@H]([C@H](O)C(=C4)C)OCC\5=C/C=C/[C@H](C)C/C(C)=C\C3,TRUE,2,9,3,0,0,0,0,1,5,0,10,40,0.677419355,116.04,3.6334,556.676,556.2910423,10
[O-][N+](=O)c(cc1)oc1\C=C\c2nc([15*])ccc2,TRUE,0,4,1,2,2,0,0,3,2,2,6,16,0,69.17,1.9278,215.188,215.0456671,0
[4*]OC(=O)c1c(C(=O)O)cccc1,TRUE,1,3,1,1,0,0,0,2,1,1,5,12,0,63.6,1.0059,165.124,165.0187836,0
[*]c1ccc(cc1)Oc(cc2)c(C)cc2-n3c(=O)n(C)c(=O)[nH]c3=O,TRUE,1,6,1,3,0,0,0,3,3,3,8,24,0.117647059,86.09,0.49982,324.316,324.0984309,0
C1CCN[C@@H]([C@@H]12)CN(C2)c(c3[27*])c(F)cc(c34)c(=O)c(C(=O)O)cn4C5CC5,TRUE,2,5,1,1,0,0,1,3,5,2,8,27,0.5,74.57,1.5365,370.404,370.1566948,2
O=C1c2ccc(O[C@@H]([21*])C3)c3c2O[C@@H]([C@@H]14)COc5c4cc(OC)c(c5)OC,TRUE,0,6,2,2,0,0,0,2,5,2,7,26,0.35,63.22,2.634,353.35,353.1025133,3
c1cc(Cl)nnc1N[1*],TRUE,1,3,1,1,0,0,1,1,1,1,5,8,0,37.81,1.0062,128.542,128.0015498,0
[O-][N+](=O)c(cc1)ccc1N[*],TRUE,1,3,1,1,2,0,0,2,1,1,5,10,0,55.17,1.471,137.118,137.0351024,0
[*]Nc(n1)cnc(c12)cccc2,TRUE,1,3,1,1,0,0,0,1,2,2,4,11,0,37.81,1.506,144.157,144.0561722,0
c1cc(Cl)ccc1-c2cc([9*])nn2-c3ccc(OC)cc3,TRUE,0,3,1,3,0,0,1,3,3,3,5,20,0.0625,27.05,3.3759,283.738,283.0638157,0
O=C([11*])N(O)C,TRUE,1,2,1,0,0,0,0,0,0,0,4,5,0.5,40.54,-0.0233,74.059,74.02420337,0
COC(=O)Nc(s1)nc(c12)ccc(O[9*])c2,TRUE,1,5,1,1,0,0,0,2,2,2,7,15,0.111111111,60.45,2.3177,223.233,223.0177381,0
C1C[C@@H]([3*])[C@H](O)c(c2n13)cccc2[nH]c3=O,TRUE,2,3,1,1,0,0,0,0,3,2,5,15,0.363636364,58.02,1.1045,203.221,203.0820526,2
O=C([1*])c1occc1,TRUE,0,2,1,1,0,0,0,1,1,1,3,7,0,30.21,0.9691,95.077,95.01330434,0
[27*]OC(=O)c1ccncc1,TRUE,0,3,1,1,0,0,0,1,1,1,4,9,0,39.19,0.7027,122.103,122.0242034,0
C1=C[C@H](O)[C@@H]2Oc(c(O)cc3)c4c3C[C@H]([C@H]1[C@]245)N([17*])CC5,TRUE,2,4,1,1,0,0,0,0,5,1,5,20,0.5,52.93,1.0326,270.308,270.1130184,5
[13*]OC(=O)Nc1ccccc1,TRUE,1,2,1,1,0,0,0,1,1,1,4,10,0,38.33,1.6994,136.13,136.0398534,0
c1cccc(c12)sc([n+]2CC)/C=C/C=C/C=C(N3[7*])\Sc(c34)cccc4,TRUE,0,3,1,2,1,1,0,4,4,3,5,25,0.095238095,7.12,5.6961,362.523,362.090592,0
OC(=O)c1cccnc1Nc(c2C)cccc2[15*],TRUE,2,3,1,2,0,0,0,3,2,2,5,17,0.076923077,62.22,2.00642,227.243,227.0820526,0
C1=CC(=O)C=C(CC2)[C@@]1(C)[C@@](F)([C@@H](O)C3)[C@@H]2[C@@H]([C@]34C)CC[C@@]4([20*])O,TRUE,2,3,1,0,0,0,1,0,4,0,5,23,0.736842105,57.53,2.5951,319.396,319.1709478,7
c1ncccc1-c(n2)csc2Nc(c(C)cc3)cc3NC(=O)c(cc4)ccc4[12*],TRUE,2,5,1,4,0,0,0,5,4,4,7,28,0.045454545,66.91,4.68402,385.472,385.1123072,0
O[C@]1([19*])C(=C)C[C@H]([C@@]12C)[C@H]3[C@H](CC2)[C@]4(C)C(C(=C3)C)=CC(=O)CC4,TRUE,1,2,1,0,0,0,0,0,4,0,3,23,0.666666667,37.3,4.0884,311.445,311.2011051,6
n1c(C)c(Br)c(C)nc1N[1*],TRUE,1,3,1,1,0,0,1,1,1,1,5,10,0.333333333,37.81,1.73214,201.047,199.9823343,0
[10*]OC(=O)c1cc(N)ccc1,TRUE,1,3,1,1,0,0,0,1,1,1,4,10,0,52.32,0.8899,136.13,136.0398534,0
[7*][C@@H]1OC(=O)c(c12)c3c(OCO3)cc2,TRUE,0,4,1,1,0,0,0,0,3,1,5,13,0.222222222,44.76,1.1336,177.135,177.0187836,1
O1COc(c2)c1cc(c23)CCN([C@@H]3[8*])C,TRUE,0,3,1,1,0,0,0,0,3,1,4,14,0.454545455,21.7,1.4511,190.222,190.0868036,1
[7*]OC(=O)c1ccc(N(C)C)cc1,TRUE,0,3,1,1,0,0,0,2,1,1,4,12,0.222222222,29.54,1.3737,164.184,164.0711536,0
c1c(C)cc(c(O)c1[11*])-n(n2)nc(c23)cccc3,TRUE,1,4,1,2,0,0,0,1,3,3,5,17,0.076923077,50.94,1.60912,224.243,224.0823869,0
O=C1[C@@H]([11*])[C@H](N12)SCC(=C2C(=O)O)/C=C/c3c([N+]([O-])=O)cc([N+]([O-])=O)cc3,TRUE,1,7,1,1,4,0,0,5,3,1,12,26,0.2,143.89,2.1078,376.326,376.0239457,2
[22*]NC(=O)c(c1Cl)c(Cl)cc(c12)CN(CC2)C(=O)c(c3)ccc(c34)cco4,TRUE,1,3,2,2,0,0,2,2,4,3,8,26,0.157894737,62.55,4.1322,388.23,387.0303226,0
c1cc(Cl)cc(c12)CCc3c(nccc3)C2=C(CC4)CCN4[10*],TRUE,0,2,1,2,0,0,1,0,4,2,4,22,0.315789474,16.13,4.1956,309.82,309.1158513,0
c1ncc(C)cc1[10*],TRUE,0,1,1,1,0,0,0,0,1,1,2,7,0.166666667,12.89,0.56462,92.121,92.05002419,0
[2*][C@H]1OCCCC1,TRUE,0,1,0,0,0,0,0,0,1,0,2,6,1,9.23,1.0623,85.126,85.06533991,1
C/C([13*])=N\NC(=O)c1ccccc1,TRUE,1,2,1,1,0,0,0,2,1,1,4,12,0.111111111,41.46,1.2991,161.184,161.0714879,0
[19*][C@H]1CC[C@H]([C@@]12C)[C@H]3[C@H](CC2=O)[C@]4(C)[C@H](CC3=O)CC(=O)CC4,TRUE,0,3,0,0,0,0,0,0,4,0,4,22,0.842105263,51.21,3.294,301.406,301.1803697,7
O[C@]1([16*])CC[C@H]([C@@]12C)[C@H]3[C@H](CC2)[C@@H]4C(C(=C3)C)=CC(=O)CC4,TRUE,1,2,1,0,0,0,0,0,4,0,3,21,0.736842105,37.3,3.5322,285.407,285.185455,6
C1[C@@]([20*])(C)Oc(n12)nc([N+]([O-])=O)c2,TRUE,0,5,1,1,2,0,0,1,2,1,7,12,0.5,70.19,0.4492,168.132,168.0409161,1
Cn1nccc1-c(cc2)ccc2[*],TRUE,0,2,1,2,0,0,0,1,2,2,3,12,0.1,17.82,1.2617,157.196,157.0765733,0
[9*]NC(=O)c1sc(Cl)c(c1)-c2c(Cl)cnn2C,TRUE,1,4,1,2,0,0,2,2,2,2,8,16,0.111111111,46.92,2.6495,275.14,273.9608632,0
c1cc([12*])ccc1-n2c(=O)n(C)c(c23)cnc4c3cc(cc4)-c(c5)cnc(c56)cccc6,TRUE,0,5,1,3,0,0,0,2,6,6,6,31,0.038461538,52.71,4.2672,401.449,401.1402362,0
[7*]c1cc(=O)[nH]c(c12)cccc2,TRUE,1,1,1,1,0,0,0,0,2,2,3,11,0,32.86,0.7027,144.153,144.0449388,0
c1c(C)c(Br)cc(c1O[12*])NC(=O)Nc2ncc(C)nc2,TRUE,2,4,1,2,0,0,1,3,2,2,8,20,0.153846154,76.14,3.34304,336.169,335.0143627,0
c1n[nH]c(c12)cccc2-c(nc(c34)cc(s3)[16*])nc4N5CCOCC5,TRUE,1,6,1,2,0,0,0,2,5,4,8,24,0.235294118,66.93,2.2458,336.4,336.0919061,0
[13*]N1C[C@@H](O)[C@H](N)CC1,TRUE,2,3,0,0,0,0,0,0,1,0,4,8,1,49.49,-1.1554,115.156,115.087138,2
c1ccc(OC)cc1Nc(ncn2)c(n23)c([13*])cc3,TRUE,1,5,1,2,0,0,0,3,3,3,6,18,0.076923077,51.45,1.6561,239.258,239.093286,0
C1COCCN1c2nc(N3CCOCC3)nc(c2)-c4c([27*])cc(N)nc4,TRUE,1,8,1,2,0,0,0,3,4,2,9,25,0.470588235,89.63,-0.0314,341.395,341.1725989,0
O=c1n(C[15*])c(=O)[nH]c(c12)cccc2,TRUE,1,3,1,1,0,0,0,1,2,2,5,13,0.111111111,54.86,0.1966,175.167,175.0507525,0
c1cc(O)c(OC)cc1/C=C/C(=O)[8*],TRUE,1,3,1,1,0,0,0,3,1,1,4,13,0.1,46.53,1.4899,177.179,177.0551691,0
C1[C@@H]([7*])COc(c12)cc(O)cc2,TRUE,1,2,1,1,0,0,0,0,2,1,3,11,0.333333333,29.46,1.6649,149.169,149.0602545,1
c1ccsc1-c2nnc(n23)c4c(CC3)c([17*])nn4C5CCCC5,TRUE,0,6,1,3,0,0,0,2,5,3,7,22,0.4375,48.53,2.7159,310.406,310.1126415,0
Clc(c1)ccc(OC)c1-c(n2C[18*])cc(=O)[nH]c2=S,TRUE,1,4,1,2,0,0,1,3,2,2,7,18,0.166666667,47.02,2.74169,281.744,281.0151512,0
c1cccc(c1[9*])NC(=O)/C=C/c2ccccc2,TRUE,1,1,1,2,0,0,0,3,2,2,3,17,0,29.1,2.5131,222.267,222.091889,0
O=C1O[C@@H](C)[C@H](C)/C=C\C(=O)[C@@H](O)[C@@H](O)C/C=C/c(c12)cc(N[26*])cc2O,TRUE,4,7,2,1,0,0,0,1,2,1,8,26,0.368421053,116.09,1.7138,360.386,360.1447124,4
c1cc(Br)cc(Cl)c1Nc(c(c2)C(=O)N[3*])c(F)c(c23)ncn3C,TRUE,2,4,1,2,0,0,3,3,3,3,9,23,0.066666667,58.95,4.066,396.627,394.9710539,0
[31*]c1onc(n1)-c2ccccc2,TRUE,0,3,1,2,0,0,0,1,2,2,4,11,0,38.92,0.9112,145.141,145.0401878,0
[27*]Cn1ncc(c1)-c(cnc2N)c(c23)scc3-c4ccc(cc4)NC(=O)Nc5cc(F)ccc5,TRUE,3,6,1,4,0,0,1,5,5,5,10,33,0.041666667,97.86,5.6989,457.514,457.1246834,0
[12*]Oc(c12)ccc(c1)Nc3nc(ccn3)c4cc(ccc4)COC\C=C\COC2,TRUE,1,6,1,3,0,0,0,1,4,3,7,28,0.181818182,65.5,4.3333,374.42,374.1504665,0
O=S1(=O)CCC([15*])CC1,TRUE,0,2,0,0,0,0,0,0,1,0,4,8,1,34.14,0.5328,133.192,133.0323255,0
O=C([17*])Nc1ccc(cc1)-c2ncon2,TRUE,1,4,1,2,0,0,0,2,2,2,6,14,0,68.02,1.8178,188.166,188.0460014,0
c1cccnc1NC(=O)c(cc2)ccc2-c(nc3[9*])c(n34)c(N)ncc4,TRUE,2,6,1,3,0,0,0,3,4,4,8,25,0,98.2,1.8004,329.343,329.115084,0
[8*]Cn1c([N+]([O-])=O)ncc1,TRUE,0,4,1,1,2,0,0,2,1,1,6,9,0.25,60.96,0.2981,126.095,126.0303514,0
c1cc(F)c(Br)cc1/N=C(\NO)c2nonc2N[14*],TRUE,3,6,1,2,0,0,2,3,2,2,10,18,0,95.57,1.9045,315.082,313.9688898,0
c1c(C)ccc(n2C[13*])c1c(c23)CN(C)CC3,TRUE,0,2,1,1,0,0,0,1,3,2,3,16,0.428571429,8.17,2.44442,213.304,213.1391735,0
c1nc(C)ccc1[13*],TRUE,0,1,1,1,0,0,0,0,1,1,2,7,0.166666667,12.89,0.56462,92.121,92.05002419,0
c1ccc(Cl)c(c12)sc(c2)C(=O)N[6*],TRUE,1,2,1,1,0,0,1,1,2,2,5,13,0,29.1,2.7488,210.665,209.9780375,0
Fc1cc(F)cc(F)c1C(=O)Nc(nc2C(=O)[8*])ccc2,TRUE,1,3,1,2,0,0,3,3,2,2,8,20,0,59.06,2.4407,279.197,279.0381371,0
[19*]c1c(C)cc(cc1)C(=O)N(CCCC2)c(c23)cccc3,TRUE,0,1,1,2,0,0,0,1,3,2,3,20,0.277777778,20.31,3.15272,264.348,264.1388392,0
O1CCOCCOCCOc(c2)c1cc(c23)ncnc3Nc4cc([27*])ccc4,TRUE,1,7,1,2,0,0,0,2,4,3,8,27,0.3,74.73,2.3524,366.397,366.1453811,0
O1CCN=C1N[5*],TRUE,1,3,1,0,0,0,0,0,1,0,4,6,0.666666667,33.62,-0.5735,85.086,85.04018778,0
Fc(c1)ccc(c12)NC(=O)C/2=C\c([nH]3)c(C)c(c34)C(=O)N([11*])CC4,TRUE,2,2,1,2,0,0,1,1,4,2,7,23,0.176470588,65.2,2.41752,310.308,310.0991799,0
C[C@@H]1C[C@@H](O)c(c12)ncnc2N3CCN(C(=O)[20*])CC3,TRUE,1,5,2,1,0,0,0,1,3,1,7,19,0.615384615,69.56,0.8085,261.305,261.1351508,2
C[C@H]1CO[C@@H](N12)Cn3c(C2=O)c(O)c(=O)c(c3)C(=O)N[22*],TRUE,2,6,1,1,0,0,0,1,3,1,9,20,0.416666667,100.87,-1.0514,278.244,278.0776955,2
C1COCCN1c2ccc(cc2)Nc3nc(ccn3)-c4ccc(cc4)C(=O)N[29*],TRUE,2,6,1,3,0,0,0,5,4,3,8,28,0.19047619,79.38,2.9179,374.424,374.1616999,0
c1cc(O[23*])ccc1Nc(ncc2F)nc2Nc3cc(ccc3)NC(=O)C=C,TRUE,3,6,1,3,0,0,1,7,3,3,9,27,0,88.17,4.0705,364.36,364.1209779,0
O=C([16*])Nc1ncc(cc1)C(=O)O,TRUE,2,3,1,1,0,0,0,2,1,1,6,12,0,79.29,0.861,165.128,165.030017,0
O1COc(c2)c1cc(OC3)c2[C@@]34c5c(N([17*])C4=O)cccc5,TRUE,0,4,2,2,0,0,0,0,5,2,6,21,0.1875,48,1.9047,280.259,280.0609828,1
Clc1ccc(OC)cc1Nc(c(n2)N[1*])nc(c23)cccc3,TRUE,2,5,1,2,0,0,1,4,3,3,7,21,0.066666667,59.07,3.9116,299.741,299.0699637,0
n1cc(Cl)cnc1N2CCC([4*])CC2,TRUE,0,3,1,1,0,0,1,1,2,1,5,13,0.555555556,29.02,2.068,196.661,196.06415,0
C[C@H]1COc(c2n13)c([7*])c(F)cc2c(=O)c(c3)C(=O)O,TRUE,1,4,1,1,0,0,1,1,3,2,7,19,0.230769231,68.53,0.9668,262.216,262.051561,1
s1ccc(c12)nc(C)nc2Nc(n[nH]3)c(c34)CN(C4(C)C)C(=O)N[18*],TRUE,3,6,2,2,0,0,0,2,4,3,10,24,0.333333333,98.83,2.69102,342.408,342.1137041,0
O=C([21*])N(C1)Cc(c12)[nH]nc2NC(=O)c(cc3)ccc3N4CCN(C)CC4,TRUE,2,5,2,2,0,0,0,3,4,2,9,26,0.388888889,84.57,1.3987,353.406,353.1725989,0
O[C@H]1C[C@@H](N([C@@H]12)C)C[C@H]([1*])C2,TRUE,1,2,0,0,0,0,0,0,2,0,3,10,1,23.47,0.5516,140.206,140.1075391,4
C=C1[C@@H](O)C[C@H](O)C\C1=C\C=C(CCC2)\[C@@H]([C@]23C)CC=C3[20*],TRUE,2,2,1,0,0,0,0,1,3,0,3,21,0.578947368,40.46,3.5543,285.407,285.185455,4
C1C[C@@H](O)C[C@@H]([C@@H](O)C2)[C@@]1(C)[C@@H](CC3)[C@@H]2[C@@H]([C@]34C)CC[C@@H]4[20*],TRUE,2,2,0,0,0,0,0,0,4,0,3,21,1,40.46,3.6986,291.455,291.2324052,9
C1O[C@]([11*])(O)[C@H](C)NC1(C)C,TRUE,2,3,0,0,0,0,0,0,1,0,4,10,1,41.49,-0.0313,144.194,144.1024537,2
CNC(=O)c(cc1)c(F)cc1-c(n2)cnc(n23)ncc3[8*],TRUE,1,5,1,2,0,0,1,2,3,3,8,20,0.076923077,72.18,0.4646,270.247,270.0791131,0
c1ccc(C(=O)N)c(c12)nn(c2)-c(cc3)ccc3[5*],TRUE,1,3,1,2,0,0,0,2,3,3,5,18,0,60.91,1.299,236.254,236.0823869,0
C1COCCN1c(c2)cc(C(=O)O)c(c23)nc(C)n3C[21*],TRUE,1,5,1,1,0,0,0,3,3,2,7,20,0.428571429,67.59,1.38632,274.3,274.1191664,0
c1nc(C)nn1-c(ncc2OC)c(c23)n(C[5*])cc3C(=O)C(=O)N4CCN(CC4)C(=O)c5ccccc5,TRUE,0,9,2,3,0,0,0,6,5,4,12,36,0.28,115.45,1.60812,486.512,486.1889772,0
N12[C@@H]3C[C@@H](CC3)O[C@@H]1Cn4c(C2=O)c(O)c(=O)c(c4)C(=O)N[25*],TRUE,2,6,1,1,0,0,0,1,4,1,9,22,0.5,100.87,-0.5188,304.282,304.0933455,3
[C@@H]12C(C)(C)[C@]([*])(C)[C@@H](C1)CC2,TRUE,0,0,0,0,0,0,0,0,2,0,1,10,1,0,3.1704,137.246,137.1330255,3
[9*]NC(N)=NC,TRUE,2,1,1,0,0,0,0,0,0,0,4,5,0.5,50.41,-1.0152,72.091,72.05617219,0
COC(=O)N(CC1)CCN1[13*],TRUE,0,3,1,0,0,0,0,0,1,0,5,10,0.833333333,32.78,-0.1653,143.166,143.0820526,0
c1ccc(c(F)c1[13*])NC(=O)Nc2ccc(C)nc2,TRUE,2,2,1,2,0,0,1,2,2,2,6,18,0.076923077,54.02,2.34772,244.249,244.0886152,0
c1oc(C)nc1[19*],TRUE,0,2,1,1,0,0,0,0,1,1,3,6,0.25,26.03,0.15762,82.082,82.02928875,0
c1cc(c2[11*])c3cc1C(=O)NS(=O)(=O)N(C)CCOCCN(C)C(=O)C(C4)=Cc(c5c2n34)cc(OC)cc5,TRUE,1,7,1,2,0,0,0,1,5,3,12,37,0.307692308,110.18,1.2835,523.591,523.1651306,0
C1C[C@@H]([14*])OCCn(c2)c(cccc3)c3c2C(C(=O)NC4=O)=C4c(c5)c(c6n15)cccc6,TRUE,1,5,1,2,0,0,0,0,6,4,7,31,0.2,65.26,3.4589,410.453,410.1504665,1
[8*]Nc1nc(ccn1)-c2cccnc2,TRUE,1,4,1,2,0,0,0,2,2,2,5,13,0,50.7,1.4148,171.183,171.0670712,0
[8*]c1ccc(cc1)C(=O)Nc2c(N)cccc2,TRUE,2,2,1,2,0,0,0,2,2,2,4,16,0,55.12,1.6957,211.244,211.087138,0
c1cc(O[10*])cc(c12)ncn2-c(n3)ccc(c34)cccc4N5CCC(N)CC5,TRUE,1,6,1,2,0,0,0,3,5,4,7,27,0.238095238,69.2,3.3443,358.425,358.1667853,0
C1OCC1([10*])C,TRUE,0,1,0,0,0,0,0,0,1,0,2,5,1,9.23,0.7445,71.099,71.04968984,0
c1cc(F)ccc1-n2c(C)c([16*])nc2C,TRUE,0,2,1,2,0,0,1,1,2,2,4,14,0.181818182,17.82,1.80284,189.213,189.0828015,0
[17*]c1cc(Cl)ncc1,TRUE,0,1,1,1,0,0,1,0,1,1,3,7,0,12.89,0.9096,112.539,111.9954018,0
c1ncc(n12)CC[C@@H]2[8*],TRUE,0,2,1,1,0,0,0,0,2,1,3,8,0.5,17.82,0.8772,107.136,107.0609232,1
[10*]Oc(c1)c(OC)cc(c12)c(ccn2)Oc(cc3)cc(c34)cccc4C(=O)NC,TRUE,1,5,1,2,0,0,0,5,4,4,7,28,0.090909091,69.68,4.3916,373.388,373.118832,0
OC1([24*])CCN(CC1)c(c2)c(F)cc(c23)c(=O)c(C(=O)O)cn3C4CC4,TRUE,2,5,1,1,0,0,1,3,4,2,8,25,0.444444444,82.77,2.0118,345.35,345.1250603,0
c1cccc(F)c1-c(n2)nc(c23)ccn(C[16*])c3,TRUE,0,3,1,2,0,0,1,2,3,1,5,17,0.076923077,30.71,2.6958,226.234,226.0780505,0
[12*]OC(=O)Nc1c(cccc1)-c2ccccc2,TRUE,1,2,1,2,0,0,0,2,2,2,4,16,0,38.33,3.3664,212.228,212.0711536,0
C1C[C@@H](O)C[C@H](CC2)[C@@]1(C)[C@@H](CC3)[C@@H]2[C@@H]([C@]34C)CC[C@@H]4[21*],TRUE,1,1,0,0,0,0,0,0,4,0,2,20,1,20.23,4.7278,275.456,275.2374906,8
c1ccoc1-c(n2)nc(n23)c4c(n(C[16*])nc4)nc3N,TRUE,1,8,1,2,0,0,0,2,4,4,9,19,0.090909091,100.06,0.823,254.233,254.0790329,0
c1c(C)[nH]c(c12)ccc(c2F)Oc(ncn3)c(n34)c(C)c(O[14*])c4,TRUE,1,5,1,2,0,0,1,3,4,4,8,23,0.125,64.44,3.60194,311.296,311.0944288,0
FC(F)(O1)Oc(c12)ccc(c2)Nc(nn3C[12*])nc3-c4ccncc4,TRUE,1,7,1,3,0,0,2,4,4,3,10,24,0.133333333,74.09,2.912,330.274,330.080256,0
c1cccc(NC(=O)[C@H]2[8*])c1c(c23)cccc3,TRUE,1,1,1,2,0,0,0,0,3,2,3,16,0.071428571,29.1,2.8961,208.24,208.0762389,1
c1cc(O)ccc1-c(cc2[30*])ccc2,TRUE,1,1,1,2,0,0,0,1,2,2,2,13,0,20.23,2.2338,169.203,169.0653399,0
O=S1(=O)CCN(CC1)C(=O)c2ccc(O[21*])nc2,TRUE,0,5,1,1,0,0,0,2,2,1,8,17,0.4,76.57,-0.2047,255.275,255.0439528,0
c1cc(F)ccc1-c(c2[21*])noc2C,TRUE,0,2,1,2,0,0,1,1,2,2,4,13,0.1,26.03,1.96372,176.17,176.0511671,0
n1c([21*])nc(n12)nc(C)cc2C,TRUE,0,4,1,1,0,0,0,0,2,2,5,11,0.285714286,43.08,-0.08426,147.161,147.0670712,0
[8*]NC(=O)c1cccc(c12)cc3c(n2)cccc3,TRUE,1,2,1,1,0,0,0,1,3,3,4,17,0,41.99,2.5821,221.239,221.0714879,0
c1cccc(Br)c1NC(=O)N[9*],TRUE,2,1,1,1,0,0,1,1,1,1,5,11,0,41.13,2.0349,214.042,212.9663499,0
c1c(C)[nH]c(c12)ccc(c2F)Oc(ccn3)c(c34)cc(OC)c(O[10*])c4,TRUE,1,4,1,2,0,0,1,4,4,4,7,25,0.105263158,56.37,4.80762,337.33,337.0988455,0
Clc1c(OC)cc(OC)c(Cl)c1NC(=O)N(C)c(c2)ncnc2Nc(cc3)ccc3N(CC4)CCN4[16*],TRUE,2,8,1,3,0,0,2,7,4,3,13,36,0.291666667,95.09,4.7988,531.424,530.1474181,0
ONC(=O)c(cn1)cnc1N([22*])C,TRUE,2,5,1,1,0,0,0,2,1,1,7,12,0.166666667,78.35,-0.5039,167.148,167.0569005,0
c1nc(OC)ccc1-c(nc(c23)cc(s2)[22*])nc3N4CCOCC4,TRUE,0,7,1,2,0,0,0,3,4,3,8,23,0.3125,60.37,1.7731,327.389,327.0915717,0
C[C@H]1Sc2c(C(=O)O)c(=O)c(c3n12)cc(F)c(c3)N4CCN([19*])CC4,TRUE,1,6,1,1,0,0,1,2,4,2,9,24,0.375,65.78,2.0493,348.379,348.0818156,1
[16*]c1c(F)cc(cc1)-c2ncon2,TRUE,0,3,1,2,0,0,1,1,2,2,5,12,0,38.92,1.0503,163.131,163.030766,0
c1c(C)c(N)c(C)cc1Oc(c2)ccc(c23)nc([15*])n3C,TRUE,1,4,1,2,0,0,0,2,3,3,5,20,0.1875,53.07,2.73924,266.324,266.1293371,0
C1CC([5*])CCN1C(=O)c2ccc(cc2)NC(=O)Nc(cc3)ccc3-c(n4)nc(N5CCOCC5)nc4N6CCOCC6,TRUE,2,9,1,3,0,0,0,6,6,3,13,42,0.433333333,125.05,3.4296,571.662,571.2781266,0
Nc1c(Br)c([8*])nc(n12)c(cn2)-c(c3)cnn3C,TRUE,1,6,1,2,0,0,1,1,3,3,8,17,0.1,74.03,0.6491,292.12,290.9993814,0
C1CSCCN1c(cc2)c(F)cc2N3C[C@H]([13*])OC3=O,TRUE,0,4,1,1,0,0,1,2,3,1,7,19,0.461538462,32.78,2.2109,281.332,281.0760019,1
O=C(C)N(CC1)CCN1c2cc(OC)c(cc2)Nc3nc(c([31*])cn3)Nc4cc(ccc4)NC(=O)C=C,TRUE,3,8,2,3,0,0,0,8,4,3,11,36,0.230769231,111.72,2.94,486.556,486.2253628,0
O=C([19*])NNc(c1F)nc(C)nc1N(CC2)C[C@H](N23)COCC3,TRUE,2,7,2,1,0,0,1,3,3,1,10,22,0.615384615,82.62,0.03072,309.325,309.147527,1
O1C(C)=N[C@]2([21*])[C@H]1C[C@H]([C@@]23C)[C@H]4[C@H]([C@@H](O)C3)[C@]5(C)C(CC4)=CC(=O)C=C5,TRUE,1,4,2,0,0,0,0,0,5,0,5,25,0.714285714,58.89,2.9378,340.443,340.1912687,8
Clc1ccc(c(O)c1[1*])NC(=O)Nc2c(C)c(F)ccc2,TRUE,3,2,1,2,0,0,2,2,2,2,7,20,0.071428571,61.36,3.31172,293.705,293.0493085,0
c1nc(N)ccc1[26*],TRUE,1,2,1,1,0,0,0,0,1,1,3,7,0,38.91,-0.1616,93.109,93.04527316,0
[17*]c1c(C)nc(C)cc1,TRUE,0,1,1,1,0,0,0,0,1,1,2,8,0.285714286,12.89,0.87304,106.148,106.0656743,0
[3*]NC(=O)c1c(Cl)cc(Cl)cc1,TRUE,1,1,1,1,0,0,2,1,1,1,5,11,0,29.1,2.1875,189.021,187.9669941,0
c1cc(Br)sc1[3*],TRUE,0,1,1,1,0,0,1,0,1,1,3,6,0,0,1.6852,162.031,160.9060582,0
[8*]N1CCN(CC1)c2cc(C)nn2-c3ccccc3,TRUE,0,4,1,2,0,0,0,2,3,2,5,18,0.357142857,24.3,1.76702,241.318,241.1453215,0
C1SCCN1C(=O)[10*],TRUE,0,2,1,0,0,0,0,0,1,0,4,7,0.75,20.31,0.662,116.165,116.0170098,0
[11*]Oc1c(C)nc(C)nc1,TRUE,0,3,1,1,0,0,0,1,1,1,4,9,0.333333333,35.01,0.93654,123.135,123.0558378,0
c1cc(F)cnc1NC(=O)[9*],TRUE,1,2,1,1,0,0,1,1,1,1,5,10,0,41.99,1.3019,139.109,139.030766,0
c1ccc(Cl)c(c12)c(=O)n(c([8*])c2)-c3ccccc3,TRUE,0,2,1,2,0,0,1,1,3,3,4,18,0,22,2.8187,254.696,254.0372666,0
C1COCCC1n2ncc(c23)c(=O)[nH]c(n3)[9*],TRUE,1,5,1,1,0,0,0,1,3,2,7,16,0.5,72.8,-0.3543,219.224,219.0882006,0
c1cc(F)cc(c12)[nH]cc2[8*],TRUE,1,0,1,1,0,0,1,0,2,2,3,10,0,15.79,1.4816,134.133,134.0406024,0
[10*]c1cc(Cl)c(c(Cl)c1)C(=O)c2ccc(Cl)cc2,TRUE,0,1,1,2,0,0,3,2,2,2,5,17,0,17.07,4.0524,284.549,282.9484229,0
O=C(N)c(c1N)nnn1C[11*],TRUE,2,5,1,1,0,0,0,2,1,1,7,10,0.25,99.82,-1.534,140.126,140.0572348,0
c1cc(Cl)cnc1O[14*],TRUE,0,2,1,1,0,0,1,1,1,1,4,8,0,22.12,1.5781,128.538,127.9903164,0
O=C1NC(=O)N[C@@]1([15*])C,TRUE,2,2,1,0,0,0,0,0,1,0,5,8,0.5,58.2,-0.9087,113.096,113.0351024,1
c1cc(F)c(Cl)cc1Nc2ncnc(c23)cc(OC)c(c3)NC(=O)\C=C\[14*],TRUE,2,5,1,2,0,0,2,5,3,3,9,26,0.055555556,76.14,4.176,371.779,371.0711066,0
[nH]1c([*])nc(c12)ccc(c2)-n3cccc3,TRUE,1,2,1,2,0,0,0,1,3,3,4,14,0,33.61,1.5282,182.206,182.0718223,0
Cc1c(OC)ccnc1[12*],TRUE,0,2,1,1,0,0,0,1,1,1,3,9,0.285714286,22.12,0.57322,122.147,122.0605889,0
[37*]Oc(c1)c(OC)cc(C2=O)c1N=C[C@@H](N23)CC(C3)=C,TRUE,0,4,1,1,0,0,0,2,3,1,6,19,0.285714286,51.13,2.0249,257.269,257.0926173,1
O[C@]1(C)[C@H](O)[C@@H]([21*])O[C@H]1n2cnc(c23)c(OC)nc(n3)N,TRUE,3,9,1,1,0,0,0,2,3,2,10,20,0.545454545,128.54,-1.0668,280.264,280.1045789,4
c1cc(Br)cc(F)c1Nc(c(c2)C(=O)N[3*])c(F)c(c23)ncn3C,TRUE,2,4,1,2,0,0,3,3,3,3,9,23,0.066666667,58.95,3.5517,380.172,379.0006045,0
C1OC(=O)c(c12)ccc([14*])c2C,TRUE,0,2,1,1,0,0,0,0,2,1,3,11,0.222222222,26.3,0.84002,147.153,147.0446045,0
[10*]NC(=O)c1oc(Cl)c(c1)-c2c(Cl)cnn2C,TRUE,1,4,1,2,0,0,2,2,2,2,8,16,0.111111111,60.06,2.181,259.072,257.9837068,0
c1cc(I)cc(F)c1Nc2c(C(=O)N[2*])ccc(n23)cnc3,TRUE,2,4,1,2,0,0,2,3,3,3,8,21,0,58.43,3.0157,395.155,394.9805121,0
O=C1NCCCN1[10*],TRUE,1,1,1,0,0,0,0,0,1,0,4,7,0.75,32.34,-0.134,99.113,99.05583784,0
O=S(=O)(C)n(c1)nc(c12)CN([10*])C2,TRUE,0,5,1,1,0,0,0,1,2,1,7,12,0.5,55.2,-0.5293,186.216,186.0337225,0
O=c1[nH]c(=O)c(/C=C/Br)cn1[C@@H]2O[C@H]([13*])[C@@H](O)[C@@H]2O,TRUE,3,6,1,1,0,0,1,2,2,1,9,18,0.4,104.55,-0.9718,318.103,316.9773085,4
c1c(C)c(O[23*])c(C)cc1-c([nH]2)nc(=O)c(c23)c(OC)cc(c3)OC,TRUE,1,5,1,2,0,0,0,4,3,3,7,24,0.222222222,73.44,3.06724,325.344,325.118832,0
CC(C)n1c(C)nc(c12)c(F)cc(c2)-c3nc(ncc3F)Nc(nc4)ccc4[14*],TRUE,1,6,1,3,0,0,2,4,4,4,9,28,0.2,68.52,3.97402,379.394,379.148276,0
c1cc(Cl)cc(C2)c1OC23CCN([19*])CC3,TRUE,0,2,1,1,0,0,1,0,3,1,4,15,0.5,12.47,2.5738,222.695,222.0685667,0
[*]/C=C/c1c(OC)cc(OC)cc1OC,TRUE,0,3,1,1,0,0,0,4,1,1,4,14,0.272727273,27.69,2.2324,193.222,193.0864693,0
Fc1cc(F)cc(c12)CC[C@H]([3*])C2,TRUE,0,0,1,1,0,0,2,0,2,1,3,12,0.4,0,2.7913,167.178,167.0672317,1
COc(c1)c(OC)c(OC)cc1Nc(ncc2F)nc2Nc(n3)ccc(c34)OC(C)(C)C(=O)N4[23*],TRUE,2,10,1,3,0,0,1,7,4,3,13,34,0.272727273,119.96,3.492,469.453,469.163571,0
c1ccnnc1NC(=O)N2CCC(CC2)=Cc3cc(ccc3)Oc4ncc([32*])cc4,TRUE,1,5,2,3,0,0,0,4,4,3,8,29,0.181818182,80.24,3.5498,386.435,386.1616999,0
OC(=O)\C=C\c(cc1)ccc1[4*],TRUE,1,1,1,1,0,0,0,2,1,1,3,11,0,37.3,0.959,147.153,147.0446045,0
[C@H]12[C@H](C1)[C@H]3[C@H]4[C@@H]([C@@H]2C=C3)C(=O)N(C4=O)NC(=O)c5ccc([26*])cc5,TRUE,1,3,2,1,0,0,0,2,6,1,6,23,0.388888889,66.48,0.5591,307.329,307.1082673,6
[10*]Oc(c1)ccc(c12)cc(OC)cc2,TRUE,0,2,1,1,0,0,0,2,2,2,3,13,0.090909091,18.46,2.6915,173.191,173.0602545,0
O1[C@H]2[C@H](O3)[C@@]3([17*])[C@@H](O)[C@@]4([C@@]125)[C@@H](O4)C[C@@H]6[C@]5(C)CCC7=C6COC7=O,TRUE,1,6,1,0,0,0,0,0,7,0,7,23,0.823529412,84.12,-0.0461,317.317,317.1025133,9
[7*]Nc1ccc(cc1)Nc2ccncc2,TRUE,2,3,1,2,0,0,0,3,2,2,4,14,0,36.95,2.7014,184.222,184.0874723,0
[10*]OC(=O)/C=C/c1cc(O)c(O)cc1,TRUE,2,4,1,1,0,0,0,2,1,1,5,13,0,66.76,1.1185,179.151,179.0344337,0
C=CC(=O)N1C[C@H]([*])CC1,TRUE,0,1,1,0,0,0,0,1,1,0,3,9,0.571428571,20.31,0.7425,124.163,124.0762389,1
[14*]Nc1cccc(c12)nc(C)cc2,TRUE,1,2,1,1,0,0,0,1,2,2,3,12,0.1,24.92,2.41942,157.196,157.0765733,0
[8*]c1cc(F)cc(c12)CCO2,TRUE,0,1,1,1,0,0,1,0,2,1,3,10,0.25,9.23,0.9352,137.133,137.040268,0
[9*]NC(=O)c(c1)sc(c12)cc(C)cc2,TRUE,1,2,1,1,0,0,0,1,2,2,4,13,0.1,29.1,2.40382,190.247,190.0326599,0
[23*]Oc1c(F)ccc(F)c1,TRUE,0,1,1,1,0,0,2,1,1,1,4,9,0,9.23,1.8079,129.085,129.0151962,0
Clc(c1)cc(Cl)cc1-c(nn2[C@H]([11*])C)cc2-c(c3)ccc(c34)cc(OC)cc4,TRUE,0,3,1,3,0,0,2,4,4,4,6,27,0.136363636,27.05,6.7535,396.297,395.0717935,1
Oc1cc(O)c(cc1[7*])-c(n[nH]c2=O)n2-c(cc3)cc(c34)ccn4C,TRUE,3,6,1,3,0,0,0,2,4,4,8,24,0.058823529,96.07,1.3051,321.316,321.0987653,0
C[C@@H]([10*])n1nnc(c12)ncc(n2)-c(c3)cnn3C,TRUE,0,7,1,2,0,0,0,2,3,3,8,17,0.3,74.31,0.6896,228.239,228.0997683,1
c1cnc(n12)ccc([9*])c2,TRUE,0,2,1,1,0,0,0,0,2,2,3,9,0,17.3,0.5089,117.131,117.0452732,0
c1ccc(Cl)c(c1O[14*])-c2n[nH]nn2,TRUE,1,4,1,2,0,0,1,2,2,2,7,13,0,63.69,1.3632,195.589,195.0073634,0
[10*][C@@H]1OC(=O)NC1=O,TRUE,1,3,1,0,0,0,0,0,1,0,5,7,0.333333333,55.4,-0.8718,100.053,100.0034679,1
c1cccc(o2)c1c(CC3)c2[C@@H](N34)[C@]([10*])(C)CCC4,TRUE,0,2,1,1,0,0,0,0,4,2,3,18,0.5,16.38,3.8537,240.326,240.1388392,2
COc1cc(O[23*])cc(c12)oc(cc2=O)-c3cc(OC)c(OC)cc3,TRUE,0,6,1,2,0,0,0,5,3,3,7,24,0.166666667,67.13,3.3289,327.312,327.0868632,0
[O-][N+](=O)C1([N+]([O-])=O)CN(C1)C(=O)[13*],TRUE,0,5,3,0,4,0,0,2,1,0,9,12,0.75,106.59,-0.779,174.092,174.0150952,0
c1cnc(N)c(Cl)c1Oc(cc2)c(F)cc2NC(=O)c(c(O[23*])cc3)c(=O)n3-c4ccc(F)cc4,TRUE,2,7,1,4,0,0,3,6,4,4,12,34,0,108.47,4.634,483.838,483.067164,0
C1C[C@@]([9*])(O)c(n12)cnc2,TRUE,1,3,1,1,0,0,0,0,2,1,4,9,0.5,38.05,-0.0188,123.135,123.0558378,1
CNC(=O)c(cc1)cc(c12)ccc([5*])c2,TRUE,1,1,1,1,0,0,0,1,2,2,3,14,0.083333333,29.1,1.374,184.218,184.0762389,0
O=C(N)Nc(cc1N[*])c(OC)cc1,TRUE,3,3,1,1,0,0,0,3,1,1,6,13,0.125,76.38,1.062,180.187,180.0773016,0
c1cccc(c12)NC(=O)C/2=C\c(c(c3[9*])C)[nH]c3C,TRUE,2,1,1,2,0,0,0,1,3,2,4,18,0.133333333,44.89,2.29884,237.282,237.102788,0
c1cc(Cl)cc(c12)ncn(c2=O)[C@@H]([10*])C,TRUE,0,3,1,1,0,0,1,1,2,2,5,14,0.2,34.89,2.1177,207.64,207.0325156,1
[16*]c1scc(n1)C(=O)c2ccc(F)cc2,TRUE,0,3,1,2,0,0,1,2,2,2,5,14,0,29.96,1.6878,206.221,206.007588,0
c1cccc(OC)c1N(CC2)CCN2[9*],TRUE,0,3,1,1,0,0,0,2,2,1,4,14,0.454545455,15.71,1.2815,191.254,191.1184381,0
c1cc(Cl)cc(c1[13*])-n2nc(C)cc2,TRUE,0,2,1,2,0,0,1,1,2,2,4,13,0.1,17.82,2.00872,191.641,191.0376009,0
CC([28*])(C)n1ncc(c1)-c(cc2)cc(OCC3)c2c(n34)nc(c4)-c5nc(C)nn5C(C)C,TRUE,0,8,1,4,0,0,0,4,5,4,9,31,0.391304348,75.58,4.19572,416.509,416.2198835,0
CC1(C)CCCC(C)=C1/C=C/C(C)=C\C=C\C(=C\[21*])C,TRUE,0,0,1,0,0,0,0,4,1,0,1,19,0.473684211,0,6.0248,255.425,255.2112759,0
OC1([18*])CCCCCC1,TRUE,1,1,0,0,0,0,0,0,1,0,2,8,1,20.23,1.5785,113.18,113.09664,0
c1cc(Cl)c(Cl)c(F)c1Nc2ncnc(c23)cc(OC)c(O[10*])c3,TRUE,1,5,1,2,0,0,3,4,3,3,9,23,0.066666667,56.27,4.671,353.16,352.0055851,0
C=CC(=O)N1CCC([3*])CC1,TRUE,0,1,1,0,0,0,0,1,1,0,3,10,0.625,20.31,1.1326,138.19,138.091889,0
[11*]OC(=O)c1cc(O)c(O)c(O)c1,TRUE,3,5,1,1,0,0,0,1,1,1,6,12,0,86.99,0.4245,169.112,169.0136983,0
ClC(Cl)([4*])C,TRUE,0,0,0,0,0,0,2,0,0,0,3,4,1,0,1.687,97.952,96.96118046,0
[13*]NC(=O)c1nc(C(=O)O)c(cc1)-c2c(cc(C=C)c(c2)OC)C(=O)Nc3ccc(cc3)C(\N)=N\[H],TRUE,5,6,1,3,0,0,0,8,3,3,11,34,0.041666667,167.49,2.82887,458.454,458.1464437,0
[14*]N1CCN(CC1)C(=O)/C=C/c2cc(OC)c(OC)c(c2)OC,TRUE,0,5,1,1,0,0,0,5,2,1,7,22,0.4375,51.24,1.3341,305.354,305.1501322,0
O=c1n(C[10*])c(=O)sn1-c2cccc(c23)cccc3,TRUE,0,5,1,2,0,0,0,2,3,3,6,18,0.076923077,44,1.7207,257.294,257.0384735,0
Fc(c1)ccc(C(=O)N(C2)C)c1[C@@H](C)Oc(c(N)nc3)cc3c(c24)c([29*])n(n4)C,TRUE,1,6,2,3,0,0,1,0,4,3,9,28,0.25,86.27,2.1036,380.403,380.1522781,1
O=c1cnc2ccc(=O)n(c2n13)C[C@H]3[10*],TRUE,0,5,1,1,0,0,0,0,3,2,6,14,0.222222222,56.89,-0.3803,188.166,188.0460014,1
C1CCOc(c12)cnc([21*])c2,TRUE,0,2,1,1,0,0,0,0,2,1,3,10,0.375,22.12,0.5812,134.158,134.0605889,0
Clc1ccc(c(O)c1[2*])NC(=O)Nc2c(Cl)c(F)ccc2,TRUE,3,2,1,2,0,0,3,2,2,2,8,20,0,61.36,3.6567,314.123,312.9946861,0
c1c([*])cc(C)c(c12)ncc(C(=O)N)c2Nc3cc(OC)ccc3,TRUE,2,4,1,2,0,0,0,4,3,3,6,23,0.111111111,77.24,2.56892,306.345,306.1242518,0
CN(C)C(=O)c(cc1[*])ccc1,TRUE,0,1,1,1,0,0,0,1,1,1,3,11,0.222222222,20.31,0.563,148.185,148.0762389,0
Fc1cccc(F)c1-n(c(=O)cc2)c(c23)nc(N[13*])nc3-c4c(C)cc(F)cc4,TRUE,1,5,1,3,0,0,3,3,4,4,9,28,0.05,59.81,4.04962,381.337,381.0963207,0
c1[nH]c(=S)[nH]c1[3*],TRUE,2,1,1,1,0,0,0,0,1,1,4,6,0,31.58,0.24689,99.138,99.0016941,0
COc(c1)cc(OC)cc1N([8*])c(c2)ccc(c23)ncc(n3)-c(c4)cnn4C,TRUE,0,7,1,3,0,0,0,5,4,4,8,27,0.15,65.3,3.6499,360.397,360.1460498,0
O=C1CCCC/C1=C\c2ccc([12*])cc2,TRUE,0,1,1,1,0,0,0,1,2,1,2,14,0.307692308,17.07,2.3877,185.246,185.09664,0
c1cc(F)cnc1O[12*],TRUE,0,2,1,1,0,0,1,1,1,1,4,8,0,22.12,1.0638,112.083,112.0198669,0
C1[C@H]([12*])CC[C@@H](C)N1C(=O)c2c(ccc(c2)C)-c3ncccn3,TRUE,0,3,1,2,0,0,0,2,3,2,5,22,0.388888889,46.09,3.41432,294.378,294.1606373,2
[2H]C([2H])([2H])[1*],TRUE,0,0,0,0,0,0,0,0,0,0,1,1,1,0,0.5838,18.05330533,18.04230533,0
[5*]Oc1c(C)c(C)c(O)c(c1)C,TRUE,1,2,1,1,0,0,0,1,1,1,3,11,0.333333333,29.46,2.16056,151.185,151.0759046,0
C1C[C@H](N)CN1c(c(c2)C)nc(n23)cc(n3)[12*],TRUE,1,5,1,1,0,0,0,1,3,2,6,16,0.454545455,59.45,-0.25028,216.268,216.1249204,1
[7*]Cn1c([N+]([O-])=O)cnc1,TRUE,0,4,1,1,2,0,0,2,1,1,6,9,0.25,60.96,0.2981,126.095,126.0303514,0
c1nc(N)ncc1-c(nc(c23)c(c(s2)[16*])C)nc3N4CCOCC4,TRUE,1,8,1,2,0,0,0,2,4,3,9,23,0.333333333,90.05,1.05012,327.393,327.1028051,0
c1ccc(Cl)c(F)c1Nc2ncnc(c23)cc(OC)c(O[10*])c3,TRUE,1,5,1,2,0,0,2,4,3,3,8,22,0.066666667,56.27,4.0176,318.715,318.0445575,0
CC1(C)CC(=O)N([11*])C(=O)C1,TRUE,0,2,1,0,0,0,0,0,1,0,4,10,0.714285714,37.38,0.6259,140.162,140.0711536,0
n1c2cc(F)c(C)c(CC[C@@H]3N)c2c3c(C4)c1c(n45)cc6c(c5=O)COC(=O)[C@@]6([26*])O,TRUE,2,7,2,2,0,0,1,0,6,3,9,30,0.318181818,107.44,1.56992,406.393,406.1203092,2
[10*]c1csc(n12)nc(c2)-c3c(cccc3)NC(=O)c4sc(nc4C)-c5cccnc5,TRUE,1,7,1,4,0,0,0,4,5,5,9,29,0.047619048,72.18,4.31662,416.511,416.0639771,0
C1N([3*])CCN(C)C1(C)C,TRUE,0,2,0,0,0,0,0,0,1,0,3,9,1,6.48,0.4767,127.211,127.1235235,0
Oc1cc([15*])cc(OC2(C)C)c1[C@@H]([C@H]23)CC(=CC3)C(=O)O,TRUE,2,3,2,1,0,0,0,1,3,1,5,20,0.4375,66.76,2.2424,273.308,273.112684,2
ClN(Cl)[7*],TRUE,0,1,0,0,0,0,2,0,0,0,4,3,0,3.24,1.0603,84.913,83.94077936,0
n12c3c(c([5*])c1)cccc3CCC2,TRUE,0,1,1,1,0,0,0,0,3,2,2,12,0.272727273,4.93,1.7621,156.208,156.0813243,0
O=C(N)c(cc1)cc(C)c1-n2c([10*])ccc2-c3ccc(cc3)-n4ccnc4,TRUE,1,4,1,4,0,0,0,4,4,4,6,26,0.047619048,65.84,2.91192,341.394,341.1402362,0
COc(c1)ccc(OC)c1-c2cccc(c23)c(N)c(nn3)C(=O)N[18*],TRUE,2,6,1,2,0,0,0,4,3,3,8,24,0.117647059,99.36,2.0903,323.332,323.1144153,0
OC(=O)c1c(O)c([18*])nc2c1ccc(c23)CCCC3,TRUE,2,3,1,1,0,0,0,1,3,2,5,18,0.285714286,70.42,1.692,242.254,242.0817182,0
NC1([14*])CCN(CC1)c2ncnc(c23)[nH]cc3,TRUE,2,4,1,1,0,0,0,1,3,2,6,16,0.454545455,70.83,0.7624,216.268,216.1249204,0
[16*]c1cc(Cl)cc(c12)cccc2,TRUE,0,0,1,1,0,0,1,0,2,2,2,11,0,0,2.6678,161.611,161.0158029,0
O=C([11*])N([C@@H]12)[C@H](CC1)CN(C2)C,TRUE,0,2,1,0,0,0,0,0,2,0,4,11,0.875,23.55,0.4341,153.205,153.102788,2
[20*]NC(=O)N1CCC(CC1)n2c(=O)[nH]c(c23)nccc3,TRUE,2,4,2,1,0,0,0,1,3,2,8,19,0.416666667,83.02,0.5354,260.277,260.1147497,0
O=C([15*])N1CCCN(CC1)c(n2)nc(N)c(c23)cc(OC)c(c3)OC,TRUE,1,7,2,1,0,0,0,3,3,2,9,24,0.4375,93.81,1.4106,330.368,330.1566145,0
O=CNc(c1=O)coc(c12)cc(N[*])c(c2)Oc3ccccc3,TRUE,2,5,1,2,0,0,0,5,3,3,7,22,0,80.57,3.0298,295.274,295.0718818,0
CCn1ncnc1[18*],TRUE,0,3,1,1,0,0,0,1,1,1,4,7,0.5,30.71,-0.5274,96.113,96.05617219,0
c1cc(I)cc(F)c1Nc2c(F)c(=O)n(C)c(c23)ncn(C[14*])c3=O,TRUE,1,6,1,2,0,0,3,3,3,3,10,24,0.133333333,68.92,2.2284,443.171,442.981655,0
O=C(N)Nc1cc(sc1C(=O)N[8*])-c2cc(F)ccc2,TRUE,3,3,1,2,0,0,1,3,2,2,8,19,0,84.22,2.2389,278.288,278.0399507,0
C1NC[C@H](C2)c(c3[C@@H]12)ccc([15*])c3,TRUE,1,1,1,1,0,0,0,0,3,1,2,12,0.454545455,12.03,1.0353,158.224,158.0969744,2
[nH]1c([3*])nc(c12)cc(c(Cl)c2)Oc3c(Cl)c(Cl)ccc3,TRUE,1,2,1,2,0,0,3,2,3,3,7,19,0,37.91,4.49,312.563,310.9545709,0
[21*]c1[nH]nc(c1)NC(=O)c(cc2)ccc2N3C[C@@H](C)N[C@H](C3)C,TRUE,3,4,1,2,0,0,0,3,3,2,7,22,0.375,73.05,1.0232,298.37,298.1667853,2
O1[C@H]2[C@H](O3)[C@@]3([18*])[C@@H](O)[C@@]4([C@@]125)[C@@H](O4)C[C@]6(O)[C@]5(C)CCC7=C6COC7=O,TRUE,2,7,1,0,0,0,0,0,7,0,8,24,0.823529412,104.35,-0.9312,333.316,333.0974279,9
c1cc(F)cc(Cl)c1\C([9*])=C(\c(c2)ccc(c23)[nH]nc3)c4ccc(cc4)/C=C/C(=O)O,TRUE,2,2,1,3,0,0,2,5,4,4,7,30,0,65.98,5.9191,417.847,417.0806086,0
c1cc(O)ccc1Nc(c2N[*])nccc2,TRUE,3,4,1,2,0,0,0,3,2,2,5,15,0,57.18,2.407,200.221,200.0823869,0
c1ccc(Cl)cc1-c2cc(O)c(nc2)C(=O)N[19*],TRUE,2,3,1,2,0,0,1,2,2,2,6,17,0,62.22,2.3017,247.661,247.0274302,0
C1CC([13*])CCN1C(=O)C(=O)Nc(c2)ccc(c23)[nH]c(o3)=O,TRUE,2,4,1,1,0,0,0,1,3,2,8,21,0.357142857,95.41,1.0198,288.283,288.0984309,0
Brc(c1)cc(Br)c(c12)OCC[C@H]2[5*],TRUE,0,1,1,1,0,0,2,0,2,1,4,12,0.333333333,9.23,3.5845,290.962,288.886364,1
c1csc(c12)c(=O)cc(N[16*])[nH]2,TRUE,2,3,1,1,0,0,0,1,2,2,5,11,0,44.89,1.4658,165.197,165.0122588,0
COc(c1)ccc(c12)[nH]c(c2)C(=O)N(CC3)CCN3c4ncccc4N[23*],TRUE,2,5,2,2,0,0,0,4,4,3,8,26,0.263157895,73.49,2.4101,350.402,350.1616999,0
[O-][N+](=O)c1cnc([8*])n1C,TRUE,0,4,1,1,2,0,0,1,1,1,6,9,0.25,60.96,-0.4971,126.095,126.0303514,0
COc(c1)c(OC)cc(CC2)c1[C@@H](N23)C[C@H](N)[C@@H]([5*])C3,TRUE,1,4,1,1,0,0,0,2,3,1,5,19,0.6,47.72,1.6718,261.345,261.1603029,3
c1cc(Cl)cnc1[28*],TRUE,0,1,1,1,0,0,1,0,1,1,3,7,0,12.89,0.9096,112.539,111.9954018,0
[10*]c1n[nH]nc1,TRUE,1,2,1,1,0,0,0,0,1,1,4,5,0,41.57,-1.0207,68.059,68.02487206,0
[C@H]12NC(=O)[C@@H](C)NC(=O)C[C@H](OC(=O)C[C@H](O)[C@@H]([12*])NC1=O)/C=C/CCSSC2,TRUE,4,8,4,0,0,0,0,0,2,0,12,28,0.647058824,133.83,-0.6247,430.528,430.1106525,5
c1cc(F)ccc1-n2ncc(c23)cc(O[10*])cc3,TRUE,0,3,1,2,0,0,1,2,3,3,5,17,0,27.05,3.0077,227.218,227.0620661,0
O=S1(=O)N(C)C(N)=N[C@]([13*])(C1)C,TRUE,1,4,1,0,0,0,0,0,1,0,7,11,0.8,75.76,-1.1582,176.221,176.0493726,1
Fc1ccc(cc1[11*])NC(=O)c2ncc(F)cc2,TRUE,1,2,1,2,0,0,2,2,2,2,6,17,0,41.99,1.7867,233.197,233.0526443,0
[10*]NC(=O)c1occc(=O)c1,TRUE,1,3,1,1,0,0,0,1,1,1,5,10,0,59.31,-0.1661,138.102,138.019118,0
c1cc(O)ccc1-c(co2)c(=O)c(c23)ccc(O)c3[11*],TRUE,2,4,1,2,0,0,0,1,3,3,5,19,0,70.67,2.0458,253.233,253.0500838,0
[8*][C@H]1OCCN(C)Cc(c12)cccc2,TRUE,0,2,1,1,0,0,0,0,2,1,3,13,0.454545455,12.47,1.6965,176.239,176.1075391,1
COC(=O)N1CCC([26*])CC1,TRUE,0,2,1,0,0,0,0,0,1,0,4,10,0.857142857,29.54,1.1864,142.178,142.0868036,0
c1cc([13*])nc(c12)NCCC2,TRUE,1,2,1,1,0,0,0,0,2,1,3,10,0.375,24.92,0.6143,133.174,133.0765733,0
[5*]c1oc(C=O)cc1,TRUE,0,2,1,1,0,0,0,1,1,1,3,7,0,30.21,0.2667,95.077,95.01330434,0
O=c1[nH]nc([12*])n1C,TRUE,1,3,1,1,0,0,0,0,1,1,5,7,0.333333333,50.68,-1.717,98.085,98.03543675,0
c1nc(C)ccc1Oc(cc2)c(C)cc2Nc3ncnc(c34)ccc(c4)/C=C/[25*],TRUE,1,5,1,3,0,0,0,5,4,4,6,28,0.086956522,59.93,5.69754,367.432,367.1558862,0
[9*][C@@H]1CC[C@@H](N)c(c12)cccc2,TRUE,1,1,1,1,0,0,0,0,2,1,2,11,0.4,26.02,2.0706,146.213,146.0969744,2
C1C[C@@H](O)C[C@@H](CC2)[C@@]1(C)[C@@H](CC3)[C@@H]2[C@@H]([C@]34C)CC[C@@H]4[21*],TRUE,1,1,0,0,0,0,0,0,4,0,2,20,1,20.23,4.7278,275.456,275.2374906,8
[11*]NC(=O)Nc1cc(C(=O)O)ccc1,TRUE,3,2,1,1,0,0,0,2,1,1,6,13,0,78.43,0.9706,179.155,179.0456671,0
[4*]NC(=O)c1ccc(cc1)NC(=O)C,TRUE,2,2,1,1,0,0,0,2,1,1,5,13,0.111111111,58.2,0.8391,177.183,177.0664025,0
O=C([7*])Oc1c(OC)cc(C)cc1OC,TRUE,0,4,1,1,0,0,0,3,1,1,5,14,0.3,44.76,2.06032,195.194,195.0657338,0
C1OCCN[C@@H]1[15*],TRUE,1,2,0,0,0,0,0,0,1,0,3,6,1,21.26,-0.5184,86.114,86.06058888,1
Brc(c1)c(O)c(Br)cc1C(=O)c2c([9*])oc(c23)cccc3,TRUE,1,3,1,2,0,0,2,2,3,3,6,20,0,50.44,4.069,395.026,392.8761933,0
CC1(C)C(C1[26*])(C)C,TRUE,0,0,0,0,0,0,0,0,1,0,1,7,1,0,2.3902,97.181,97.10172542,0
c1nc(C)cn1-c2cc(cc([26*])c2)NC(=O)c3cc(c(C)cc3)Nc4nc(ccn4)-c5nccnc5,TRUE,2,8,1,5,0,0,0,6,5,5,10,35,0.076923077,110.51,3.90664,461.509,461.1838323,0
c1cc(Cl)cc(F)c1[11*],TRUE,0,0,1,1,0,0,2,0,1,1,3,8,0,0,1.6537,129.541,128.990731,0
O=C([14*])Nc1c(OC)cc(cc1)C(=O)O,TRUE,2,3,1,1,0,0,0,3,1,1,6,14,0.111111111,75.63,1.4746,194.166,194.0453327,0
O[C@H]1C(OC)=C(OC)C(=O)[C@@H]([C@H]1[7*])C,TRUE,1,4,1,0,0,0,0,2,1,0,5,13,0.666666667,55.76,0.4083,185.199,185.0813839,3
c1occc1[21*],TRUE,0,1,1,1,0,0,0,0,1,1,2,5,0,13.14,0.4542,67.067,67.01838972,0
C1CNC(=O)c2cc(F)cc(c2c13)[nH]c3-c4ccc([22*])cc4,TRUE,2,1,1,2,0,0,1,1,4,3,5,21,0.117647059,44.89,2.4345,279.294,279.0933662,0
O=C([18*])Nc1sc(-c2occn2)nc1-c3ccccc3,TRUE,1,5,1,3,0,0,0,3,3,3,7,19,0,68.02,3.5463,270.293,270.0337225,0
ClS(=O)(=O)[6*],TRUE,0,2,0,0,0,0,1,0,0,0,5,4,0,34.14,0.0193,99.518,98.93075292,0
O=C(N)c(cc1)cc(F)c1Oc(cc2)ccc2[10*],TRUE,1,2,1,2,0,0,1,3,2,2,5,17,0,52.32,1.8915,230.218,230.0617317,0
[19*]Oc1ccc(cc1)-n2nnnc2,TRUE,0,5,1,2,0,0,0,2,2,2,6,12,0,52.83,0.5054,161.144,161.0463358,0
[5*]c1c(C)c(N)ccc1,TRUE,1,1,1,1,0,0,0,0,1,1,2,8,0.142857143,26.02,0.75182,106.148,106.0656743,0
C1C[C@H](O)C[C@@H](CC2)[C@@]1(C)[C@H]([C@@H]2[C@]34O)CC[C@]3(C)[C@]([23*])(O)CC4,TRUE,3,3,0,0,0,0,0,0,4,0,4,22,1,60.69,2.7428,307.454,307.2273199,8
[17*]NC(=O)Nc1cc(NC)ccc1,TRUE,3,2,1,1,0,0,0,2,1,1,5,12,0.125,53.16,1.3141,164.188,164.0823869,0
c1cc(Cl)cc2c1oc(c23)c(=O)nc([6*])[nH]3,TRUE,1,3,1,1,0,0,1,0,3,3,6,15,0,58.89,1.4973,219.607,218.99613,0
n1c(N)nc(Cl)c(c12)ncn2C[9*],TRUE,1,5,1,1,0,0,1,1,2,2,7,12,0.166666667,69.62,0.5687,182.594,182.0233478,0
[6*]N1CCC(=CC1)c2ncccc2,TRUE,0,2,1,1,0,0,0,1,2,1,3,12,0.3,16.13,1.635,159.212,159.0922234,0
O=C1N([14*])C(Cl)=COc(c12)cccc2,TRUE,0,2,1,1,0,0,1,0,2,1,5,13,0,29.54,2.0232,194.597,194.0008811,0
O=c1c(=O)c(c12)NCCCN2[11*],TRUE,1,4,1,1,0,0,0,0,2,1,5,11,0.428571429,49.41,-0.6311,151.145,151.0507525,0
c1ncncc1-c(cc2[8*])ccc2,TRUE,0,2,1,2,0,0,0,1,2,2,3,12,0,25.78,1.3182,155.18,155.0609232,0
[12*]NC(=O)c1cnc(nc1)N(c2ccccc2)c3ccccc3,TRUE,1,4,1,3,0,0,0,4,3,3,6,22,0,58.12,3.1405,289.318,289.108936,0
O=C([17*])Nc1snnc1-c2ccccc2,TRUE,1,4,1,2,0,0,0,2,2,2,6,14,0,54.88,2.2863,204.234,204.0231578,0
ONC(=O)c(cn1)cnc1N(CC2)CCN2[*],TRUE,2,6,1,1,0,0,0,2,2,1,8,16,0.444444444,81.59,-0.8181,222.228,222.0990996,0
O=c1nc(N)c(Cl)cn1[C@H](O[C@@H]2[12*])C[C@@H]2O,TRUE,2,6,1,1,0,0,1,1,2,1,8,15,0.5,90.37,-0.3659,230.631,230.0332438,3
O[C@]1([16*])C(=O)OCc(c2=O)c1cc(n23)c4c(C3)cc5c(n4)ccc(O)c5,TRUE,2,7,2,2,0,0,0,0,5,3,8,25,0.166666667,101.65,0.882,335.295,335.0667965,1
S=c1[nH]cc([12*])n1[C@H](C2)COc(c23)c(F)cc(F)c3,TRUE,1,3,2,2,0,0,2,1,3,2,7,18,0.25,29.95,2.17469,267.28,267.0403653,1
n1c(C)sc(c12)ccc([15*])c2,TRUE,0,2,1,1,0,0,0,0,2,2,3,10,0.125,12.89,1.77932,148.21,148.0220952,0
O=S(=O)([8*])n1cc(cc1)/C=C/C(=O)NO,TRUE,2,5,1,1,0,0,0,3,1,1,8,14,0,88.4,-0.3511,215.21,215.0126527,0
c1ccc(F)cc1C(C2=O)=C(OC2(C)C)c3ccc([*])cc3,TRUE,0,2,1,2,0,0,1,2,3,2,4,21,0.166666667,26.3,3.2465,281.306,281.0977829,0
s1ccc(c12)[nH]cc(c2=O)C(=O)N[7*],TRUE,2,3,1,1,0,0,0,1,2,2,6,13,0,61.96,0.7837,193.207,193.0071734,0
Brc(c1)ccc2c1C(c3ncccc3)=N[C@@H]([9*])c(n24)ncc4C,TRUE,0,4,1,3,0,0,1,1,4,3,6,22,0.117647059,43.07,3.73712,352.215,351.0245335,1
O[C@@H]1[C@H](O)[C@@H]([15*])O[C@H]1n2cc(c3c24)c(N)nn(C)c3ncn4,TRUE,3,9,1,1,0,0,0,1,4,2,10,21,0.416666667,122.02,-1.3726,289.275,289.1049133,4
[8*]Oc1cc(O)ccc1,TRUE,1,2,1,1,0,0,0,1,1,1,3,8,0,29.46,1.2353,109.104,109.0289544,0
C1C[C@@H]([*])CCc(c12)ccc(c2)Nc(nc3N)nn3-c(c4)nnc(c45)c6c(CCC5)cccc6,TRUE,2,7,1,4,0,0,0,3,6,4,8,33,0.307692308,94.54,4.7554,436.543,436.2249688,1
FC1(F)CN([16*])C(=O)CC1,TRUE,0,1,1,0,0,0,2,0,1,0,5,9,0.8,20.31,0.7084,134.105,134.0417453,0
C1OCCC[C@@H]1[17*],TRUE,0,1,0,0,0,0,0,0,1,0,2,6,1,9.23,1.1346,85.126,85.06533991,1
[16*]NC(=O)c(c1)cnc(n12)cc(n2)C,TRUE,1,4,1,1,0,0,0,1,2,2,6,13,0.125,59.29,0.23182,175.171,175.0619858,0
Oc1cccc(C(=O)N2[7*])c1Nc(c23)c(O)cc(O)c3,TRUE,4,5,1,2,0,0,0,0,3,2,7,19,0,93.03,1.9715,257.225,257.0562318,0
S=C=NC[5*],TRUE,0,2,1,0,0,0,0,1,0,0,3,4,0.5,12.36,0.596,72.112,71.99079506,0
c1ccnc(NC2=O)c1[C@@]23Cc4c(C3)ccc(c4)NC(=O)[21*],TRUE,2,3,2,2,0,0,0,1,4,2,6,21,0.1875,71.09,2.1515,278.291,278.0929516,1
[8*]c1cc([131I])c(c([131I])c1)Oc2cc([131I])c(O)cc2,TRUE,1,2,1,2,0,0,3,2,2,2,6,17,0,29.46,4.1729,574.8963738,574.7551532,0
O=C1CC[C@H](N12)CN([13*])CC2,TRUE,0,2,1,0,0,0,0,0,2,0,4,10,0.857142857,23.55,-0.2427,139.178,139.087138,1
[13*]Oc1cc(ccc1)-c2n[nH]c(c23)ccc(c3)-c4[nH]ncn4,TRUE,2,4,1,3,0,0,0,3,4,4,7,21,0,79.48,2.8581,276.279,276.0885349,0
CC1([9*])CC1,TRUE,0,0,0,0,0,0,0,0,1,0,1,4,1,0,1.5081,55.1,55.05477522,0
[12*]c1cc(=O)oc(c12)[nH]c(=O)[nH]c2=O,TRUE,2,4,1,1,0,0,0,0,2,2,7,13,0,95.93,-1.6558,179.111,179.0092816,0
[8*]Cn1c(=S)[nH]c(=O)c(c12)[nH]cc2,TRUE,2,3,1,1,0,0,0,1,2,2,6,12,0.142857143,53.58,0.89399,180.212,180.0231578,0
c1ccc(cc1[13*])OC(=O)c2c(OC(=O)C)cccc2,TRUE,0,4,1,2,0,0,0,3,2,2,5,19,0.066666667,52.6,2.0057,255.249,255.0657338,0
[20*]OC(=O)N1CCC(CC1)n2c(=O)[nH]c(c23)nccc3,TRUE,1,5,2,1,0,0,0,1,3,2,8,19,0.416666667,80.22,0.9624,261.261,261.0987653,0
[5*]c1o[nH]c(=O)c1,TRUE,1,2,1,1,0,0,0,0,1,1,4,6,0,46,-0.8575,84.054,84.0085533,0
[5*][C@@H]1C(=O)N(C)CCc(c12)cccc2,TRUE,0,1,2,1,0,0,0,0,2,1,3,13,0.363636364,20.31,1.2915,174.223,174.091889,1
[15*]c1cc(OC)c(cc1)Oc2ncc(nc2)C(=O)N,TRUE,1,5,1,2,0,0,0,4,2,2,7,18,0.083333333,87.33,0.551,244.23,244.0722162,0
O=c1nc(N)c(F)cn1[C@@H]2O[C@H]([11*])C=C2,TRUE,1,5,1,1,0,0,1,1,2,1,7,14,0.25,70.14,-0.075,196.161,196.0522297,2
[8*]N1CCN(CC1)c2ccccc2,TRUE,0,2,1,1,0,0,0,1,2,1,3,12,0.4,6.48,1.2729,161.228,161.1078734,0
O=S1(=O)NCN([10*])CC1,TRUE,1,3,0,0,0,0,0,0,1,0,6,8,1,49.41,-1.3568,135.168,135.0228235,0
FC1([21*])C(F)(F)C(F)(F)C(F)(F)C(F)(F)C1(F)F,TRUE,0,0,0,0,0,0,11,0,1,0,12,17,1,0,3.3916,281.044,280.9824354,0
[13*]NC(=O)c1nc(sc1)NC(=O)c2cc(OC)c(OC)cc2O,TRUE,3,7,1,2,0,0,0,5,2,2,10,22,0.153846154,109.78,1.3123,322.322,322.0497665,0
C1CN=C(N12)c3c(c(OC)c(O[21*])cc3)N=C2NC(=O)c4cnc(N)nc4,TRUE,2,9,1,2,0,0,0,3,4,2,11,26,0.1875,127.32,0.4038,352.334,352.1158123,0
O=C1N[C@H](O)CCN1[8*],TRUE,2,2,1,0,0,0,0,0,1,0,5,8,0.75,52.57,-0.8156,115.112,115.0507525,1
c1sc(C)c(C)[n+]1C[7*],TRUE,0,1,1,1,1,1,0,1,1,1,3,8,0.5,3.88,1.15924,127.212,127.0450217,0
CC1(C)OC(C)(C)CC([12*])C1,TRUE,0,1,0,0,0,0,0,0,1,0,2,10,1,9.23,2.6918,141.234,141.1279402,0
CO/N=C(\N)c(cc1)ccc1[19*],TRUE,1,2,1,1,0,0,0,2,1,1,4,11,0.125,47.61,0.1279,149.173,149.0714879,0
c1cc(OC)cc(C)c1-c(c(n2)C)c(n23)nc(C)cc3N[8*],TRUE,1,5,1,2,0,0,0,3,3,3,6,21,0.25,51.45,3.20636,281.339,281.1402362,0
[8*]c1onc(n1)C,TRUE,0,3,1,1,0,0,0,0,1,1,4,6,0.333333333,38.92,-0.44738,83.07,83.02453772,0
FC(F)([36*])C,TRUE,0,0,0,0,0,0,2,0,0,0,3,4,1,0,1.1484,65.042,65.02028154,0
O[C@]1([16*])C(=O)OCc(c2=O)c1cc(n23)c4c(C3)cc5c(n4)cccc5N,TRUE,2,7,2,2,0,0,0,0,5,3,8,25,0.166666667,107.44,0.7586,334.311,334.0827809,1
Oc1c(Cl)cc(Cl)c(OC)c1C(=O)N[11*],TRUE,2,3,1,1,0,0,2,2,1,1,7,14,0.125,58.56,1.9017,235.046,233.9724734,0
[14*]Nc1nc(C)c(cn1)-c([nH]2)nc(c23)c(C)cc(c3)C,TRUE,2,4,1,2,0,0,0,2,3,3,6,19,0.214285714,66.49,2.82136,252.301,252.1249204,0
n1ccc(=O)[nH]c1N([8*])C,TRUE,1,3,1,1,0,0,0,1,1,1,5,9,0.2,48.99,-0.3296,124.123,124.0510868,0
c1c(C)[nH]nc1Nc2nc([7*])nc(c23)cccc3,TRUE,2,4,1,2,0,0,0,2,3,3,6,17,0.083333333,66.49,1.57952,224.247,224.0936203,0
O1CCOc(c12)cccc2N(CC3)CCN3[8*],TRUE,0,4,1,1,0,0,0,1,3,1,5,16,0.5,24.94,1.0441,219.264,219.1133527,0
[25*]c1sc(C)nc1C,TRUE,0,2,1,1,0,0,0,0,1,1,3,7,0.4,12.89,0.93454,112.177,112.0220952,0
O=C(C1)CC[C@@]([C@@]123)(O)[C@H](N([15*])CC2)Cc4c3c(O)c(cc4)C(=O)N,TRUE,3,5,1,1,0,0,0,1,4,1,7,23,0.529411765,103.86,0.3077,315.349,315.1344821,3
N1=C(N)SC[C@@H]([C@@]12[14*])COC2,TRUE,1,4,1,0,0,0,0,0,2,0,5,10,0.833333333,47.61,-0.0601,157.218,157.0435589,2
Cc1c(C)onc1N[*],TRUE,1,3,1,1,0,0,0,1,1,1,4,8,0.4,38.06,1.16764,111.124,111.0558378,0
C1CC([6*])CCN1c2nnc(c(c23)cccc3)-c4ccnn4C,TRUE,0,5,1,2,0,0,0,2,4,3,6,22,0.352941176,46.84,2.9683,292.366,292.1562206,0
C1=CC(=O)C=C([C@@H](F)C2)[C@@]1(C)[C@@](F)([C@@H](O)C3)[C@@H]2[C@@H]([C@]34C)C[C@@H](O)[C@@]4([22*])O,TRUE,3,4,1,0,0,0,2,0,4,0,7,25,0.736842105,77.76,1.5139,353.385,353.1564407,9
[15*]OC(=O)c1cc(OC)c(OC)cc1,TRUE,0,4,1,1,0,0,0,3,1,1,5,13,0.222222222,44.76,1.3249,181.167,181.0500838,0
[10*]c1cc(C)c(nc1)-c2cc(C)ncc2,TRUE,0,2,1,2,0,0,0,1,2,2,3,14,0.166666667,25.78,1.93504,183.234,183.0922234,0
O=C([10*])Nc1ncc(cc1)-c2nccnc2,TRUE,1,4,1,2,0,0,0,2,2,2,6,15,0,67.77,1.6198,199.193,199.0619858,0
Fc(c1)ccc(n2C[20*])c1c(c23)CN(CC3)C(=O)c4cccc(c45)cccc5,TRUE,0,2,2,2,0,0,1,2,5,4,5,27,0.173913043,25.24,4.6389,357.408,357.1403164,0
c1ccc(Cl)c(C(=O)OC)c1-c(cc2)cc(F)c2[16*],TRUE,0,2,1,2,0,0,2,2,2,2,5,18,0.071428571,26.3,3.1073,263.675,263.0275104,0
[21*]Oc1ccc(cc1)C(=O)NO,TRUE,2,3,1,1,0,0,0,2,1,1,5,11,0,58.56,0.6487,152.129,152.0347681,0
[10*]Nc1nc(ncc1)-c2c[nH]c(c23)nccc3,TRUE,2,4,1,2,0,0,0,2,3,3,6,16,0,66.49,1.8961,210.22,210.0779703,0
[15*]N1C[C@H](C)NCC1,TRUE,1,2,0,0,0,0,0,0,1,0,3,7,1,15.27,-0.2556,99.157,99.09222335,1
c1ccc(F)cc1N[6*],TRUE,1,1,1,1,0,0,1,1,1,1,3,8,0,12.03,1.7019,110.111,110.0406024,0
C1COCCN1\C(N)=N\c(c2)onc2[9*],TRUE,1,4,1,1,0,0,0,1,2,1,7,14,0.5,76.88,-0.8724,195.202,195.0882006,0
c1cc(OC)nc(C)c1-c(c(n2)C)c(n23)nc(C)nc3N[7*],TRUE,1,7,1,2,0,0,0,3,3,3,8,21,0.285714286,77.23,1.99636,283.315,283.1307341,0
c1cc(Cl)c(Cl)cc1NC(=O)N[2*],TRUE,2,1,1,1,0,0,2,1,1,1,6,12,0,41.13,2.5792,204.036,202.9778931,0
N1[C@@H]([9*])CNc(c12)nc(N)nc2N,TRUE,4,6,1,1,0,0,0,0,2,1,7,12,0.333333333,101.88,-0.6462,165.18,165.0888693,1
COc(c1)c(OC)c(OC)cc1/C=C\c2cc(O[*])c(OC)cc2,TRUE,0,5,1,2,0,0,0,7,2,2,6,23,0.222222222,46.15,3.7345,315.345,315.1232487,0
c1cccc(Cl)c1C(=O)c2cccnc2-c(nnn3C[15*])c3-c4ccncc4,TRUE,0,6,1,4,0,0,1,5,4,4,8,27,0.05,73.56,3.7933,374.811,374.0808627,0
[14*]c1cc(F)c(cc1)Oc2ncc(cc2)C(=O)N,TRUE,1,3,1,2,0,0,1,3,2,2,6,17,0,65.21,1.2865,231.206,231.0569807,0
[*]c1scc(n1)C2=C[C@H](C)NC2,TRUE,1,3,1,1,0,0,0,1,2,1,4,11,0.375,24.92,0.6928,165.241,165.0486443,1
[10*]Nc1nc(c(Cl)cn1)Nc2n[nH]c(c2)C,TRUE,3,5,1,2,0,0,1,3,2,2,8,15,0.125,78.52,1.78132,223.647,223.0498969,0
n1cc(F)cnc1[10*],TRUE,0,2,1,1,0,0,1,0,1,1,4,7,0,25.78,-0.2097,97.072,97.02020128,0
ClC(F)(F)[5*],TRUE,0,0,0,0,0,0,3,0,0,0,4,4,1,0,1.3248,85.46,84.96565912,0
C1C[C@@H](O)CN1c2ncc(cc2-c3[nH]ncc3)C(=O)Nc4ccc(O[30*])cc4,TRUE,3,6,1,3,0,0,0,5,4,3,9,27,0.210526316,103.37,2.1381,364.385,364.1409644,1
COC(=O)c(cc1[21*])ccc1,TRUE,0,2,1,1,0,0,0,1,1,1,3,10,0.125,26.3,0.6478,135.142,135.0446045,0
C1C[C@H](O)C(C)(C)[C@H](CC2)[C@@]1(C)[C@H]3CC[C@@H]([C@]4(C)[C@]23C)[C@@H]5[C@@](C)(CC4)CC[C@H]5[26*],TRUE,1,1,0,0,0,0,0,0,5,0,2,28,1,20.23,7.1703,385.656,385.3470411,10
c1ccnn1-c(cc2)ccc2[10*],TRUE,0,2,1,2,0,0,0,1,2,2,3,11,0,17.82,1.0469,143.169,143.0609232,0
[6*]c1cc(I)c(c(I)c1)Oc2ccc(O)cc2,TRUE,1,2,1,2,0,0,2,2,2,2,5,16,0,29.46,3.5683,436.994,436.8535505,0
[8*]Cn1cc(C(=O)C(=O)O)c(c12)cc(cc2)-c3cc(C)ccc3,TRUE,1,3,1,2,0,0,0,4,3,3,5,22,0.111111111,59.3,3.39082,292.314,292.0973683,0
c1c([1*])c(I)cc(c12)OCO2,TRUE,0,2,1,1,0,0,1,0,2,1,4,10,0.142857143,18.46,1.1945,247.011,246.9256024,0
COc(c1[1*])cc(OC)cc1,TRUE,0,2,1,1,0,0,0,2,1,1,3,10,0.25,18.46,0.8784,137.158,137.0602545,0
COc(c1[13*])cccc1,TRUE,0,1,1,1,0,0,0,1,1,1,2,8,0.142857143,9.23,0.8698,107.132,107.0496898,0
Cn1c(O[8*])nnc1-c2ccncc2,TRUE,0,5,1,2,0,0,0,2,2,2,6,13,0.125,52.83,0.7202,175.171,175.0619858,0
c1ccc(Cl)cc1-c(c2)onc2[8*],TRUE,0,2,1,2,0,0,1,1,2,2,4,12,0,26.03,2.1696,178.598,178.0059665,0
[22*]OC(=O)Nc1ccc(cc1)C(=O)NO,TRUE,3,4,1,1,0,0,0,2,1,1,7,14,0,87.66,0.8184,195.154,195.0405817,0
C1C[C@@]([4*])(C)Oc(c12)ccc(O)c2,TRUE,1,2,1,1,0,0,0,0,2,1,3,12,0.4,29.46,1.9827,163.196,163.0759046,1
C1[C@H](C)CN[C@@H]([C@H]2C)[C@@H]1O[C@]23CC[C@H]4[C@H]5[C@H](CC4=C(C3)C)[C@]6(C)[C@H](CC5)C[C@H]([4*])CC6,TRUE,1,2,0,0,0,0,0,0,6,0,3,30,0.928571429,21.26,6.4488,410.666,410.34229,11
C1COCCN1c(ccn2)c(n23)nc(C)c3-c4ccc([23*])nc4,TRUE,0,6,1,2,0,0,0,2,4,3,7,22,0.3125,55.55,1.11092,294.338,294.1354851,0
Cc1c([10*])oc(c12)cccc2,TRUE,0,1,1,1,0,0,0,0,2,2,2,10,0.111111111,13.14,1.91582,131.154,131.0496898,0
O=c1n(C)c(=O)cc(N[15*])n1C,TRUE,1,5,1,1,0,0,0,1,1,1,6,11,0.333333333,56.03,-1.0398,154.149,154.0616515,0
[16*]Oc1ccc(cc1)Oc2ccccc2,TRUE,0,2,1,2,0,0,0,3,2,2,3,14,0,18.46,3.322,185.202,185.0602545,0
[11*]Cn1c(=O)n(C)c(c12)cnc(n2)-c3ccccc3,TRUE,0,5,1,2,0,0,0,2,3,3,6,18,0.153846154,52.71,1.3038,239.258,239.093286,0
[H]/N=C(\S)c(c1)ccnc1[3*],TRUE,2,2,1,1,0,0,0,1,1,1,4,9,0,36.74,0.51137,137.187,137.0173442,0
COc1ccc(C)cc1NC(=O)Nc(s2)nc(c23)ccc(c3)Nc4ncnc(c45)cc(O[20*])c(c5)OC,TRUE,3,9,1,3,0,0,0,7,5,5,12,36,0.12,119.52,5.79582,501.548,501.1344992,0
[15*][C@@]12[C@H]3C[C@@H](C1)C[C@@H](C2)C3,TRUE,0,0,0,0,0,0,0,0,4,0,1,9,1,0,2.5343,121.203,121.1017254,4
c1cc(OC)ccc1-c(o2)c(O)c(=O)c(c23)c(O)cc(O)c3[9*],TRUE,3,6,1,2,0,0,0,2,3,3,7,22,0.0625,100.13,1.76,299.258,299.0555631,0
n1cc(Br)nc(c12)ccc([10*])c2,TRUE,0,2,1,1,0,0,1,0,2,2,4,11,0,25.78,1.5669,208.038,206.9557852,0
OC1([10*])CCOCC1,TRUE,1,2,0,0,0,0,0,0,1,0,3,7,1,29.46,0.0347,101.125,101.0602545,0
[nH]1c(N)nc(=O)c2c1NC[C@@H](N23)CN(C3)c4ccc(cc4)C(=O)N[28*],TRUE,4,7,2,2,0,0,0,2,4,2,10,24,0.266666667,119.38,-0.3756,326.34,326.1365478,1
C1CNCCN1c2cccc(c23)cc([*])cn3,TRUE,1,3,1,1,0,0,0,1,3,2,4,16,0.307692308,28.16,0.819,212.276,212.1187724,0
[19*]Oc(c1)ccc(c12)[nH]c(=O)cc2,TRUE,1,2,1,1,0,0,0,1,2,2,4,12,0,42.09,1.3712,160.152,160.0398534,0
[4*][C@H]1[C@H](O)CCCC1,TRUE,1,1,0,0,0,0,0,0,1,0,2,7,1,20.23,1.2591,99.153,99.08098997,2
C1CC([16*])CCN1c2ncnc(c23)[nH]nc3,TRUE,1,4,1,1,0,0,0,1,3,2,6,15,0.5,57.7,1.2909,202.241,202.1092704,0
c1cc(F)ccc1C(=C(CC2)CCN2[12*])c3ccc(F)cc3,TRUE,0,1,1,2,0,0,2,2,3,2,4,21,0.222222222,3.24,4.3268,284.329,284.125081,0
c1csc(n12)nc(C)c([13*])c2=O,TRUE,0,4,1,1,0,0,0,0,2,2,5,11,0.142857143,34.37,0.23902,165.197,165.0122588,0
c1nc(OC)c(N[*])cc1-c(c2)ccc(c23)nccc3-c4ccnnc4,TRUE,1,6,1,3,0,0,0,4,4,4,7,25,0.052631579,72.82,3.6386,328.355,328.1198351,0
[11*]Nc1ncnc(c12)cccn2,TRUE,1,4,1,1,0,0,0,1,2,2,5,11,0,50.7,0.901,145.145,145.0514212,0
c1ccc(Cl)c(c12)nc(c([11*])c2)-c(c[n+]3[O-])ccc3,TRUE,0,2,1,2,2,0,1,1,3,3,5,18,0,39.83,2.3632,255.684,255.0325156,0
O=C([5*])Nc1ccc(cc1)C(=O)NO,TRUE,3,3,1,1,0,0,0,2,1,1,6,13,0,78.43,0.8868,179.155,179.0456671,0
C1CCN(C12[10*])CCC2,TRUE,0,1,0,0,0,0,0,0,2,0,2,8,1,3.24,1.1216,110.18,110.0969744,0
c1cncc(F)c1N([6*])n2cc(C)c(c23)cccc3,TRUE,0,3,1,2,0,0,1,2,3,3,5,18,0.071428571,21.06,3.21782,240.261,240.0937006,0
c1cc(F)c(F)cc1C(=O)N(CC2(C)C)C=C(C(=O)O[24*])c(c23)[nH]c4c3cccc4,TRUE,1,3,1,2,0,0,2,2,4,3,8,29,0.181818182,62.4,4.2281,395.385,395.1207238,0
c1cc(Cl)cc(c12)n(C[26*])cc2C(=O)N(CC3)CCC34c5c(CO4)cccc5,TRUE,0,3,2,2,0,0,1,2,5,3,6,27,0.318181818,34.47,4.4632,379.867,379.1213306,0
c1ccccc1C(=O)N2CCC([8*])CC2,TRUE,0,1,1,1,0,0,0,1,2,1,3,14,0.416666667,20.31,2.2604,188.25,188.1075391,0
[10*]NC(=O)c1c(F)cccc1F,TRUE,1,1,1,1,0,0,2,1,1,1,5,11,0,29.1,1.1589,156.111,156.0260952,0
Fc(c1)ccc(n12)nc([5*])c2,TRUE,0,2,1,1,0,0,1,0,2,2,4,10,0,17.3,0.648,135.121,135.0358513,0
[12*]N1C(=O)CNc(c12)ncc(n2)-c3c(C)nc(cc3)-c4[nH]ncn4,TRUE,2,7,1,3,0,0,0,2,4,3,10,23,0.142857143,112.58,0.85492,307.297,307.105582,0
[19*]NC(=S)N(CC1)CCN1c2ncnc(c23)c4c(o3)cccc4,TRUE,1,5,2,1,0,0,0,1,4,3,8,22,0.266666667,57.43,1.8368,312.378,312.0919061,0
Brc(c1)ccc(OC)c1NC(=O)Nc(ccc2)c(c23)ccn3C[15*],TRUE,2,3,1,2,0,0,1,4,3,3,7,23,0.117647059,55.29,4.5632,373.23,372.0347638,0
c1cnc(N)cc1[10*],TRUE,1,2,1,1,0,0,0,0,1,1,3,7,0,38.91,-0.1616,93.109,93.04527316,0
[3*][C@H]1OC(=O)c(c12)cccc2,TRUE,0,2,1,1,0,0,0,0,2,1,3,10,0.125,26.3,1.4049,133.126,133.0289544,1
C1S[C@@H]([11*])O[C@H]1n2cc(F)c(N)nc2=O,TRUE,1,6,1,1,0,0,1,1,2,1,8,14,0.428571429,70.14,0.0595,216.217,216.0243007,2
c1cc(Cl)cc(F)c1Nc(ncn2)c(c23)ncn3[C@@H]4O[C@H]([17*])[C@@H](O)[C@H]4O,TRUE,3,8,1,2,0,0,2,3,4,3,11,25,0.266666667,105.32,1.4884,364.744,364.0612701,4
[8*][C@H]1OCc(c12)c(O)c(C)nc2,TRUE,1,3,1,1,0,0,0,0,2,1,4,11,0.375,42.35,1.17372,150.157,150.0555035,1
O=c1nc(N)[nH]c(c12)NC[C@H]([13*])C2,TRUE,3,4,1,1,0,0,0,0,2,1,6,12,0.428571429,83.8,-0.3421,165.176,165.0776359,1
C1COC[C@H](C)N1c2nc(N3[C@@H](C)COCC3)nc(c24)nc(cc4)-c5cc([32*])c(OC)cc5,TRUE,0,8,1,2,0,0,0,4,5,3,9,32,0.458333333,72.84,2.3252,434.52,434.2192148,2
Oc(c1)c(O)cc(c12)CCN[C@@H]2[9*],TRUE,3,3,1,1,0,0,0,0,2,1,4,12,0.333333333,52.49,0.7914,164.184,164.0711536,1
c1ccoc1C(=O)Oc(c2)ccc(c23)N(C(=O)[17*])CCC3,TRUE,0,4,1,2,0,0,0,2,3,2,6,20,0.2,59.75,2.9207,270.264,270.0766329,0
O=c1n(C)c([15*])nc(c12)cccc2,TRUE,0,3,1,1,0,0,0,0,2,2,4,12,0.111111111,34.89,0.1081,159.168,159.0558378,0
[8*]c1c(O)c(O)c(O)cc1,TRUE,3,3,1,1,0,0,0,0,1,1,4,9,0,60.69,-0.022,125.103,125.023869,0
c1nccnc1Nc(nc2N[8*])cc(c2)-c(c3)cnn3C,TRUE,2,7,1,3,0,0,0,4,3,3,8,20,0.076923077,80.55,1.8919,266.288,266.1154184,0
c1conc1N[13*],TRUE,1,3,1,1,0,0,0,1,1,1,4,6,0,38.06,0.5508,83.07,83.02453772,0
O=C1O[C@@H]([13*])CN1c2c(F)c(F)c(c(F)c2)N3CCC(=O)C=C3,TRUE,0,4,1,1,0,0,3,2,3,1,9,22,0.285714286,49.85,2.2288,311.239,311.0643518,1
COC(=O)c1cnc(n12)C(=C(CC3)CCN3[13*])c4c(CC2)cccc4,TRUE,0,5,1,2,0,0,0,1,4,2,6,24,0.368421053,47.36,2.5878,322.388,322.1555519,0
C1OC(=O)[C@H]([C@H]12)[C@H]([16*])c3c([C@@H]2O)cc4c(c3)OCO4,TRUE,1,5,2,1,0,0,0,0,4,1,6,18,0.461538462,64.99,0.8419,247.226,247.0606485,4
O1COc(c12)ccc(C(=O)[5*])c2,TRUE,0,3,1,1,0,0,0,1,2,1,4,11,0.125,35.53,1.1048,149.125,149.023869,0
O[C@@]1([2*])CCC(C)=CC1,TRUE,1,1,0,0,0,0,0,0,1,0,2,8,0.714285714,20.23,1.3545,111.164,111.08099,1
c1c([6*])oc(=O)c(c12)c(O)cc(c2)OC,TRUE,1,4,1,1,0,0,0,1,2,2,5,14,0.1,59.67,0.6818,191.162,191.0344337,0
[*][C@H]1[C@H](O)C[C@H](N)CC1,TRUE,2,2,0,0,0,0,0,0,1,0,3,8,1,46.25,0.1963,114.168,114.091889,3
[4*]c1c(Cl)cc(Cl)c(Cl)c1,TRUE,0,0,1,1,0,0,3,0,1,1,4,9,0,0,2.8214,180.441,178.9222081,0
O=C([10*])Nc1cccnc1,TRUE,1,2,1,1,0,0,0,1,1,1,4,9,0,41.99,1.1628,121.119,121.0401878,0
Clc(c1)ccc(C)c1N([C@]2([11*])O)C(=O)c(c23)cccc3,TRUE,1,2,1,2,0,0,1,1,3,2,5,19,0.133333333,40.54,2.96072,272.711,272.0478313,1
C1O[C@@H]([10*])S[C@H]1n2ccc(N)nc2=O,TRUE,1,6,1,1,0,0,0,1,2,1,7,13,0.428571429,70.14,-0.0796,198.227,198.0337225,2
C1SCN[C@H]1[7*],TRUE,1,2,0,0,0,0,0,0,1,0,3,5,1,12.03,0.1557,88.155,88.02209519,1
[9*]c1ccc(cc1)Oc2ncc(cc2)C(=O)N,TRUE,1,3,1,2,0,0,0,3,2,2,5,16,0,65.21,1.1474,213.216,213.0664025,0
Oc(c1)ccc2c1ccc3[nH]c(c4c23)c(C)cnc4N[14*],TRUE,3,3,1,1,0,0,0,1,4,4,5,20,0.0625,60.94,3.75952,262.292,262.098037,0
c1cc(Cl)cc(N)c1C(=O)[6*],TRUE,1,2,1,1,0,0,1,1,1,1,4,10,0,43.09,1.6117,154.576,154.0059665,0
c1cccc(c12)Oc3c(C=C2[3*])cccc3,TRUE,0,1,1,2,0,0,0,0,3,2,2,15,0,9.23,3.8397,193.225,193.0653399,0
O=C([10*])Nc1cc(ccc1OC)/C=C\c2cc(OC)c(OC)c(c2)OC,TRUE,1,5,1,2,0,0,0,7,2,2,7,25,0.210526316,66.02,3.9726,342.371,342.1341477,0
[11*]c1c(F)cc(cc1F)-c2cc(ccc2)-c3[nH]ncn3,TRUE,1,2,1,3,0,0,2,2,3,3,6,19,0,41.57,2.5915,256.235,256.0686287,0
O=c1[nH]c(C)cc(c1[34*])C,TRUE,1,1,1,1,0,0,0,0,1,1,3,9,0.285714286,32.86,0.16634,122.147,122.0605889,0
c1c([*])ccc(c12)oc(n2)-c(c3)ccc(c34)cccc4,TRUE,0,2,1,2,0,0,0,1,4,4,3,19,0,26.03,3.8226,244.273,244.0762389,0
[16*]NC(=O)c(n1C)cc(c1)NC(=O)c(n2C)cc(c2)NC(=O)c3ccc(cc3)/C=C/c(c4)cnc(c45)cccc5,TRUE,3,6,1,4,0,0,0,7,5,5,10,39,0.066666667,110.05,4.7809,517.569,517.1988137,0
Clc(c1)c(=O)[nH]c(=O)n1[C@@H]2O[C@H]([12*])[C@@H](F)C2,TRUE,1,4,1,1,0,0,2,1,2,1,8,15,0.5,64.09,0.3224,233.606,233.012923,3
C1CCC[C@H](O)[C@H]1n(c2=O)cnc(c23)c4c(c([19*])c3)cccc4,TRUE,1,4,1,1,0,0,0,1,4,3,5,22,0.333333333,55.12,2.2003,293.346,293.1290028,2
[12*]Oc1ccc(cc1)-c2n[nH]c(=O)cc2,TRUE,1,3,1,2,0,0,0,2,2,2,5,14,0,54.98,1.28,187.178,187.0507525,0
[9*]N1[C@H](C)CCC1,TRUE,0,1,0,0,0,0,0,0,1,0,2,6,1,3.24,0.935,84.142,84.08132432,1
O=c1nc(N)c(I)cn1[C@H](O[C@@H]2[13*])[C@@H](F)[C@@H]2O,TRUE,2,6,1,1,0,0,2,1,2,1,9,16,0.5,90.37,-0.4667,340.072,339.9594423,4
C1COCCN1c2nc(N3CCOCC3)nc(n2)-n4c([26*])nc(c45)cccc5,TRUE,0,9,1,2,0,0,0,3,5,3,10,27,0.444444444,81.43,0.0583,366.405,366.1678479,0
O=c1nc(N)[nH]c(c12)ccc(c2[*])C,TRUE,2,3,1,1,0,0,0,0,2,2,5,13,0.111111111,71.77,-0.01168,174.183,174.0667369,0
c1ccc(Cl)c(c12)ncc(n2)N[1*],TRUE,1,3,1,1,0,0,1,1,2,2,5,12,0,37.81,2.1594,178.602,178.0171998,0
Brc(c1)c(OC)c(OC)cc1[8*],TRUE,0,2,1,1,0,0,1,2,1,1,4,11,0.25,18.46,1.6409,216.054,214.9707666,0
c1cc(F)ccc1Oc(nc2)ccc2C(=O)N(CC3)CCCN3[6*],TRUE,0,4,1,2,0,0,1,3,3,2,7,23,0.294117647,45.67,2.6252,314.34,314.13048,0
[14*]N1OCCCC1=O,TRUE,0,2,1,0,0,0,0,0,1,0,4,7,0.75,29.54,0.0047,100.097,100.0398534,0
Oc1cc(O)cc(c12)oc(c(O)c2=O)-c3cc(O[*])c(O)cc3,TRUE,4,7,1,2,0,0,0,2,3,3,8,22,0,120.36,2.1255,301.23,301.0348276,0
c1cc(O)cnc1[26*],TRUE,1,2,1,1,0,0,0,0,1,1,3,7,0,33.12,-0.0382,94.093,94.02928875,0
c1cc(F)cc(c12)N(C(=O)N[17*])C(=O)C2(C)C,TRUE,1,2,1,1,0,0,1,0,2,1,6,16,0.272727273,49.41,1.6238,221.211,221.0726308,0
O[C@]1([19*])CC[C@H]([C@@]12C)[C@H]3[C@H](C(=O)C2)[C@]4(C)C([C@H](C3)C)=CC(=O)C=C4,TRUE,1,3,1,0,0,0,0,0,4,0,4,23,0.7,54.37,2.9572,313.417,313.1803697,7
O=c1nc(N)c(F)cn1[C@H](O[C@@H]2[12*])C[C@@H]2O,TRUE,2,6,1,1,0,0,1,1,2,1,8,15,0.5,90.37,-0.8802,214.176,214.0627944,3
Fc1cc(Br)cc(F)c1[24*],TRUE,0,0,1,1,0,0,3,0,1,1,4,9,0,0,1.9019,191.982,190.9307936,0
C1CNCCN1c(n2C[12*])nc(c23)cccc3,TRUE,1,4,1,1,0,0,0,2,3,2,5,16,0.416666667,33.09,0.9527,215.28,215.1296715,0
c1cc(F)c(Cl)cc1Nc2ncnc(c23)cnc(n3)N[9*],TRUE,2,6,1,2,0,0,2,3,3,3,9,20,0,75.62,2.8321,289.681,289.0404751,0
C1C[C@H](O)C[C@H](CC2)[C@@]1(C)[C@@H](CC3)[C@@H]2[C@@H]([C@]34C)CC[C@@H]4[21*],TRUE,1,1,0,0,0,0,0,0,4,0,2,20,1,20.23,4.7278,275.456,275.2374906,8
Clc(c1)cnc(c12)[nH]cc2[10*],TRUE,1,1,1,1,0,0,1,0,2,2,4,10,0,28.68,1.3909,151.576,151.0063008,0
S=c1[nH]cc([17*])n1[C@H](C2)CCc(c23)c(F)cc(F)c3,TRUE,1,2,2,2,0,0,2,1,3,2,6,18,0.307692308,20.72,2.72849,265.308,265.0611008,1
ONC(=O)c(cn1)cnc1N2CCC([13*])CC2,TRUE,2,5,1,1,0,0,0,2,2,1,7,16,0.5,78.35,0.5336,221.24,221.1038507,0
Clc1c(OC)c(Cl)c(OC)nc1[13*],TRUE,0,3,1,1,0,0,2,2,1,1,6,12,0.285714286,31.35,1.5802,207.036,205.9775588,0
OC1(O)CCN([C@@]123)\C(=N\[H])N(O)[C@@H]([20*])[C@@H]3NC(=N2)N,TRUE,6,7,2,0,0,0,0,0,3,0,10,17,0.75,141.43,-3.12923,241.231,241.1049133,3
c1cc(O[16*])nc(c12)NC(=O)CC2,TRUE,1,3,1,1,0,0,0,1,2,1,5,12,0.25,51.22,0.8094,163.156,163.0507525,0
[10*]N1CCN(CC1)c2cccc(c23)cccc3,TRUE,0,2,1,1,0,0,0,1,3,2,3,16,0.285714286,6.48,2.4261,211.288,211.1235235,0
O[C@]1([20*])[C@H](C)C[C@H]([C@@]12C)[C@H]3[C@H]([C@@H](O)C2)[C@]4(C)C(C(=C3)C)=Cc5c(C4)cnn5-c6ccccc6,TRUE,2,4,1,2,0,0,0,1,6,2,5,32,0.535714286,58.28,4.6752,429.584,429.2542033,8
O[C@@]1([12*])CCC[C@H]([C@H]12)N(CC2)C(=O)OC,TRUE,1,3,1,0,0,0,0,0,2,0,5,14,0.9,49.77,0.8651,198.242,198.1130184,3
c1cnc(C(=O)NC)cc1Oc(cc2)cc(F)c2NC(=O)Nc3cc([11*])nn3-c(c4)ccc(c45)nccc5,TRUE,3,7,1,4,0,0,1,6,5,5,12,37,0.038461538,123.06,3.9251,496.482,496.1533407,0
[9*]c1cc(C(=O)O)ccc1,TRUE,1,1,1,1,0,0,0,1,1,1,3,9,0,37.3,0.5594,121.115,121.0289544,0
Fc(c1)ccc(c12)NC(=O)C/2=C\c([nH]3)c(C)c(c34)C(=O)N([9*])CCC4,TRUE,2,2,1,2,0,0,1,1,4,2,7,24,0.222222222,65.2,2.80762,324.335,324.1148299,0
c1ncc(n1[C@@H]([6*])C)C(=O)OC,TRUE,0,4,1,1,0,0,0,2,1,1,5,11,0.428571429,44.12,0.7375,153.161,153.0664025,1
[10*]c1c(Cl)cncc1Cl,TRUE,0,1,1,1,0,0,2,0,1,1,4,8,0,12.89,1.563,146.984,145.9564294,0
[12*]Oc1c(Br)ccc(F)c1,TRUE,0,1,1,1,0,0,2,1,1,1,4,9,0,9.23,2.4313,189.991,188.93513,0
[6*]Oc1c(C=O)c(O)ccc1,TRUE,1,3,1,1,0,0,0,2,1,1,4,10,0,46.53,1.0478,137.114,137.023869,0
c1ncn([n+]12)C[C@@H]([*])C2,TRUE,0,2,1,1,1,1,0,0,2,1,4,8,0.6,21.7,-0.478,109.132,109.0634486,0
O[C@H]1[C@H](F)[C@@H](O[C@@H]1[12*])n2c(=O)[nH]c(=O)cc2,TRUE,2,5,1,1,0,0,1,1,2,1,8,15,0.5,84.32,-1.3602,215.16,215.04681,4
c1cc(F)ccc1-c(c2)nc(C)nc2O[14*],TRUE,0,3,1,2,0,0,1,2,2,2,5,15,0.090909091,35.01,2.43422,203.196,203.0620661,0
c1cccc(c12)Sc3c(N2C(=O)[12*])cccc3,TRUE,0,2,1,2,0,0,0,0,3,2,4,16,0,20.31,3.9586,226.28,226.0326599,0
[25*]N1CCN(CC1)c2nc(N3CCCC3)nc(c2)N4CCCC4,TRUE,0,6,1,1,0,0,0,3,4,1,7,22,0.75,38.74,1.2633,301.418,301.2140698,0
C1=CC(=O)C=C(CC2)[C@@]1(C)C(=CC3)[C@@H]2[C@@H]([C@]34C)C[C@H]([C@@H]4[20*])C,TRUE,0,1,1,0,0,0,0,0,4,0,2,21,0.65,17.07,4.7982,281.419,281.1905404,6
C1COCCN1c(nc(c23)N([*])CC2)nc3-c4cnc(N)nc4,TRUE,1,8,1,2,0,0,0,2,4,2,9,22,0.428571429,93.29,0.1792,298.33,298.1416331,0
O/N=C(\N)c(cc1[24*])ccc1,TRUE,2,2,1,1,0,0,0,1,1,1,4,10,0,58.61,-0.0443,135.146,135.0558378,0
c1cccc(C(=O)NC)c1Nc(c(Cl)cn2)nc2Nc(cc3)c(OC)c(c34)CCC[C@H]([4*])C4,TRUE,3,6,1,3,0,0,1,6,4,3,9,32,0.291666667,88.17,5.202,450.95,450.1696777,1
C1CSC(N)=N[C@@]1([9*])C,TRUE,1,3,1,0,0,0,0,0,1,0,4,8,0.8,38.38,0.7035,129.208,129.0486443,1
Fc1cc(F)c(cc1[7*])-c2cncnc2,TRUE,0,2,1,2,0,0,2,1,2,2,5,14,0,25.78,1.5964,191.16,191.0420796,0
[nH]1cnc(c12)ccc([5*])c2,TRUE,1,1,1,1,0,0,0,0,2,2,3,9,0,28.68,0.7375,117.131,117.0452732,0
C1OCC1[3*],TRUE,0,1,0,0,0,0,0,0,1,0,2,4,1,9.23,0.3544,57.072,57.03403978,0
C1=NN(C)CCN1c(cc2)c(F)cc2N3C[C@H]([12*])OC3=O,TRUE,0,5,1,1,0,0,1,2,3,1,8,20,0.384615385,48.38,1.3528,277.279,277.1100789,1
CC1(C)[C@@H](O)CC(=O)O[C@H]([26*])C/C=C(C)\C/C=C\[C@H](C)[C@H](O)[C@H](C1=O)C,TRUE,2,5,1,0,0,0,0,0,1,0,6,25,0.7,83.83,2.6807,351.463,351.2171491,5
c1c(C)onc1/C=C([21*])\C,TRUE,0,2,1,1,0,0,0,1,1,1,3,9,0.285714286,26.03,1.89312,122.147,122.0605889,0
C1N([8*])C(=O)c(c12)cccc2,TRUE,0,1,1,1,0,0,0,0,2,1,3,10,0.125,20.31,1.1067,132.142,132.0449388,0
[7*]c1ccc(cc1)Nc(s2)nc(c23)cccc3,TRUE,1,3,1,2,0,0,0,2,3,3,4,16,0,24.92,3.2145,225.296,225.0486443,0
C1C[C@H](O)C(C)(C)[C@H](CC2)[C@@]1(C)[C@H]([C@@]23C)C(=O)C=C4[C@@]3(C)CC[C@]5(C)[C@H]4C[C@]([33*])(C)CC5,TRUE,1,2,1,0,0,0,0,0,5,0,3,31,0.896551724,37.3,7.0496,425.677,425.3419557,9
O=C([10*])Nc(c1)nc(n12)ccc(n2)Oc(c3)ccc(C)c3NC(=O)c4cc(C)nn4C,TRUE,2,8,1,3,0,0,0,5,4,4,11,30,0.15,115.44,3.20544,404.41,404.1471124,0
O=S(=O)([9*])n1cc(cc1)/C=C/C(=O)Nc2c(N)cccc2,TRUE,2,5,1,2,0,0,0,4,2,2,8,20,0,94.19,1.3644,290.324,290.0599372,0
Cn1ncc(c1)-c(cc2)ccc2[*],TRUE,0,2,1,2,0,0,0,1,2,2,3,12,0.1,17.82,1.2617,157.196,157.0765733,0
C1N([10*])C(=O)c(c12)c(Cl)cc(c2)-c3onc(c3)C(=O)N(C)C,TRUE,0,4,1,2,0,0,1,2,3,2,8,21,0.214285714,66.65,2.1169,304.713,304.0488939,0
CN1CCN(CC1)C(=O)c2ccc(cc2)NC(=O)c(cc3O[24*])nnc3N,TRUE,2,7,1,2,0,0,0,4,3,2,10,26,0.294117647,113.68,0.5418,355.378,355.1518635,0
OC(=O)C(\C)=C\c(c(Cl)c1)c(Cl)cc1C(=O)Nc(sc2)nc2-c(c(c3[13*])OC)ccc3,TRUE,2,5,1,3,0,0,2,6,3,3,10,30,0.095238095,88.52,5.0403,462.334,461.0129583,0
c1ccc(F)cc1C(=N[C@H]([10*])C(=O)N2)c(c23)cccc3C,TRUE,1,2,1,2,0,0,1,1,3,2,5,20,0.125,41.46,2.79902,267.283,267.0933662,1
C1CC(=O)C=C(CC2)C1=C(CC3)[C@@H]2[C@@H]([C@]34C)CC[C@@]4([15*])C,TRUE,0,1,1,0,0,0,0,0,4,0,2,20,0.736842105,17.07,4.9203,269.408,269.1905404,4
c1cc(Cl)ccc1-c(sc2)nc2[28*],TRUE,0,2,1,2,0,0,1,1,2,2,4,12,0,12.89,2.6381,194.666,193.9831228,0
[13*]Oc(c1)c(O)cc(c12)oc(=O)cc2,TRUE,1,4,1,1,0,0,0,1,2,2,5,13,0,59.67,1.3417,177.135,177.0187836,0
C1=CC(=O)C=C(CC2)[C@@]1(C)[C@@](F)(C(=O)C3)[C@@H]2[C@@H]([C@]34C)C[C@H](C)[C@@]4([20*])O,TRUE,1,3,1,0,0,0,1,0,4,0,5,24,0.7,54.37,3.0493,331.407,331.1709478,7
Fc1cncc(c12)cccc2[*],TRUE,0,1,1,1,0,0,1,0,2,2,3,11,0,12.89,1.5485,146.144,146.0406024,0
C1CC(=O)C(O)=C(CC2)[C@H]1[C@@H](CC3)[C@@H]2[C@@H]([C@]34C)CC[C@@H]4[*],TRUE,1,2,1,0,0,0,0,0,4,0,3,20,0.833333333,37.3,4.3517,273.396,273.185455,6
[17*]Oc(c1)ccc(c12)nc3c(c2N)ccc(N)c3,TRUE,2,4,1,1,0,0,0,1,3,3,5,17,0,74.16,2.3955,224.243,224.0823869,0
OP(=O)(O)/N=C(N)/N([9*])C,TRUE,3,1,1,0,0,0,0,1,0,0,8,9,0.5,99.15,-1.2101,152.07,152.0225027,0
O[C@]1([20*])C(=C)C[C@H]([C@@]12C)[C@H]3[C@H]([C@@H](O)C2)[C@]4(C)C(CC3)=CC(=O)C=C4,TRUE,2,3,1,0,0,0,0,0,4,0,4,23,0.65,57.53,2.6691,313.417,313.1803697,7
O1[C@H]([7*])COc(c12)cccc2,TRUE,0,2,1,1,0,0,0,0,2,1,3,10,0.25,18.46,1.3332,135.142,135.0446045,1
[*]NC(=O)C=C(C)C,TRUE,1,1,1,0,0,0,0,1,0,0,3,7,0.4,29.1,0.5331,98.125,98.06058888,0
c1cc(Cl)ccc1-c2nc(sc2[9*])-c3ccccc3,TRUE,0,2,1,3,0,0,1,2,3,3,4,18,0,12.89,4.3051,270.764,270.014423,0
c1cccc(C(=O)N2[4*])c1N(C)c(c23)cccc3,TRUE,0,2,1,2,0,0,0,0,3,2,4,17,0.071428571,23.55,2.879,223.255,223.087138,0
Fc(c1)ccc(c12)c(=O)c([*])cn2C,TRUE,0,2,1,1,0,0,1,0,2,2,4,13,0.1,22,0.8522,176.17,176.0511671,0
O[C@]1([18*])CC[C@H]([C@@]12C)[C@H]3[C@H](CC2)[C@@H]4C(CC3)=CC(=O)CC4,TRUE,1,2,1,0,0,0,0,0,4,0,3,20,0.833333333,37.3,3.3661,273.396,273.185455,6
[11*]c1scc(n1)C(=O)N,TRUE,1,3,1,1,0,0,0,1,1,1,5,8,0,55.98,-0.5834,127.148,126.9966087,0
[O-]C(=O)c(cc1)ccc1[4*],TRUE,0,2,1,1,1,-1,0,1,1,1,3,9,0,40.13,-0.7753,120.107,120.0216779,0
[*]c1ccc(cc1)NC(=O)c2c(C(=O)O)cccc2,TRUE,2,2,1,2,0,0,0,3,2,2,5,18,0,66.4,1.8117,240.238,240.0660682,0
[9*]c1ccc(cc1)Oc2ccc([N+]([O-])=O)cc2,TRUE,0,3,1,2,2,0,0,3,2,2,5,16,0,52.37,2.5617,214.2,214.0504181,0
Ic(c1)c(O)c(I)cc1C(=O)c2c([9*])oc(c23)cccc3,TRUE,1,3,1,2,0,0,2,2,3,3,6,20,0,50.44,3.7532,489.026,488.8484651,0
[*]Nc1nc(C)nc(c1)C,TRUE,1,3,1,1,0,0,0,1,1,1,4,9,0.333333333,37.81,0.96964,122.151,122.0718223,0
O=S1(=O)CCCc(c12)cc(C)c([1*])c2,TRUE,0,2,1,1,0,0,0,0,2,1,4,13,0.4,34.14,0.88952,195.263,195.0479756,0
c1ccccc1N(C(=O)[6*])Nc2ccccc2,TRUE,1,2,2,2,0,0,0,3,2,2,4,16,0,32.34,3.1894,211.244,211.087138,0
[16*]OC(=O)c(c1=O)c[n+](C)c(n12)CCC[C@@H]2C,TRUE,0,4,1,1,1,1,0,1,2,1,6,16,0.545454545,52.18,0.1912,222.244,222.0998937,1
[3*]NC(=O)\C=C\c1ccccc1,TRUE,1,1,1,1,0,0,0,2,1,1,3,11,0,29.1,1.2803,146.169,146.0605889,0
c1oc(=O)ccc1[13*],TRUE,0,2,1,1,0,0,0,0,1,1,3,7,0,30.21,-0.1856,95.077,95.01330434,0
[3*][C@H]1C[C@H](O)C(C)=CC1,TRUE,1,1,0,0,0,0,0,0,1,0,2,8,0.714285714,20.23,1.4252,111.164,111.08099,2
c1cc(F)ccc1-c(n2)oc(c23)ccc([5*])c3,TRUE,0,2,1,2,0,0,1,1,3,3,4,16,0,26.03,2.8085,212.203,212.0511671,0
[16*]OC(=O)C(\C(=O)C)=C\c(n1C)ncc1[N+]([O-])=O,TRUE,0,7,1,1,2,0,0,4,1,1,9,17,0.222222222,104.33,0.3082,238.179,238.0463954,0
[*]Nc1ncc(cn1)C,TRUE,1,3,1,1,0,0,0,1,1,1,4,8,0.2,37.81,0.66122,108.124,108.0561722,0
Clc1cccc(C)c1NC(=O)[7*],TRUE,1,1,1,1,0,0,1,1,1,1,4,11,0.125,29.1,2.72962,168.603,168.0216165,0
Cc1ccc(c12)c(C)ccc([*])c2,TRUE,0,0,1,1,0,0,0,0,2,0,1,12,0.166666667,0,2.58284,155.22,155.0860754,0
c1cc(O[17*])cc(c12)oc(cc2=O)-c3ccccc3,TRUE,0,3,1,2,0,0,0,2,3,3,4,18,0,39.44,3.3031,237.234,237.0551691,0
Cc1c(OC)cc(C)c(c1C)/C=C/C(C)=C/C=C/C(C)=C/C(=O)N[23*],TRUE,1,2,1,1,0,0,0,6,1,1,4,24,0.285714286,38.33,4.66296,324.444,324.1963541,0
O=C([5*])Nc1ncccc1,TRUE,1,2,1,1,0,0,0,1,1,1,4,9,0,41.99,1.1628,121.119,121.0401878,0
c1cccc(C2(C)C)c1C(=C[14*])c(c23)cccc3,TRUE,0,0,1,2,0,0,0,0,3,2,1,17,0.176470588,0,4.2644,219.307,219.1173755,0
COc(c1)c(OC)cc(c12)CCN[C@@H]2[11*],TRUE,1,3,1,1,0,0,0,2,2,1,4,14,0.454545455,30.49,1.3974,192.238,192.1024537,1
O=C([5*])c1cc(O)c(O)cc1,TRUE,2,3,1,1,0,0,0,1,1,1,4,10,0,57.53,0.7873,137.114,137.023869,0
O=C([9*])c1cc(OC)ccc1,TRUE,0,2,1,1,0,0,0,2,1,1,3,10,0.125,26.3,1.3847,135.142,135.0446045,0
C1[C@H]([2*])CN(C)[C@@H]([C@H]12)Cc3c4c2cccc4[nH]c3,TRUE,1,1,1,1,0,0,0,0,4,2,3,17,0.466666667,19.03,2.8495,225.315,225.1391735,3
COc(c1)c(OC)cc(c12)[nH]c(c2[10*])C,TRUE,1,2,1,1,0,0,0,2,2,2,4,14,0.272727273,34.25,1.66812,190.222,190.0868036,0
C[C@@]1([12*])OCCC1,TRUE,0,1,0,0,0,0,0,0,1,0,2,6,1,9.23,1.0623,85.126,85.06533991,1
c1cc(Cl)ccc1C(=O)[17*],TRUE,0,1,1,1,0,0,1,1,1,1,3,9,0,17.07,2.0295,139.561,138.9950674,0
[10*]NC(=O)c1nccnc1,TRUE,1,3,1,1,0,0,0,1,1,1,5,9,0,54.88,-0.3293,122.107,122.0354367,0
Ic1cc(I)c(N)c(I)c1C(=O)N([8*])c2ccccc2,TRUE,1,2,1,2,0,0,3,2,2,2,7,19,0,46.33,4.1937,588.932,588.7770819,0
c1cc(Cl)ccc1-c(c([9*])c2)nn2-c3ccccc3,TRUE,0,2,1,3,0,0,1,2,3,3,4,18,0,17.82,3.3673,253.712,253.053251,0
O=C1SCC[C@H]1[3*],TRUE,0,2,0,0,0,0,0,0,1,0,3,6,0.75,17.07,0.9877,101.15,101.0061108,1
[17*]NC(=O)c1c(I)c(NC(=O)C)c(I)c(c1I)C(=O)O,TRUE,3,3,1,1,0,0,3,3,1,1,10,19,0.1,95.5,2.3511,598.88,598.7461757,0
C[C@@]1([3*])C(=O)CCc(c12)cccc2,TRUE,0,1,1,1,0,0,0,0,2,1,2,12,0.363636364,17.07,1.9664,159.208,159.08099,1
C1[C@H]([2*])C[C@H](N(C12)C)CCC2(C)C,TRUE,0,1,0,0,0,0,0,0,2,0,2,12,1,3.24,2.607,166.288,166.1595746,3
C1CN(C)[C@@H]([C@H]2[C@]134)Cc5c4c(O[C@H]3[C@@H]([1*])C=C2)c(cc5)OC(=O)c6cccnc6,TRUE,0,5,1,2,0,0,0,2,6,2,6,28,0.391304348,51.66,3.0836,373.432,373.1552175,5
O=C1CCCN1C(=O)\C=C\C=C\C(=C\[10*])C,TRUE,0,2,1,0,0,0,0,3,1,0,4,15,0.333333333,37.38,1.7009,204.249,204.1024537,0
c1cccc2c1oc(c23)/C(=C/[11*])c4c(OC3)cccc4,TRUE,0,2,1,2,0,0,0,0,4,3,3,19,0.058823529,22.37,4.2637,247.273,247.0759046,0
O=C([6*])c(c1)ccc(c12)nc([nH]2)NC(=O)OC,TRUE,2,4,1,1,0,0,0,2,2,2,7,16,0.1,84.08,1.4307,218.192,218.0565661,0
CN([14*])C(=O)/C=C/c1ccoc1,TRUE,0,2,1,1,0,0,0,2,1,1,4,11,0.125,33.45,1.2155,150.157,150.0555035,0
c1ccccc1-c(o2)c(C)c(=O)c(c23)ccc(c3[6*])OC,TRUE,0,3,1,2,0,0,0,2,3,3,4,20,0.117647059,39.44,2.95162,265.288,265.0864693,0
[7*]OC1=CCCC1,TRUE,0,1,1,0,0,0,0,1,1,0,2,6,0.6,9.23,1.5351,83.11,83.04968984,0
C1=CC(=O)C=C(CC2)[C@@]1(C)[C@@H](CC3)[C@@H]2[C@@H]([C@]34C)CC[C@@H]4[*],TRUE,0,1,1,0,0,0,0,0,4,0,2,20,0.736842105,17.07,4.6321,269.408,269.1905404,6
COc(c1)nc(C)nc1N[*],TRUE,1,4,1,1,0,0,0,2,1,1,5,10,0.333333333,47.04,0.66982,138.15,138.0667369,0
[131I]C[15*],TRUE,0,0,0,0,0,0,1,0,0,0,2,2,1,0,0.9282,144.9331246,144.9217747,0
c1cccc(n2C[13*])c1c(c23)CCCCCC3,TRUE,0,1,1,1,0,0,0,1,3,2,2,16,0.466666667,4.93,3.8071,212.316,212.1439246,0
O=C([18*])Oc1ccccc1,TRUE,0,2,1,1,0,0,0,1,1,1,3,9,0,26.3,1.7347,121.115,121.0289544,0
[11*]Oc1c(Cl)ccc(Cl)c1,TRUE,0,1,1,1,0,0,2,1,1,1,4,9,0,9.23,2.8365,161.995,160.9560951,0
O=C([11*])c1c(OC)cc(OC)cc1OC,TRUE,0,4,1,1,0,0,0,4,1,1,5,14,0.3,44.76,1.4019,195.194,195.0657338,0
c1c([7*])ccc(c12)Oc3c(C2)cccn3,TRUE,0,2,1,2,0,0,0,0,3,2,3,14,0.083333333,22.12,1.9527,182.202,182.0605889,0
C1[C@@H]([14*])CN(C)[C@@H]([C@H]12)Cc3c4c2cccc4n(c3)C,TRUE,0,2,1,1,0,0,0,0,4,2,3,18,0.5,8.17,2.8599,239.342,239.1548236,3
Cc1c([4*])c(=O)n(n1C)-c2ccccc2,TRUE,0,3,1,2,0,0,0,1,2,2,4,14,0.181818182,26.93,0.65902,187.222,187.087138,0
C1CC(=O)C=C(C(Cl)=C2)[C@@]1(C)[C@@H](CC3)[C@@H]2[C@@H]([C@]34C)CC[C@@]4([18*])O,TRUE,1,2,1,0,0,0,1,0,4,0,4,22,0.736842105,37.3,4.0987,319.852,319.1464827,6
[10*]N1C[C@@H](O)C(C1=2)=C\C(C(=O)C2)=N\NC(=O)N,TRUE,3,5,1,0,0,0,0,1,2,0,8,16,0.222222222,108.02,-1.4555,221.196,221.0674651,1
C[N+]1(C)[C@H]([11*])CCCC1,TRUE,0,0,0,0,1,1,0,0,1,0,2,8,1,0,1.1221,113.204,113.1199009,1
[7*]Oc1c(C(=O)N)cccc1,TRUE,1,2,1,1,0,0,0,2,1,1,4,10,0,52.32,0.6286,136.13,136.0398534,0
Brc(c1)ccc(c12)C(=O)[C@@H]([8*])C2=O,TRUE,0,2,1,1,0,0,1,0,2,1,4,12,0.111111111,34.14,2.1659,224.033,222.9394665,1
c1cccc(Cl)c1C(=O)c(cc([N+]([O-])=O)cc2)c2-n3c([8*])ncc3,TRUE,0,5,1,3,2,0,1,4,3,3,8,23,0,78.03,2.8395,326.719,326.0332438,0
[9*]Oc1c(Br)cc(cc1)C(\N)=N\[H],TRUE,2,2,1,1,0,0,1,2,1,1,5,11,0,59.1,1.57627,214.042,212.9663499,0
c1cc(OC)nnc1N[1*],TRUE,1,4,1,1,0,0,0,2,1,1,5,9,0.2,47.04,0.3614,124.123,124.0510868,0
c1cc(Cl)ccc1C(=O)c(cc(OC)c2O[12*])cc2OC,TRUE,0,4,1,2,0,0,1,5,2,2,6,20,0.133333333,44.76,3.4313,291.71,291.0424115,0
[17*][C@@H]1[C@@H](O)C[C@@H](O)C[C@@H](O)C[C@@H](O)C[C@@H](O)C[C@@H](O)[C@@H](O)[C@H](O)/C(C)=C/C=C/C=C/C=C/C=C/[C@H](O)[C@@H](C)OC1=O,TRUE,9,11,2,0,0,0,0,0,1,0,12,40,0.620689655,208.37,-0.3608,569.668,569.2961873,11
c1cccc(o2)c1c(=O)c(c23)ccc(c3[9*])OC,TRUE,0,3,1,1,0,0,0,1,3,3,4,17,0.071428571,39.44,2.1294,225.223,225.0551691,0
c1cccc(n12)nc(c2)-c3ccc([*])cc3,TRUE,0,2,1,2,0,0,0,1,3,3,3,15,0,17.3,2.1759,193.229,193.0765733,0
BrC(Br)=C[7*],TRUE,0,0,0,0,0,0,2,0,0,0,3,4,0,0,2.1244,184.838,182.8444992,0
[9*]N1C[C@H](O)CC1=O,TRUE,1,2,1,0,0,0,0,0,1,0,4,7,0.75,40.54,-0.9561,100.097,100.0398534,1
[11*][C@@H]1NCCCCCC1,TRUE,1,1,0,0,0,0,0,0,1,0,2,8,1,12.03,1.4155,112.196,112.1126244,1
C[NH+]([10*])C,TRUE,1,0,0,0,1,1,0,0,0,0,2,3,1,4.44,-1.4048,45.085,45.05730064,0
[4*]c1c(C)sc(c12)cccc2,TRUE,0,1,1,1,0,0,0,0,2,2,2,10,0.111111111,0,2.38432,147.222,147.0268462,0
c1cc(O[6*])cc(c12)occ(c2=O)-c3ccccc3,TRUE,0,3,1,2,0,0,0,2,3,3,4,18,0,39.44,3.3031,237.234,237.0551691,0
c1cc(O)c(cc1[8*])NC(=O)N,TRUE,3,2,1,1,0,0,0,1,1,1,5,11,0,75.35,0.0574,151.145,151.0507525,0
O=C1[C@@H]([5*])C(=O)NN1c2ccccc2,TRUE,1,2,2,1,0,0,0,1,2,1,5,13,0.111111111,49.41,0.4022,175.167,175.0507525,1
n1sc(N)nc1C(\C(=O)N[17*])=N\OC,TRUE,2,7,1,1,0,0,0,3,1,1,9,13,0.2,102.49,-0.9487,200.203,200.0242204,0
c1cn(C[20*])c([n+]12)cccn2,TRUE,0,2,1,1,1,1,0,1,2,2,4,10,0.142857143,21.92,0.1286,133.154,133.0634486,0
c1cccc(c12)c(=O)c3c(n2C[18*])cccc3,TRUE,0,2,1,1,0,0,0,1,3,3,3,16,0.071428571,22,2.6615,208.24,208.0762389,0
[*]c1cc(N)c(C)cc1,TRUE,1,1,1,1,0,0,0,0,1,1,2,8,0.142857143,26.02,0.75182,106.148,106.0656743,0
C1CCC[C@H](NC2=O)N1C23CCN([17*])CC3,TRUE,1,3,1,0,0,0,0,0,3,0,5,15,0.909090909,35.58,0.2271,208.285,208.1449872,1
[10*]Nc1onc(n1)-c2ccccc2,TRUE,1,4,1,2,0,0,0,2,2,2,5,12,0,50.95,1.6128,160.156,160.0510868,0
[16*]C[n+]1cccc(c12)CCC2,TRUE,0,0,1,1,1,1,0,1,2,1,2,10,0.444444444,3.88,0.9696,133.194,133.0886008,0
c1cc(Cl)cc(Cl)c1C(\O[10*])=C(C)\n2ccnc2,TRUE,0,3,1,2,0,0,2,3,2,2,6,17,0.083333333,27.05,4.0165,268.123,267.0091933,0
c1cc(F)ccc1N(CC2)CCN2[10*],TRUE,0,2,1,1,0,0,1,1,2,1,4,13,0.4,6.48,1.412,179.218,179.0984516,0
Oc(c1)c(O)cc(c12)CCN[C@H]2[8*],TRUE,3,3,1,1,0,0,0,0,2,1,4,12,0.333333333,52.49,0.7914,164.184,164.0711536,1
CN([12*])C(=O)Oc(c[n+]1C)ccc1,TRUE,0,2,1,1,1,1,0,1,1,1,5,12,0.25,33.42,0.406,166.18,166.073679,0
O=S(=O)([7*])/N=C(\S)N,TRUE,2,2,1,0,0,0,0,1,0,0,7,7,0,72.52,-0.975,139.181,138.9635943,0
CC1(C)C[C@H](C)C[C@@H]([*])C1,TRUE,0,0,0,0,0,0,0,0,1,0,1,9,1,0,3.1704,125.235,125.1330255,2
[4*]c1c(O)cc(C)c(c1)C,TRUE,1,1,1,1,0,0,0,0,1,1,2,9,0.25,20.23,1.18364,121.159,121.0653399,0
C[C@]12C(C)(C)[C@H](C[C@@H]1[11*])CC2,TRUE,0,0,0,0,0,0,0,0,2,0,1,10,1,0,3.1704,137.246,137.1330255,3
c1cc([8*])cc(Cl)c1N2CC=CC2,TRUE,0,1,1,1,0,0,1,1,2,1,3,12,0.2,3.24,1.8908,178.642,178.042352,0
O=C1O[C@H]([11*])CN1/N=C/c2oc([N+]([O-])=O)cc2,TRUE,0,6,1,1,2,0,0,3,2,1,9,16,0.25,98.18,0.8493,224.152,224.0307453,1
c1cccc(CN([7*])C2)c1c(c23)cccc3,TRUE,0,1,1,2,0,0,0,0,3,2,2,15,0.142857143,3.24,3.1335,194.257,194.0969744,0
ClC(=C1)C(=O)C=C([C@@H](F)C2)[C@@]1(C)[C@@](F)([C@@H](O)C3)[C@@H]2[C@@H]([C@]34C)C[C@@H](C)[C@@]4([22*])O,TRUE,2,3,1,0,0,0,3,0,4,0,7,26,0.75,57.53,3.3556,385.858,385.1382037,9
[10*]c1ccc(cc1)OC(=O)c2ccc(cc2)N=C(N)N,TRUE,2,3,1,2,0,0,0,3,2,2,6,19,0,90.7,0.9853,254.269,254.0929516,0
[13*]N1C(=O)CN(C1=O)/N=C/c2oc([N+]([O-])=O)cc2,TRUE,0,6,1,1,2,0,0,3,2,1,10,17,0.125,109.26,0.2502,237.151,237.0259943,0
CC1([6*])CC(=O)NC(=O)C1,TRUE,1,2,1,0,0,0,0,0,1,0,4,9,0.666666667,46.17,0.1509,126.135,126.0555035,0
O/N=C/c(cc1)cc[n+]1C[*],TRUE,1,2,1,1,1,1,0,2,1,1,4,10,0.142857143,36.47,0.289,136.154,136.0631143,0
O=C1N([13*])C(=O)C(=C12)CCCC2,TRUE,0,2,1,0,0,0,0,0,2,0,4,11,0.5,37.38,0.6901,150.157,150.0555035,0
[7*][C@H]1OC(=O)NC1,TRUE,1,2,1,0,0,0,0,0,1,0,4,6,0.666666667,38.33,-0.3984,86.07,86.02420337,1
O=C([20*])Nc1c(I)c(C(=O)NC)c(I)c(c1I)C(=O)O,TRUE,3,3,1,1,0,0,3,3,1,1,10,19,0.1,95.5,2.6394,598.88,598.7461757,0
Cn1nnc(c12)ccc([7*])c2,TRUE,0,3,1,1,0,0,0,0,2,2,4,10,0.142857143,30.71,0.1429,132.146,132.0561722,0
C1CCSc(c12)c(O[13*])ccc2,TRUE,0,2,1,1,0,0,0,1,2,1,3,11,0.333333333,9.23,2.568,165.237,165.0374109,0
O=c1nc(N)c(I)cn1[C@H](O[C@@H]2[12*])C[C@@H]2O,TRUE,2,6,1,1,0,0,1,1,2,1,8,15,0.5,90.37,-0.4147,322.082,321.9688641,3
Clc(c1)c(=O)c(Cl)cn1C[22*],TRUE,0,2,1,1,0,0,2,1,1,1,5,10,0.166666667,22,1.6619,177.01,175.9669941,0
[8*]NN=C(N)N,TRUE,3,2,1,0,0,0,0,1,0,0,5,5,0,76.43,-1.7713,73.079,73.05142116,0
[6*]N1[C@H](C)CCC[C@@H]1C,TRUE,0,1,0,0,0,0,0,0,1,0,2,8,1,3.24,1.7136,112.196,112.1126244,2
c1cccc2c1n(C(=O)C3)c4c2CCN([C@H]4[C@]35[8*])CCC5,TRUE,0,3,1,1,0,0,0,0,5,2,4,20,0.470588235,25.24,3.0862,265.336,265.1340882,2
c1cccc(c12)Sc3c(N2C(=O)O[18*])cccc3,TRUE,0,3,1,2,0,0,0,0,3,2,5,17,0,29.54,3.8902,242.279,242.0275745,0
COc(c1)c(Br)c(OC)cc1[7*],TRUE,0,2,1,1,0,0,1,2,1,1,4,11,0.25,18.46,1.6409,216.054,214.9707666,0
CC1(C)OC(=O)N([8*])C1=O,TRUE,0,3,1,0,0,0,0,0,1,0,5,9,0.6,46.61,0.2081,128.107,128.0347681,0
O=C1CC(N)=NN1[6*],TRUE,1,3,1,0,0,0,0,0,1,0,5,7,0.333333333,58.69,-1.0448,98.085,98.03543675,0
Oc1cc(Cl)c([1*])cc1C(=O)Nc2c(C)cccc2C,TRUE,2,2,1,2,0,0,1,2,2,2,5,19,0.133333333,49.33,3.08934,274.727,274.0634813,0
[C@@H]12C[C@@H](CC1)C=C([13*])C2,TRUE,0,0,0,0,0,0,0,0,2,0,1,8,0.75,0,2.2396,107.176,107.0860754,2
c1cccc(n2C[13*])c1c(c23)CN(C)CC3,TRUE,0,2,1,1,0,0,0,1,3,2,3,15,0.384615385,8.17,2.136,199.277,199.1235235,0
[7*]OC(=O)c1c(O)c(ccc1)-c2ccccc2,TRUE,1,3,1,2,0,0,0,2,2,2,4,16,0,46.53,2.6803,213.212,213.0551691,0
c1cccc(c12)S(=O)(=O)c3c(N2[6*])cccc3,TRUE,0,3,1,2,0,0,0,0,3,2,5,16,0,37.38,2.4352,230.268,230.0275745,0
[1*]c1scnn1,TRUE,0,3,1,1,0,0,0,0,1,1,4,5,0,25.78,-0.2873,85.111,84.98604403,0
COc(c1)ccc(c12)Sc3c([C@@]2([5*])O)cccc3,TRUE,1,3,2,2,0,0,0,1,3,2,4,17,0.142857143,29.46,2.9025,243.307,243.0479756,1
c1cc(F)c(cc1[15*])Oc2ccccc2,TRUE,0,1,1,2,0,0,1,2,2,2,3,14,0,9.23,2.7926,187.193,187.0559181,0
Clc(c1)ccc(c12)Sc3c(C/2=C\[11*])cccc3,TRUE,0,1,1,2,0,0,1,0,3,2,3,16,0,0,4.7431,243.738,243.0035239,0
C1=CC(=O)C=C(C(Cl)=C2)[C@@]1(C)[C@@H]([C@@H](O)C3)[C@@H]2[C@@H]([C@]34C)CC[C@@]4([18*])O,TRUE,2,3,1,0,0,0,1,0,4,0,5,23,0.631578947,57.53,2.8455,333.835,333.1257472,7
[18F]c1cc(O)c(O)cc1[6*],TRUE,2,2,1,1,0,0,1,0,1,1,4,9,0,40.46,0.4115,126.096938,126.0220674,0
c1ccsc1C(c2sccc2)=C(C3)C[C@@H]([2*])C[N+]3(C)C,TRUE,0,2,1,2,1,1,0,2,3,2,4,19,0.375,0,4.4294,289.469,289.095343,1
C1=CC(=O)C=C([C@@H](F)C2)[C@@]1(C)[C@@](Cl)([C@@H](Cl)C3)[C@@H]2[C@@H]([C@]34C)C[C@@H](O)[C@@]4([22*])O,TRUE,2,3,1,0,0,0,3,0,4,0,7,25,0.736842105,57.53,3.0297,388.286,387.0930031,9
CN(C)c(s1)nc(c12)ccc(O[8*])c2,TRUE,0,4,1,1,0,0,0,2,2,2,5,13,0.222222222,25.36,2.2054,193.251,193.0435589,0
O[C@@]1([18*])CC[C@H]([C@@]12C)[C@H]3[C@H](CC2)[C@@H]4C(CC3)=C[C@@H](O)CC4,TRUE,2,2,0,0,0,0,0,0,4,0,3,20,0.888888889,40.46,3.1579,275.412,275.2011051,7
COc(c1)cc(Br)c(c12)oc([4*])c2,TRUE,0,2,1,1,0,0,1,1,2,2,4,12,0.111111111,22.37,2.3785,226.049,224.9551165,0
O[C@]1(C)[C@H](O)[C@@H]([13*])O[C@H]1n2ccc(N)nc2=O,TRUE,3,7,1,1,0,0,0,1,2,1,8,16,0.555555556,110.6,-1.6584,226.212,226.0827809,4
[16*]OC(=O)c1c(C)cc(C)cc1,TRUE,0,2,1,1,0,0,0,1,1,1,3,11,0.222222222,26.3,1.92454,149.169,149.0602545,0
O=C([6*])Nc(c1)ccc(c12)cncc2,TRUE,1,2,1,1,0,0,0,1,2,2,4,13,0,41.99,2.316,171.179,171.0558378,0
c1cc(Cl)cc(c12)nccc2N(CC3)CCN3[8*],TRUE,0,3,1,1,0,0,1,1,3,2,5,17,0.307692308,19.37,2.4745,246.721,246.0798001,0
[6*][C@@H]1COc2cccc(c2n13)c(c3C)C(=O)c4cccc(c45)cccc5,TRUE,0,3,1,2,0,0,0,2,5,4,4,25,0.136363636,31.23,4.77422,326.375,326.1181038,1
C1CC(=O)C[C@H](CC2)[C@@]1(C)[C@@H](CC3)[C@@H]2[C@@H]([C@]34C)CC[C@@H]4[*],TRUE,0,1,0,0,0,0,0,0,4,0,2,20,0.947368421,17.07,4.936,273.44,273.2218405,7
c1cc(C)cc(C)c1N(C(=O)[19*])/N=C/c2cc(OC)ccc2,TRUE,0,3,1,2,0,0,0,4,2,2,5,21,0.176470588,41.9,3.82184,281.335,281.1290028,0
C1CC(=O)C=C(C[C@H]2C)[C@H]1[C@@H](CC3)[C@@H]2[C@@H]([C@]34C)CC[C@@H]4[*],TRUE,0,1,1,0,0,0,0,0,4,0,2,20,0.842105263,17.07,4.712,271.424,271.2061905,7
Clc(c1)ccc([nH]2)c1c(c23)CCC[C@H]3[12*],TRUE,1,0,1,1,0,0,1,0,3,2,3,14,0.333333333,15.79,3.748,204.68,204.058002,1
Oc1cccc(c12)[nH]cc2[4*],TRUE,2,1,1,1,0,0,0,0,2,2,3,10,0,36.02,1.0481,132.142,132.0449388,0
c1cc(Cl)nnc1[1*],TRUE,0,2,1,1,0,0,1,0,1,1,4,7,0,25.78,0.3046,113.527,112.9906507,0
Cn1ncnc1[19*],TRUE,0,3,1,1,0,0,0,0,1,1,4,6,0.333333333,30.71,-1.0103,82.086,82.04052213,0
Fc1cccc(OC)c1-c(ccc2)c(c23)nnc(c3N)C(=O)N[17*],TRUE,2,5,1,2,0,0,1,3,3,3,8,23,0.0625,90.13,2.2208,311.296,311.0944288,0
[37*]OC(=O)OC,TRUE,0,3,1,0,0,0,0,0,0,0,4,5,0.5,35.53,0.2337,75.043,75.00821896,0
c1cccc([C@H]2[10*])c1SCc(c23)c(F)c(F)cc3,TRUE,0,1,2,2,0,0,2,0,3,2,4,17,0.142857143,0,4.2092,247.289,247.0393027,1
C1C[C@]([4*])(C)Oc(c12)c(C)c(C)c(c2C)OC(=O)C,TRUE,0,3,1,1,0,0,0,1,2,1,4,18,0.533333333,35.53,3.12766,247.314,247.1334195,1
[15*]c1sc([N+]([O-])=O)cc1,TRUE,0,3,1,1,2,0,0,1,1,1,5,8,0,43.14,0.8309,128.132,127.9806243,0
[C@@H]12N[C@@H](C[C@@H]1[10*])CC2,TRUE,1,1,0,0,0,0,0,0,2,0,2,7,1,12.03,0.8485,96.153,96.08132432,3
Cc1c(C)noc1N([*])C(=O)C,TRUE,0,3,1,1,0,0,0,1,1,1,5,11,0.428571429,46.34,1.10864,153.161,153.0664025,0
C1C[C@H](Cl)CC(=CC2)[C@@]1(C)[C@@H](CC3)[C@@H]2[C@@H]([C@]34C)CC[C@@H]4[12*],TRUE,0,0,0,0,0,0,1,0,4,0,2,20,0.894736842,0,5.8944,291.886,291.1879536,7
[14*]Oc1cccc(c12)nccc2,TRUE,0,2,1,1,0,0,0,1,2,2,3,11,0,22.12,2.0779,144.153,144.0449388,0
[9*][C@@H]1CC[C@H](N)c(c12)cccc2,TRUE,1,1,1,1,0,0,0,0,2,1,2,11,0.4,26.02,2.0706,146.213,146.0969744,2
O[C@@H](C1)[C@@H]([11*])Oc(c12)cc(O)cc2O,TRUE,3,4,1,1,0,0,0,0,2,1,5,13,0.333333333,69.92,0.269,181.167,181.0500838,2
N=[S@](=O)([6*])C,TRUE,1,2,0,0,0,0,0,0,0,0,4,4,1,40.92,0.12727,78.116,78.00135975,1
O=C([4*])Oc1c(C(=O)OC)cccc1,TRUE,0,4,1,1,0,0,0,2,1,1,5,13,0.111111111,52.6,1.5213,179.151,179.0344337,0
C1C[C@H](O)C(C)(C)[C@H](CC2)[C@@]1(C)[C@H]3CC[C@@H]([C@]4(C)[C@]23C)[C@@H]([21*])CC4,TRUE,1,1,0,0,0,0,0,0,4,0,2,23,1,20.23,5.754,317.537,317.2844408,8
S=C([*])N1CCCCC1,TRUE,0,1,1,0,0,0,0,0,1,0,3,8,0.833333333,3.24,1.3065,128.22,128.0533953,0
O=C/C([3*])=C\c1ccccc1,TRUE,0,1,1,1,0,0,0,2,1,1,2,10,0,17.07,1.7757,131.154,131.0496898,0
[2*]Nc1ccc(cc1)Nc2ccccc2,TRUE,2,2,1,2,0,0,0,3,2,2,3,14,0,24.06,3.3064,183.234,183.0922234,0
c1cccc(c1C(=O)O[7*])C(=O)c2ccc(cc2)-c3ccccc3,TRUE,0,3,1,3,0,0,0,4,3,3,4,23,0,43.37,4.2057,301.321,301.0864693,0
FC1(F)CC([7*])C1,TRUE,0,0,0,0,0,0,2,0,1,0,3,6,1,0,1.7533,91.08,91.0359316,0
O[C@]1([19*])CC[C@H]([C@@]12C)[C@H]3[C@H](CC2)[C@]4(C)C(CC3)=CC(=O)CC4,TRUE,1,2,1,0,0,0,0,0,4,0,3,21,0.842105263,37.3,3.7562,287.423,287.2011051,6
COc(c1[29*])cc(C)[nH]c1=O,TRUE,1,2,1,1,0,0,0,1,1,1,4,10,0.285714286,42.09,-0.13348,138.146,138.0555035,0
O[C@]1([18*])C(=C)C[C@H]([C@@]12C)[C@H]3[C@H](CC2)[C@@H]4C(CC3)=CC(=O)CC4,TRUE,1,2,1,0,0,0,0,0,4,0,3,21,0.736842105,37.3,3.5322,285.407,285.185455,6
c1ccoc1C(=O)Oc(cc2)ccc2N(C)C(=O)[15*],TRUE,0,4,1,2,0,0,0,3,2,2,6,18,0.076923077,59.75,2.6043,244.226,244.0609828,0
ClS[3*],TRUE,0,1,0,0,0,0,1,0,0,0,3,2,0,0,1.3377,67.52,66.94092368,0
C1[C@@H](C)C(=O)C[C@H](CC2)[C@@]1(C)[C@@H](CC3)[C@@H]2[C@@H]([C@]34C)CC[C@@H]4[*],TRUE,0,1,0,0,0,0,0,0,4,0,2,21,0.95,17.07,5.182,287.467,287.2374906,8
C1CC(=O)C=C(CC2)C1=C(C=C3)[C@@H]2[C@@H]([C@]34C)CC[C@@H]4[*],TRUE,0,1,1,0,0,0,0,0,4,0,2,19,0.611111111,17.07,4.3062,253.365,253.1592403,4
C[C@]12C(C)(C)[C@H](C[C@H]1[*])CC2,TRUE,0,0,0,0,0,0,0,0,2,0,1,10,1,0,3.1704,137.246,137.1330255,3
ClC(=O)[17*],TRUE,0,1,0,0,0,0,1,0,0,0,3,3,0,17.07,0.8945,63.463,62.9637673,0
[5*]c1ccc(O)c(c12)nccc2,TRUE,1,2,1,1,0,0,0,0,2,2,3,11,0,33.12,1.115,144.153,144.0449388,0
Brc(c1)ccc(c12)NC(=O)[C@H]([2*])N=C2c3c(Cl)cccc3,TRUE,1,2,1,2,0,0,2,1,3,2,6,20,0.066666667,41.46,3.7674,348.607,346.9586777,1
Brc(c1)cc(Br)c(c1[14*])NC(=O)c2cc(OC)c(cc2)OC(=O)C,TRUE,1,4,1,2,0,0,2,4,2,2,8,23,0.125,64.63,3.5724,442.083,439.9133071,0
C1C[C@H](O)CN1C(=O)Nc(cn2)c(n23)nc(cc3)N4[C@@H]([14*])CCC4,TRUE,2,6,1,1,0,0,0,2,4,2,9,23,0.533333333,86,0.8034,315.357,315.1569488,2
[3*][C@@H]1[C@@H](O)[C@@H](O)C=C1,TRUE,2,2,0,0,0,0,0,0,1,0,3,7,0.6,40.46,-0.3842,99.109,99.04460446,3
Oc1cc([16*])cc(OC2(C)C)c1c(c23)cc(C)cc3,TRUE,1,2,1,2,0,0,0,0,3,2,3,18,0.25,29.46,3.16972,239.294,239.1072047,0
c1cccc(C\2=C/[6*])c1OCc(c23)cccc3,TRUE,0,1,1,2,0,0,0,0,3,2,2,16,0.066666667,9.23,3.5175,207.252,207.08099,0
[15*]c1ccc(n12)c(N)ncn2,TRUE,1,4,1,1,0,0,0,0,2,2,5,10,0,56.21,-0.5139,133.134,133.0514212,0
Clc1c[nH]c(c12)nc(nc2O[15*])Nc(c3)cnn3C,TRUE,2,6,1,2,0,0,1,3,3,3,9,18,0.1,80.65,1.9315,263.668,263.0448116,0
[10*]N1CCN(CC1)c2ccc(cc2)Nc(c(n34)ncc4)nc(c3)-c5nc(N)cnc5,TRUE,2,9,1,3,0,0,0,4,5,4,10,29,0.2,100.5,2.0984,386.443,386.1841666,0
c1cc([18F])ccc1[18*],TRUE,0,0,1,1,0,0,1,0,1,1,2,7,0,0,1.0003,94.098938,94.03223813,0
[14*][C@@H]1[C@H]([C@H]12)Oc3c2cc(cc3)Oc4ccnc(c45)NC(=O)CC5,TRUE,1,4,1,2,0,0,0,2,5,2,6,22,0.294117647,60.45,2.9546,293.302,293.0926173,3
[12*]OC(=O)/C=C/C(=O)OC,TRUE,0,4,1,0,0,0,0,2,0,0,5,9,0.2,52.6,-0.2769,129.091,129.0187836,0
c1cc(Cl)ccc1-c(s2)cc(c23)ncn(c3=O)-c(cc4)cc(OC)c4O[16*],TRUE,0,6,1,3,0,0,1,4,4,4,8,26,0.052631579,53.35,4.6193,383.836,383.0257159,0
s1cnc(c12)ccc([1*])c2,TRUE,0,2,1,1,0,0,0,0,2,2,3,9,0,12.89,1.4709,134.183,134.0064451,0
c1cc(Cl)cc(c1[12*])OC,TRUE,0,1,1,1,0,0,1,1,1,1,3,9,0.142857143,9.23,1.5232,141.577,141.0107175,0
c1ccc(F)c2c1[nH]c(c2C34CC3)[C@H]([15*])N(C4)C(=O)C,TRUE,1,1,2,1,0,0,1,0,4,2,5,19,0.4,36.1,2.7486,257.288,257.1090163,1
C1CCN1C(=O)c2ncc(nc2)Oc(cc3O[17*])cc(c3)C(=O)Nc4ncc(C)nc4,TRUE,1,8,1,3,0,0,0,6,4,3,11,30,0.2,119.43,2.30862,405.394,405.131128,0
C1SCCC[C@H]1[8*],TRUE,0,1,0,0,0,0,0,0,1,0,2,6,1,0,1.8512,101.194,101.0424963,1
[13*]NC(=O)c1cccc(c12)occ2,TRUE,1,2,1,1,0,0,0,1,2,2,4,12,0,42.24,1.6269,160.152,160.0398534,0
c1cc(F)ccc1-c2sc(C)nc2C(=O)N3[C@H]([13*])CCCC3,TRUE,0,3,1,2,0,0,1,2,3,2,6,21,0.375,33.2,3.75912,303.382,303.0967374,1
c1ccc(Cl)c(c12)nc(cc2)Nc3ccc(O[22*])cc3,TRUE,1,3,1,2,0,0,1,3,3,3,5,19,0,34.15,4.4749,269.711,269.0481656,0
O=S1(=O)CCN([17*])CC1,TRUE,0,3,0,0,0,0,0,0,1,0,5,8,1,37.38,-0.8189,134.18,134.0275745,0
C1COCCN1c2nc(N3CCOCC3)nc(n2)-c4c([27*])cc(N)nc4,TRUE,1,9,1,2,0,0,0,3,4,2,10,25,0.5,102.52,-0.6364,342.383,342.1678479,0
OC(=O)\C=C\c(c1)ccc(c12)nc([10*])n2C,TRUE,1,3,1,1,0,0,0,2,2,2,5,15,0.090909091,55.12,0.8457,201.205,201.0664025,0
Fc(c1)cc(F)cc1C(=O)N[7*],TRUE,1,1,1,1,0,0,2,1,1,1,5,11,0,29.1,1.1589,156.111,156.0260952,0
c1scnc1N[2*],TRUE,1,3,1,1,0,0,0,1,1,1,4,6,0,24.92,1.0193,99.138,99.0016941,0
[2*]c1cc(Cl)c(cc1F)Oc(ccc(Cl)c2)c2-c3c(N)[nH]nc3,TRUE,2,3,1,3,0,0,3,3,3,3,8,22,0,63.93,4.0717,337.161,336.0106705,0
C1[C@H](C)N[C@H](C)CN1C(=O)c2ccc(cc2)NC(=O)c3nnc(N)c(O[25*])c3,TRUE,3,7,1,2,0,0,0,4,3,2,10,27,0.333333333,122.47,0.9766,369.405,369.1675135,2
c1ccccc1-c(sc2)nc2-c(c3)ccc(c34)NC(=O)C\4=C/c5[nH]c(C)c(c5C)C(=O)N[15*],TRUE,3,4,1,4,0,0,0,4,5,4,8,32,0.08,86.88,5.10884,439.52,439.1228718,0
C[C@@H]([16*])n1nc(C)c(c12)c(N)ncn2,TRUE,1,5,1,1,0,0,0,1,2,2,6,13,0.375,69.62,0.78472,176.203,176.0936203,1
O=C([11*])Oc1ccc(cc1)C(=O)OC,TRUE,0,4,1,1,0,0,0,2,1,1,5,13,0.111111111,52.6,1.5213,179.151,179.0344337,0
c1c(C)ncnc1-c(cc2)cc(c23)CC[C@H]3[2*],TRUE,0,2,1,2,0,0,0,1,3,2,3,16,0.285714286,25.78,2.98862,209.272,209.1078734,1
c1c(C)sc(n12)nc([24*])c2,TRUE,0,3,1,1,0,0,0,0,2,2,4,9,0.166666667,17.3,0.87882,137.187,137.0173442,0
[9*][C@@H]1CN(C)Cc(c12)cc(cc2)-c3nnc(N)cc3,TRUE,1,4,1,2,0,0,0,1,3,2,5,18,0.285714286,55.04,1.7616,239.302,239.1296715,1
[27*]NC(=O)c1c(Cl)c(O)c(O)cc1,TRUE,3,3,1,1,0,0,1,1,1,1,6,12,0,69.56,0.9453,186.574,185.9957957,0
[20*]c1sccc1OC,TRUE,0,2,1,1,0,0,0,1,1,1,3,7,0.2,9.23,0.9313,113.161,113.0061108,0
O=C1N([17*])C(=O)c2c1c(c3c(c24)CCC4)c5c([nH]3)cccc5OC,TRUE,1,3,1,1,0,0,0,1,5,3,6,23,0.222222222,62.4,2.8787,305.313,305.0926173,0
c1ccc(F)cc1-c2cncc(c23)[nH]c(n3)-c4n[nH]c(c45)ccc(c5)-c6cc(NC(=O)[18*])cnc6,TRUE,3,5,1,4,0,0,1,4,6,6,10,34,0,112.24,5.4505,448.441,448.1322113,0
C1CCN1c(ncn2)c(n23)c(nc3C)-c(cnn4C)c4-c5ncc([29*])cc5,TRUE,0,8,1,3,0,0,0,3,5,4,9,26,0.277777778,77.03,1.27992,345.39,345.1576175,0
O=c1ccnc(n12)CC[C@H]2[23*],TRUE,0,3,1,1,0,0,0,0,2,1,4,10,0.428571429,34.89,0.2374,135.146,135.0558378,1
[25*]c1cccnc1Oc(cc2)cc(C)c2-c(n3C)c(C)c(=O)[nH]c3=O,TRUE,1,5,1,3,0,0,0,3,3,3,7,24,0.166666667,76.98,1.71934,322.344,322.1191664,0
FC1=C[C@@H]([3*])O[C@H]1n2cnc(c23)c(N)ncn3,TRUE,1,6,1,1,0,0,1,1,3,2,8,16,0.222222222,78.85,0.6661,220.187,220.0634631,2
c1cc(I)cc(F)c1Nc(c2C(=O)N[9*])cncc2,TRUE,2,3,1,2,0,0,2,3,2,2,7,18,0,54.02,2.763,356.118,355.9696131,0
O[C@]1(C)[C@H](O)[C@@](F)([20*])O[C@H]1n2c(=O)[nH]c(=O)cc2,TRUE,3,6,1,1,0,0,1,1,2,1,9,17,0.555555556,104.55,-1.6501,245.186,245.0573746,4
O[C@H]1[C@H]([18F])[C@@H](O[C@@H]1[12*])n2cc(C)c(=O)[nH]c2=O,TRUE,2,5,1,1,0,0,1,1,2,1,8,16,0.555555556,84.32,-1.05178,228.189938,228.0649948,4
c1nc([9*])cn1-c2c(C)cc(F)c(c2)C(=O)Nc(ccc3)nc3-c(n4C(C)C)nnc4,TRUE,1,7,1,4,0,0,1,5,4,4,10,30,0.19047619,90.52,2.98112,404.429,404.1635114,0
C1COC[C@@H](C)N1c(c2)nc(nc2[9*])-c3cncc(c34)[nH]cc4,TRUE,1,5,1,2,0,0,0,2,4,3,7,22,0.3125,66.93,1.4196,294.338,294.1354851,1
[11*]Oc1nnc(cc1)-c2c(O)cc(cc2)-c3c[nH]nc3,TRUE,2,5,1,3,0,0,0,3,3,3,7,19,0,83.92,2.0824,253.241,253.0725505,0
CC1(C)NC(C)(C)CC([*])C1,TRUE,1,1,0,0,0,0,0,0,1,0,2,10,1,12.03,2.2648,140.25,140.1439246,0
CC(C)n1c(=O)[nH]c(N[6*])cc1=O,TRUE,2,4,1,1,0,0,0,2,1,1,6,12,0.428571429,66.89,-0.0063,168.176,168.0773016,0
C=CC(=O)N1[C@@H](C)CC[C@@H]([2*])C1,TRUE,0,1,1,0,0,0,0,1,1,0,3,11,0.666666667,20.31,1.5211,152.217,152.1075391,2
[6*]Nc1ncnc(c12)[nH]cc2,TRUE,2,3,1,1,0,0,0,1,2,2,5,10,0,53.6,0.8341,133.134,133.0514212,0
[18F][C@@H](C1)[C@@H]([11*])O[C@H]1n2cc(C)c(=O)[nH]c2=O,TRUE,1,4,1,1,0,0,1,1,2,1,7,15,0.555555556,64.09,-0.02258,212.190938,212.0700802,3
Oc(c1)ccc(c12)O[C@@H]([14*])C(=C2C)c3cc(O)ccc3,TRUE,2,3,1,2,0,0,0,1,3,2,4,19,0.125,49.69,3.2963,253.277,253.0864693,1
O=C1N[C@@H](C)C(=O)N[C@H]1[9*],TRUE,2,2,2,0,0,0,0,0,1,0,5,9,0.6,58.2,-1.5037,127.123,127.0507525,2
COc(n1)sc(n12)nc(c2)-c(c3)oc(c34)cc(OC)cc4O[22*],TRUE,0,8,1,2,0,0,0,4,4,4,9,22,0.142857143,71.02,3.0643,316.318,316.0392018,0
[22*]c1nc(sc1)-c2ccc(cc2)C(=O)N(C)C,TRUE,0,3,1,2,0,0,0,2,2,2,5,16,0.166666667,33.2,1.6865,231.3,231.059209,0
Fc1cccc(F)c1-c(c(F)cc2)nc2C(=O)Nc(c3[8*])cncc3,TRUE,1,3,1,3,0,0,3,3,3,3,8,24,0,54.88,2.9878,328.273,328.0697716,0
N[C@H](C1)C[C@@H](C)C[C@H]1[14*],TRUE,1,1,0,0,0,0,0,0,1,0,2,8,1,26.02,1.4715,112.196,112.1126244,3
c1cc(Cl)c(Br)cc1Nc2ncnc(c23)cnc(c3)NC(=O)\C=C\[15*],TRUE,2,5,1,2,0,0,2,4,3,3,9,24,0,79.8,4.1858,403.647,401.9757247,0
O=C1NC(=O)N(C1(C)C)c(cc(c2[23*])C)cc2C,TRUE,1,2,1,1,0,0,0,1,2,1,5,17,0.384615385,49.41,1.31284,231.275,231.1133527,0
Fc1cnc(nc1N[11*])-c2c[nH]c(c23)ncc(F)c3,TRUE,2,4,1,2,0,0,2,2,3,3,8,18,0,66.49,2.1743,246.2,246.0591266,0
NC1([10*])CCC1,TRUE,1,1,0,0,0,0,0,0,1,0,2,5,1,26.02,0.3746,70.115,70.06567426,0
c1ccnc(N)c1-c(n2-c(cc3)ccc3[6*])nc(c24)ccc(n4)-c5ccccc5,TRUE,1,5,1,4,0,0,0,3,5,5,6,28,0,69.62,3.9063,362.416,362.1405705,0
ON[*],TRUE,2,2,0,0,0,0,0,0,0,0,3,2,0,32.26,-0.5705,32.022,32.01363868,0
[*]c1oc(C)cc1,TRUE,0,1,1,1,0,0,0,0,1,1,2,6,0.2,13.14,0.76262,81.094,81.03403978,0
Fc(c1)ccc(c12)oc([11*])c(c2=O)-c3cc(F)ccc3,TRUE,0,2,1,2,0,0,2,1,3,3,5,19,0,30.21,2.9128,257.215,257.0414109,0
c1coc(C)c1C(=O)Nc(nn2C[12*])c(c23)cccc3,TRUE,1,4,1,2,0,0,0,3,3,3,6,19,0.142857143,60.06,2.69682,254.269,254.0929516,0
[C@H]12[C@H](C1)c3c(C2)c(C(=O)N[17*])nn3-c(c[n+]4[O-])ncc4,TRUE,1,5,1,2,2,0,0,2,4,2,8,19,0.333333333,86.75,-0.2456,256.245,256.0834496,2
FC1(F)[C@H]([19*])C1,TRUE,0,0,0,0,0,0,2,0,1,0,3,5,1,0,1.3632,77.053,77.02028154,1
O=C([12*])N([C@@H]12)[C@H](CC1)CN(C2)c3nc(ncc3)Nc(c4)cnn4C,TRUE,1,7,2,2,0,0,0,3,4,2,9,23,0.466666667,79.18,1.276,312.357,312.1572832,2
c1cc([24*])cc(Cl)c1Oc2cc(F)c(cc2)NC(=O)NC(=O)c3c(F)cccc3F,TRUE,2,3,1,3,0,0,4,4,3,3,10,29,0,67.43,4.6861,419.766,419.0410296,0
n1ncsc1NC(=O)[10*],TRUE,1,4,1,1,0,0,0,1,1,1,6,8,0,54.88,0.6193,128.136,127.9918577,0
c1cc(F)ccc1N2C(=O)C(C)(C)Oc(c23)cc(N[*])cc3,TRUE,1,3,1,2,0,0,1,2,3,2,6,21,0.1875,41.57,3.5376,285.298,285.1039309,0
c1ncc(Cl)cc1-c(c2)cnc(c2C(=O)N[13*])-c3ncccc3,TRUE,1,4,1,3,0,0,1,3,3,3,7,22,0,67.77,3.0531,309.736,309.0543136,0
c1cc(OC)c(OC)nc1[13*],TRUE,0,3,1,1,0,0,0,2,1,1,4,10,0.285714286,31.35,0.2734,138.146,138.0555035,0
Fc(c1)cc(F)cc1N[12*],TRUE,1,1,1,1,0,0,2,1,1,1,4,9,0,12.03,1.841,128.101,128.0311806,0
C1COCCN1c(o2)cc(=O)c(c23)cc(cc3[12*])C(=O)N(C)C,TRUE,0,5,1,1,0,0,0,2,3,2,7,22,0.375,62.99,0.506,301.322,301.118832,0
c1cc(Cl)c(C)c(c12)nc([9*])[nH]2,TRUE,1,1,1,1,0,0,1,0,2,2,4,11,0.125,28.68,1.69932,165.603,165.0219509,0
C1CCN([C@@]1([13*])C)C(=O)c2c(-n3nccn3)ccc(c2)OC,TRUE,0,5,1,2,0,0,0,3,3,2,7,21,0.4,60.25,1.7774,285.327,285.1351508,1
n1cccc(c12)cccc2[22*],TRUE,0,1,1,1,0,0,0,0,2,2,2,10,0,12.89,1.4094,128.154,128.0500242,0
[8*][C@@H]1CCNc(n12)c(C(=O)N)c(n2)-c3ccc(cc3)Oc4ccccc4,TRUE,2,5,1,3,0,0,0,4,4,3,7,25,0.157894737,82.17,3.3048,333.371,333.1351508,1
c1ccc(F)nc1-c(cc2)ccc2[20*],TRUE,0,1,1,2,0,0,1,1,2,2,3,13,0,12.89,2.0623,172.182,172.0562524,0
C1CC[C@H]([C@H]1N23)N=C2N(C)C(=O)c4c3nn(C[21*])c4Nc5ccccc5,TRUE,1,6,1,2,0,0,0,3,5,2,8,25,0.388888889,65.76,2.3162,335.391,335.1620342,2
C1CN([13*])CCC12c3c(C=C2)cccc3,TRUE,0,1,1,1,0,0,0,0,3,1,2,14,0.384615385,3.24,2.5113,184.262,184.1126244,0
[5*]c1ccc(cc1)OC(=O)c2ccc(C)cc2,TRUE,0,2,1,2,0,0,0,2,2,2,3,16,0.071428571,26.3,2.38882,211.24,211.0759046,0
[1*]Nc1c(F)cccc1,TRUE,1,1,1,1,0,0,1,1,1,1,3,8,0,12.03,1.7019,110.111,110.0406024,0
Clc1cc(F)c([1*])cc1C(=O)N(CC2)C[C@H](N23)CCC3,TRUE,0,2,1,1,0,0,2,1,3,1,6,19,0.5,23.55,1.5739,281.738,281.085694,1
c1ccc(c(c1[14*])C)-c2ccccc2,TRUE,0,0,1,2,0,0,0,1,2,2,1,13,0.076923077,0,2.83662,167.231,167.0860754,0
[13*]c1onc(c1)NC(=O)Nc2cc(ccc2)Oc3ncnc(c34)cc(OC)c(c4)OC,TRUE,2,8,1,3,0,0,0,6,4,4,11,30,0.1,120.63,3.2459,406.378,406.1151436,0
O=C(C1)NCCN1[11*],TRUE,1,2,1,0,0,0,0,0,1,0,4,7,0.75,32.34,-1.1175,99.113,99.05583784,0
o1c(=O)n(C)c(c12)ccc(c2)-n(cc(c3=O)C(=O)O)c(=O)n3[C@@H]4CCc(c45)c([23*])ccc5,TRUE,1,8,2,3,0,0,0,3,5,4,10,31,0.181818182,116.44,0.8525,418.385,418.1039102,1
[11*]c1cnc(n12)cnc3c2cc[nH]3,TRUE,1,3,1,1,0,0,0,0,3,3,5,12,0,45.98,0.3852,157.156,157.0514212,0
c1cccc(c12)Oc3c(cccc3)N=C2N(CC4)CCN4[6*],TRUE,0,4,1,2,0,0,0,0,4,2,5,21,0.235294118,28.07,2.9525,278.335,278.1293371,0
c1cc(Cl)cc(c12)N[C@@H]([17*])C/C2=C(C3=O)/CCN3c4ccccc4,TRUE,1,2,1,2,0,0,1,1,4,2,5,23,0.210526316,32.34,4.2215,323.803,323.0951158,1
N1=C(N)SC[C@@H]([C@@]12[18*])C[C@H](C)OC2,TRUE,1,4,1,0,0,0,0,0,2,0,5,12,0.875,47.61,0.7185,185.272,185.074859,3
c1c(C)[nH]c(c12)ccc(c2)Oc(ccn3)nc3Nc(cc4[10*])ccc4,TRUE,2,4,1,3,0,0,0,4,4,4,6,24,0.052631579,62.83,3.97682,315.356,315.1245861,0
O[C@]1([16*])[C@H](C)C[C@H]([C@@]12C)[C@H]3C(=CC2)[C@]4(C)C(CC3)=CC(=O)C=C4,TRUE,1,2,1,0,0,0,0,0,4,0,3,22,0.65,37.3,3.6983,297.418,297.185455,6
[16*]c1c(F)c(F)cc(F)c1F,TRUE,0,0,1,1,0,0,4,0,1,1,5,10,0,0,1.4176,149.066,149.0014379,0
C1CN([5*])CCc(c12)ccc(c2)Oc(nc3)ccc3N4CCCC4=O,TRUE,0,4,1,2,0,0,0,3,4,2,6,24,0.368421053,45.67,2.8656,322.388,322.1555519,0
c1cccc(Cl)c1OC(CN2[10*])=CC2=O,TRUE,0,2,1,1,0,0,1,2,2,1,5,14,0.1,29.54,1.9092,208.624,208.0165311,0
[19*]NC(=O)c1ccc(cc1)-n2nncc2,TRUE,1,4,1,2,0,0,0,2,2,2,6,14,0,59.81,0.4614,187.182,187.0619858,0
O=C([19*])N1CCN(C)CC1,TRUE,0,2,1,0,0,0,0,0,1,0,4,9,0.833333333,23.55,-0.0969,127.167,127.087138,0
s1c(N)nc(c12)CC[C@@H]([1*])C2,TRUE,1,3,1,1,0,0,0,0,2,1,4,10,0.571428571,38.91,1.5518,153.23,153.0486443,1
Clc(c1)ccc(c1[19*])-n2nnnc2,TRUE,0,4,1,2,0,0,1,1,2,2,6,12,0,43.6,0.4903,179.59,179.0124488,0
O[C@H]1[C@H](O)[C@@H]([13*])O[C@@H]1n2c([N+]([O-])=O)ncc2,TRUE,2,7,1,1,2,0,0,2,2,1,9,15,0.571428571,110.65,-1.0827,214.157,214.0463954,4
[8*]c1c(F)cc(cc1F)/C=C/C(=O)O,TRUE,1,1,1,1,0,0,2,2,1,1,5,13,0,37.3,1.2372,183.133,183.0257608,0
[12*]Oc1nccc(c12)cc(C(=O)N)c(c2)OC,TRUE,1,4,1,1,0,0,0,3,2,2,6,16,0.090909091,74.44,1.1854,217.204,217.0613171,0
[123I]\C=C\[12*],TRUE,0,0,0,0,0,0,1,0,0,0,2,3,0,0,1.4419,148.943589,148.9212391,0
c1cccc(c12)S(=O)(=O)CCN(C2)c(nc3N[12*])nc(c34)ccc(c4)C,TRUE,1,6,2,2,0,0,0,2,4,3,8,25,0.222222222,75.19,2.60832,353.427,353.1072218,0
C1OCC1([12*])N,TRUE,1,2,0,0,0,0,0,0,1,0,3,5,1,35.25,-0.7791,72.087,72.04493881,0
C=CC(=O)N1C[C@H](CC1)n2nc([20*])c(c23)c(N)ncn3,TRUE,1,6,2,1,0,0,0,2,3,2,8,19,0.333333333,89.93,-0.4575,257.277,257.115084,1
Cc1c(C)sc2c1C(c3ccc(Cl)cc3)=N[C@@H]([19*])c(n24)nnc4C,TRUE,0,5,1,3,0,0,1,1,4,3,7,23,0.235294118,43.07,4.30636,341.847,341.0627701,1
OC1([18*])CN(C1)c2nccc(c2)C(=O)O,TRUE,2,4,1,1,0,0,0,2,2,1,6,14,0.333333333,73.66,-0.1623,193.182,193.0613171,0
Clc1c(OC)cc(OC)c(Cl)c1NC(=O)N(C)c(c2)ncnc2Nc(cc3)c(NC(=O)C=C)cc3N(CC4)CCN4[18*],TRUE,3,9,1,3,0,0,2,9,4,3,15,41,0.259259259,124.19,4.9233,600.487,599.1688818,0
c1ccccc1Oc(cc2)ccc2-c3c(N)ncnc3N[12*],TRUE,2,5,1,3,0,0,0,4,3,3,6,21,0,73.06,3.3943,277.307,277.108936,0
c1nccc(Cl)c1NC(=O)N(CC2)CCN2[14*],TRUE,1,3,1,1,0,0,1,1,2,1,7,16,0.4,48.47,1.3488,239.686,239.0699637,0
[27*]Oc1ncccc1,TRUE,0,2,1,1,0,0,0,1,1,1,3,7,0,22.12,0.9247,94.093,94.02928875,0
O=C([15*])Nc1ccc(O)cc1,TRUE,2,2,1,1,0,0,0,1,1,1,4,10,0,49.33,1.4734,136.13,136.0398534,0
O=C(N)c(oc1)cc1-c2cnc(c(n23)ncn3)Nc(cc4)ccc4N(C5)[C@@H](C6)CN([15*])[C@H]56,TRUE,2,9,1,3,0,0,0,5,6,4,11,31,0.238095238,117.82,1.954,415.437,415.1630968,2
c1cccc(F)c1NC(=O)N[8*],TRUE,2,1,1,1,0,0,1,1,1,1,5,11,0,41.13,1.4115,153.136,153.046416,0
c1cccc(c12)NC(=O)[C@@H]([5*])N=C2c3ccccc3,TRUE,1,2,1,2,0,0,0,1,3,2,4,18,0.066666667,41.46,2.3515,235.266,235.087138,1
c1cc(Cl)cc(c12)OC[C@@H](O2)[9*],TRUE,0,2,1,1,0,0,1,0,2,1,4,11,0.25,18.46,1.9866,169.587,169.0056321,1
Cl[C@]1(C)[C@H](O)[C@@H]([19*])O[C@H]1n2c(=O)[nH]c(=O)cc2,TRUE,2,5,1,1,0,0,1,1,2,1,8,16,0.555555556,84.32,-0.7008,245.642,245.0329095,4
s1c(F)cc(CCO2)c1C23CCN([13*])CC3,TRUE,0,3,1,1,0,0,1,0,3,1,5,15,0.636363636,12.47,2.2153,226.296,226.0701883,0
N1C[C@@H](C)CN(S1(=O)=O)c(c2)ccc(c23)c([20*])ncc3,TRUE,1,3,1,1,0,0,0,1,3,2,7,19,0.307692308,62.3,0.6999,276.341,276.0806727,1
O=C([22*])N1C[C@@H](CC1)n2c(=O)n(c(c23)c(N)ncn3)-c4ccc(cc4)Oc5ccccc5,TRUE,1,8,2,3,0,0,0,4,5,4,10,31,0.181818182,108.27,2.8728,415.433,415.1518635,1
[*]N1C[C@H](C)N(CC1)C(=O)c2c(C)nccc2,TRUE,0,3,1,1,0,0,0,1,2,1,5,16,0.5,36.44,1.00062,218.28,218.1293371,1
c1cccnc1C(=NNC(=S)N([6*])C)c2ncccc2,TRUE,1,4,1,2,0,0,0,3,2,2,7,19,0.076923077,53.41,1.4996,270.341,270.0813414,0
O=C(C1)CC[C@@]([C@@]123)(O)[C@H]([N@+]([11*])(C)CC2)Cc4c3c(O)c(cc4)C(=O)N,TRUE,3,4,1,1,1,1,0,1,4,1,7,24,0.555555556,100.62,0.4523,330.384,330.1574086,4
Oc1c(O)ccc(/C=C/C(=O)O[11*])c1/C=C/c2cc(O)c(O)cc2,TRUE,4,6,1,2,0,0,0,4,2,2,7,23,0,107.22,2.7001,313.285,313.0712131,0
CN(C)C(=O)N1C[C@@H]([5*])CC1,TRUE,0,1,1,0,0,0,0,0,1,0,4,10,0.857142857,23.55,0.7115,141.194,141.102788,1
c1cc(Cl)cc(c1N[1*])C(=O)c(cc2)cc[n+]2[O-],TRUE,1,3,1,2,2,0,1,3,2,2,6,17,0,56.04,2.0806,247.661,247.0274302,0
Cc1c([14*])c(=O)oc(c12)cc(cc2)Oc3ncccn3,TRUE,0,5,1,2,0,0,0,2,3,3,6,19,0.071428571,65.22,1.85832,253.237,253.0613171,0
[14*]c1c(F)c(Cl)ncc1,TRUE,0,1,1,1,0,0,2,0,1,1,4,8,0,12.89,1.0487,130.529,129.98598,0
c1cnccc1NC(=O)c(ccc2)nc2N(CC3)CCCN3[7*],TRUE,1,5,1,2,0,0,0,3,3,2,7,22,0.3125,61.36,1.7053,296.354,296.1511352,0
Clc1c(N)ncnc1C(=O)N[15*],TRUE,2,4,1,1,0,0,1,1,1,1,7,11,0,80.9,-0.0937,171.567,171.0073634,0
O=C([12*])Nc1nc(C)cc(c1)C(=O)N(C)C,TRUE,1,3,1,1,0,0,0,2,1,1,6,15,0.3,62.3,1.17302,206.225,206.0929516,0
c1cc(Cl)c(C)cc1[18*],TRUE,0,0,1,1,0,0,1,0,1,1,2,8,0.142857143,0,1.82302,125.578,125.0158029,0
C1COCCN1c2cc(OC)c(cc2)Nc3ncc([28*])c(c3)Nc4c(C(=O)NC)cccc4,TRUE,3,7,1,3,0,0,0,7,4,3,9,32,0.25,87.75,2.9482,432.504,432.2035647,0
[3*]c1ccc(cc1)Oc2ncc(N)cc2,TRUE,1,3,1,2,0,0,0,2,2,2,4,14,0,48.14,1.6307,185.206,185.0714879,0
c1cc(Cl)c(F)cc1[10*],TRUE,0,0,1,1,0,0,2,0,1,1,3,8,0,0,1.6537,129.541,128.990731,0
O=[S@]1C[C@@H]([1*])CC1,TRUE,0,1,0,0,0,0,0,0,1,0,3,6,1,17.07,0.4766,103.166,103.0217608,2
C1[C@@H]([13*])CCc(c12)c3c([nH]2)c(C(=O)N)cc(F)c3-c4c(C)c(ccc4)-n(c5=O)c(=O)n(C)c(c56)c(F)ccc6,TRUE,2,5,1,3,0,0,2,3,6,5,10,38,0.206896552,102.88,4.34972,513.524,513.173822,1
s1ccc(c12)cnc(c2)-c(cc/3=N\O)oc(c34)ccc([11*])c4,TRUE,1,5,1,2,0,0,0,1,4,4,6,21,0,58.62,3.174,293.327,293.0384735,0
S=C1S/C(C(=O)N1[8*])=C\C(C)=C\c2ccccc2,TRUE,0,3,1,1,0,0,0,2,2,1,5,17,0.076923077,20.31,3.2984,260.363,260.0203809,0
[13*]Oc(c12)ccc(c1)Nc3nc(ccn3)c4oc(cc4)COC\C=C\COC2,TRUE,1,7,1,3,0,0,0,1,4,3,8,27,0.2,78.64,3.9263,364.381,364.1297311,0
c1ccc(F)cc1-c(c2=O)c([8*])oc(c23)cccc3,TRUE,0,2,1,2,0,0,1,1,3,3,4,18,0,30.21,2.7737,239.225,239.0508327,0
C1=CSC(N)=N[C@@]1([9*])C,TRUE,1,3,1,0,0,0,0,0,1,0,4,8,0.4,38.38,0.8271,127.192,127.0329942,1
[3*]S[O-],TRUE,0,2,0,0,1,-1,0,0,0,0,3,2,0,23.06,0.3143,48.066,47.9675342,0
c1ccc(C)nc1-c2[nH]c([12*])nc2-c(c3)ccc(n34)ncn4,TRUE,1,5,1,3,0,0,0,2,4,4,7,21,0.066666667,71.76,1.66442,275.295,275.1045194,0
[*]Nc1c(F)cccc1F,TRUE,1,1,1,1,0,0,2,1,1,1,4,9,0,12.03,1.841,128.101,128.0311806,0
n1c([*])nc(n12)c(F)cnc2OC,TRUE,0,5,1,1,0,0,1,1,2,2,7,12,0.166666667,52.31,-0.5534,167.123,167.036914,0
[17*]O[11CH3],TRUE,0,1,0,0,0,0,0,0,0,0,2,2,1,9.23,0.0971,30.0344336,30.02982332,0
OC(=O)c(cc1)cc(c1[23*])C,TRUE,1,1,1,1,0,0,0,1,1,1,3,10,0.125,37.3,0.86782,135.142,135.0446045,0
c1ccnc(NC2=O)c1[C@@]23Cc4c(C3)ncc(c4)C(=O)N[17*],TRUE,2,4,2,2,0,0,0,1,4,2,7,21,0.2,83.98,0.6594,279.279,279.0882006,1
Fc1c(F)ccc(c12)ncn2C[19*],TRUE,0,2,1,1,0,0,2,1,2,2,5,12,0.125,17.82,1.8213,167.138,167.0420796,0
O=C([14*])N1[C@H](C)CCC1,TRUE,0,1,1,0,0,0,0,0,1,0,3,8,0.833333333,20.31,1.14,112.152,112.0762389,1
C[C@@H]1OC(=O)N[C@@H]1[19*],TRUE,1,2,1,0,0,0,0,0,1,0,4,7,0.75,38.33,-0.0099,100.097,100.0398534,2
c1scnc1[17*],TRUE,0,2,1,1,0,0,0,0,1,1,3,5,0,12.89,0.3177,84.123,83.99079506,0
[16*]N1C[C@@H](C)N[C@H](C1)C,TRUE,1,2,0,0,0,0,0,0,1,0,3,8,1,15.27,0.1329,113.184,113.1078734,2
n12c3c([C@H]([10*])C1)c(F)ccc3ccc2=O,TRUE,0,2,1,1,0,0,1,0,3,2,4,14,0.181818182,22,1.7446,188.181,188.0511671,1
O1CCOc(c12)nnc([22*])c2,TRUE,0,4,1,1,0,0,0,0,2,1,5,10,0.333333333,44.24,-0.5776,137.118,137.0351024,0
[21*][C@H]1OCCOC1,TRUE,0,2,0,0,0,0,0,0,1,0,3,6,1,18.46,-0.0914,87.098,87.04460446,1
Cc1c(C)[nH]c(c12)c(C(=O)N)cc(F)c2N3C[C@@H]([4*])CCC3,TRUE,2,2,1,1,0,0,1,2,3,2,6,21,0.4375,62.12,2.96074,288.346,288.1512154,1
[13*]Oc1c(F)cc(F)cc1F,TRUE,0,1,1,1,0,0,3,1,1,1,5,10,0,9.23,1.947,147.075,147.0057743,0
[15*]Oc1nsnc1C(C2)=CCCN2C,TRUE,0,5,1,1,0,0,0,2,2,1,6,13,0.5,38.25,1.1001,196.255,196.0544579,0
c1ccc([26*])c(Cl)c1C(=O)N([C@@H]2C)CCc(c23)n(nn3)-c4ncc(F)cn4,TRUE,0,6,2,3,0,0,2,2,4,3,10,26,0.235294118,76.8,1.7839,371.783,371.0823399,1
Oc1cc(OC)c(c(O)c1[6*])C(=O)/C=C/c2ccc(O)cc2,TRUE,3,5,1,2,0,0,0,4,2,2,6,21,0.0625,86.99,1.8827,285.275,285.0762985,0
[11CH3]OC(=O)[5*],TRUE,0,2,1,0,0,0,0,0,0,0,3,4,0.5,26.3,0.3021,58.0444336,58.02473794,0
c1cc(F)cc([14*])c1-c(sc(c23)cc(O)cc3)c2Oc4ccc(cc4)/C=C/C(=O)O,TRUE,2,4,1,3,0,0,1,5,4,4,7,29,0,66.76,5.4777,405.426,405.0596831,0
c1cccc(c12)COc3c(ccc(F)c3)C\2=C\c(cc4)cc(c45)nc(n5[C@@H]([10*])C)NC(=O)N,TRUE,2,4,1,3,0,0,1,3,5,4,8,32,0.12,82.17,5.2151,427.459,427.1570291,1
S=C(N)c(cc1)ccc1OC(=O)[5*],TRUE,1,3,1,1,0,0,0,2,1,1,5,12,0,52.32,1.3689,180.208,180.0119244,0
c1cc(F)ccc1-c(n2)ccc(n23)nnc3[1*],TRUE,0,4,1,2,0,0,1,1,3,3,6,16,0,43.08,1.105,213.195,213.0576494,0
[12*]c1ccc(cc1)Oc2ccc(cc2)-c3occn3,TRUE,0,3,1,3,0,0,0,3,3,3,4,18,0,35.26,3.3085,236.25,236.0711536,0
N1=C(N)SC[C@@H]([C@@]12[16*])[C@@H](C)OC2,TRUE,1,4,1,0,0,0,0,0,2,0,5,11,0.857142857,47.61,0.3284,171.245,171.059209,3
c1cc(Cl)ccc1Nc2nnc(O[13*])c(c23)occ3,TRUE,1,5,1,2,0,0,1,3,3,3,7,18,0,60.18,3.4629,260.66,260.0226791,0
CNC(=O)c(cc1[13*])ncc1,TRUE,1,2,1,1,0,0,0,1,1,1,4,10,0.142857143,41.99,-0.3842,135.146,135.0558378,0
C1C[C@]([3*])(C)Oc(c12)c(C)c(C)c(O)c2,TRUE,1,2,1,1,0,0,0,0,2,1,3,14,0.5,29.46,2.59954,191.25,191.1072047,1
[35*]c1nnc(n12)cccc2,TRUE,0,3,1,1,0,0,0,0,2,2,4,9,0,30.19,-0.0961,118.119,118.0405221,0
c1nc(F)ccc1NC(=O)[12*],TRUE,1,2,1,1,0,0,1,1,1,1,5,10,0,41.99,1.3019,139.109,139.030766,0
c1ccc(Br)nc1NC(=O)[12*],TRUE,1,2,1,1,0,0,1,1,1,1,5,10,0,41.99,1.9253,200.015,198.9506998,0
[16*]Cn1nc(C(=O)C)c(c12)cc(cc2)-c3cnc(C)nc3,TRUE,0,5,1,2,0,0,0,3,3,3,6,20,0.2,60.67,2.51112,265.296,265.108936,0
OC(C1)CN1C(=O)[19*],TRUE,1,2,1,0,0,0,0,0,1,0,4,7,0.75,40.54,-0.6678,100.097,100.0398534,0
c1cccc(c12)scc2C(=O)N([C@]3([11*])C)CC3,TRUE,0,2,1,1,0,0,0,1,3,2,4,16,0.307692308,20.31,3.0127,230.312,230.06396,1
Fc(c1)ccc(c12)nc([9*])n(c2=O)-c3ccccc3,TRUE,0,3,1,2,0,0,1,1,3,3,5,18,0,34.89,1.6994,239.229,239.0620661,0
O=C([6*])N1CC[NH+](C)CC1,TRUE,1,1,1,0,1,1,0,0,1,0,4,9,0.833333333,24.75,-1.514,128.175,128.0944144,0
c1cc(F)cc(c12)OC[C@H]([11*])N2C(=O)c(c3)ccc(c34)OCC(=O)N4,TRUE,1,4,1,2,0,0,1,1,4,2,8,24,0.176470588,67.87,2.0712,327.291,327.0781101,1
c1nc(C)cc(c1[21*])C,TRUE,0,1,1,1,0,0,0,0,1,1,2,8,0.285714286,12.89,0.87304,106.148,106.0656743,0
Ic(c1)c(=O)[nH]c(=O)n1[C@H](O[C@@H]2[13*])[C@@H](F)[C@@H]2O,TRUE,2,5,1,1,0,0,2,1,2,1,9,16,0.5,84.32,-0.7556,341.056,340.9434579,4
[13*]N1CCC1,TRUE,0,1,0,0,0,0,0,0,1,0,2,4,1,3.24,0.1564,56.088,56.05002419,0
c1ccc(C(=O)N)c(c12)ncnc2N[14*],TRUE,2,4,1,1,0,0,0,2,2,2,6,14,0,80.9,0.6049,187.182,187.0619858,0
Cn1nc(C)c([*])c1,TRUE,0,2,1,1,0,0,0,0,1,1,3,7,0.4,17.82,-0.09688,95.125,95.06092322,0
[7*]NC(=O)c1c(I)cccc1,TRUE,1,1,1,1,0,0,1,1,1,1,4,10,0,29.1,1.4853,246.027,245.9415868,0
c1cccc(Cl)c1N(c(nc2)ncc2C(=O)N[13*])c3ccccc3,TRUE,1,4,1,3,0,0,1,4,3,3,7,23,0,58.12,3.7939,323.763,323.0699637,0
Fc(c1)cnc(c12)n(C[16*])nc2-c3nc(N)c(c(n3)N)NC(=O)OC,TRUE,3,9,1,2,0,0,1,3,3,3,12,24,0.153846154,146.86,0.8769,331.291,331.1067248,0
[11*]NC(=O)c1ccc(cc1)-c2ccccc2,TRUE,1,1,1,2,0,0,0,2,2,2,3,15,0,29.1,2.5477,196.229,196.0762389,0
c1cc(Cl)cc2c1NC(=O)CN([C@]23[11*])[C@@H](CO3)C,TRUE,1,3,1,1,0,0,1,0,3,1,6,17,0.416666667,41.57,1.6724,251.693,251.0587303,2
C1C[C@](O)(C)C[C@@H](CC2)[C@H]1[C@@H](CC3)[C@@H]2[C@@H]([C@]34C)CC[C@@H]4[23*],TRUE,1,1,0,0,0,0,0,0,4,0,2,20,1,20.23,4.7278,275.456,275.2374906,8
c1cc(Cl)cc2c1NC(=O)CN([C@]23[10*])C[C@H](O3)C,TRUE,1,3,1,1,0,0,1,0,3,1,6,17,0.416666667,41.57,1.6724,251.693,251.0587303,2
[5*]c1c(O)ccc(c12)cccc2,TRUE,1,1,1,1,0,0,0,0,2,2,2,11,0,20.23,1.72,143.165,143.0496898,0
O=c1nc(S)[nH]c(c1[5*])-c2ccccc2,TRUE,2,3,1,2,0,0,0,1,2,2,5,14,0,45.75,0.9002,203.246,203.0279088,0
COc1c(OC)c(OC)cc(CC[C@H]2[6*])c1c(c23)ccc(O)c(=O)c3,TRUE,1,5,1,2,0,0,0,3,3,2,6,24,0.315789474,64.99,2.9818,327.356,327.1232487,1
Fc1cccc(O)c1-c(c(F)c2)nc(c23)n(-c4c([24*])nccc4C)c(=O)nc3N5[C@@H](C)CN(CC5)C(=O)C=C,TRUE,1,8,2,3,0,0,2,4,5,4,12,38,0.222222222,104.45,2.53262,517.516,517.17997,1
Clc1cc([27*])cnc1Oc(c(Cl)cc2)cc2NC(=O)NC(=O)c3c(F)cccc3F,TRUE,2,4,1,3,0,0,4,4,3,3,11,29,0,80.32,4.5954,437.209,436.006728,0
C1CCO[C@@]12[C@]3(C)[C@@H](CC2)[C@H]4C([C@@H]([20*])C3)=C5C([C@@H](C4)C)=CC(=O)CC5,TRUE,0,2,1,0,0,0,0,0,5,0,3,24,0.772727273,26.3,4.9353,325.472,325.2167552,6
C1C[C@H](O)C(C)(C)[C@H](CC2)[C@@]1(C)[C@H]([C@@]23C)CC=C4[C@@]3(C)CC[C@]5([30*])[C@H]4[C@@H](C)[C@H](C)CC5,TRUE,1,1,0,0,0,0,0,0,5,0,2,30,0.931034483,20.23,7.7265,411.694,411.3626911,10
O=C1OCC(=C12)Cc3c([C@H]2[13*])cc4c(c3)OCO4,TRUE,0,4,2,1,0,0,0,0,4,1,5,17,0.307692308,44.76,1.4152,229.211,229.0500838,1
O=C1NCC(=O)N([C@]12[8*])CCC2,TRUE,1,2,2,0,0,0,0,0,2,0,5,11,0.714285714,49.41,-1.0158,153.161,153.0664025,1
O[C@H](C1)CCC(C)=C1/C=C\C(=CCC2)[C@@H]([C@]23C)CC[C@@H]3[7*],TRUE,1,1,1,0,0,0,0,2,3,0,2,20,0.684210526,20.23,4.8782,271.424,271.2061905,4
[2*]/C=C/C=C/C=C,TRUE,0,0,1,0,0,0,0,2,0,0,1,6,0,0,1.7916,79.122,79.05477522,0
O=c1c([N+]([O-])=O)nnc(n12)nc([*])[nH]2,TRUE,1,7,1,1,2,0,0,1,2,2,10,13,0,119.08,-2.1046,181.091,181.0110129,0
[1*]c1sc([N+]([O-])=O)cn1,TRUE,0,4,1,1,2,0,0,1,1,1,6,8,0,56.03,0.2259,129.12,128.9758733,0
[1*]c1sc(nn1)N,TRUE,1,4,1,1,0,0,0,0,1,1,5,6,0,51.8,-0.7051,100.126,99.99694306,0
O=S(=O)([12*])n1ncc(c12)ncc(c2)-c(c3)cnn3C,TRUE,0,7,1,2,0,0,0,2,3,3,9,18,0.1,82.67,0.474,262.274,262.0398705,0
[*]c1cnc(n12)ccc(c2)-c(c3)cnn3C,TRUE,0,4,1,2,0,0,0,1,3,3,5,15,0.090909091,35.12,0.9094,197.221,197.0827213,0
[13*][C@H]1OCCCNC1,TRUE,1,2,0,0,0,0,0,0,1,0,3,7,1,21.26,-0.1283,100.141,100.0762389,1
Cn1c(=O)oc(c12)ccc(c2)-c(cc3)ccc3[15*],TRUE,0,3,1,2,0,0,0,1,3,3,4,17,0.071428571,35.14,1.9731,224.239,224.0711536,0
[11*]c1nnc(n12)c(F)cc(c2)-c(c3)cnn3C,TRUE,0,5,1,2,0,0,1,1,3,3,7,16,0.1,48.01,0.4435,216.199,216.0685484,0
[9*]NC(=O)c1[nH]nc(c1)C(=O)C,TRUE,2,3,1,1,0,0,0,2,1,1,6,11,0.166666667,74.85,-0.1936,152.133,152.0460014,0
O[C@@H]1[C@H](O)[C@@H]([13*])O[C@H]1n2ccc(nc2=O)NO,TRUE,4,8,1,1,0,0,0,2,2,1,9,16,0.5,116.84,-1.8296,228.184,228.0620454,4
s1ccc(c12)CCO[C@H]2[8*],TRUE,0,2,1,1,0,0,0,0,2,1,3,9,0.428571429,9.23,1.8687,139.199,139.0217608,1
C1CC(O)CCN1c2ccc(cc2)Nc(c(c34)c(=O)[nH]nc4)nc(n3)N5CCC([15*])CC5,TRUE,3,8,1,2,0,0,0,4,5,3,10,31,0.454545455,110.27,2.3558,420.497,420.2147981,0
c1cc(F)cc(N([16*])C2=O)c1C23CC3,TRUE,0,1,1,1,0,0,1,0,3,1,4,13,0.3,20.31,1.6682,176.17,176.0511671,0
C1COC[C@H](N12)N([11*])n3c(C2=O)c(O)c(=O)cc3,TRUE,1,6,1,1,0,0,0,0,3,1,8,17,0.4,75.01,-1.2317,236.207,236.0671308,1
c1nc(OC)ccc1[15*],TRUE,0,2,1,1,0,0,0,1,1,1,3,8,0.166666667,22.12,0.2648,108.12,108.0449388,0
c1c([20*])c(=O)[nH]c(c12)cccc2,TRUE,1,1,1,1,0,0,0,0,2,2,3,11,0,32.86,0.7027,144.153,144.0449388,0
c1n[nH]c(c12)c(C)cc([28*])c2,TRUE,1,1,1,1,0,0,0,0,2,2,3,10,0.125,28.68,1.04592,131.158,131.0609232,0
Cc1cc(C)c(Br)c(C)c1NC(=O)[9*],TRUE,1,1,1,1,0,0,1,1,1,1,4,13,0.3,29.1,3.45556,241.108,240.0024011,0
[C@@H]12C(C)(C)[C@@H](C1)C([11*])=CC2,TRUE,0,0,0,0,0,0,0,0,3,0,1,9,0.777777778,0,2.4856,121.203,121.1017254,2
Clc1cncc(Cl)c1C(=O)Nc(cc2)ccc2[28*],TRUE,1,2,1,2,0,0,2,2,2,2,6,17,0,41.99,2.8153,266.107,264.9935432,0
[3*]c1ccc(Cl)c(c12)cccc2,TRUE,0,0,1,1,0,0,1,0,2,2,2,11,0,0,2.6678,161.611,161.0158029,0
[*]Nc1scc(n1)C,TRUE,1,3,1,1,0,0,0,1,1,1,4,7,0.25,24.92,1.32772,113.165,113.0173442,0
Clc1cc(C)c(O)cc1[2*],TRUE,1,1,1,1,0,0,1,0,1,1,3,9,0.142857143,20.23,1.52862,141.577,141.0107175,0
c1cc(O)cc(c1[1*])C,TRUE,1,1,1,1,0,0,0,0,1,1,2,8,0.142857143,20.23,0.87522,107.132,107.0496898,0
CC1(C)[C@@H]([10*])C(C)=CCC1,TRUE,0,0,0,0,0,0,0,0,1,0,1,9,0.777777778,0,3.0905,123.219,123.1173755,1
CC1(C)CCCC(C)=C1\C=C\C(C)=C\C=C\C(C)=C\C=C\C=C(C)\C=C\C=C(C)\C=C\[1*],TRUE,0,0,1,0,0,0,0,9,1,0,1,31,0.35483871,0,9.586,413.669,413.3208263,0
O=C1C[C@@H](C)CC[C@H]1[5*],TRUE,0,1,0,0,0,0,0,0,1,0,2,8,0.857142857,17.07,1.7133,111.164,111.08099,2
C1C[C@]([5*])(C)Oc(c12)c(C)c(C)c(c2C)OC(=O)c3cccnc3,TRUE,0,4,1,2,0,0,0,2,3,2,5,23,0.368421053,48.42,3.81656,310.373,310.1443185,1
Clc(c1)ccc(c12)sc(n2)-c(cc3)ccc3O[8*],TRUE,0,3,1,2,0,0,1,2,3,3,5,17,0,22.12,4.4598,260.725,259.9936875,0
[24*]Oc1cc(OC)c(c(O)c1)C(=O)/C=C/c2cc(O)c(OC)cc2,TRUE,2,6,1,2,0,0,0,6,2,2,7,23,0.117647059,85.22,2.8542,315.301,315.0868632,0
O=C1[C@]([*])(C)CC(=O)c(c12)cccc2,TRUE,0,2,1,1,0,0,0,0,2,1,3,13,0.272727273,34.14,2.1836,173.191,173.0602545,1
[11*]Oc1ccc(cc1)C(=O)c2c(C(=O)OC)cccc2,TRUE,0,4,1,2,0,0,0,4,2,2,5,19,0.066666667,52.6,2.5473,255.249,255.0657338,0
C1N([6*])C[C@@H]([C@@H]12)[C@H]3C[C@@H]2CC3,TRUE,0,1,0,0,0,0,0,0,3,0,2,10,1,3.24,1.4286,136.218,136.1126244,4
[5*][C@@H]1SSCC1,TRUE,0,2,0,0,0,0,0,0,1,0,3,5,1,0,1.6469,105.207,104.9832672,1
C1[C@@H]([*])N(C)C(C1=2)=CC(=O)C(/C2)=N\NC(=O)N,TRUE,2,4,1,0,0,0,0,1,2,0,7,16,0.3,87.79,-0.3854,219.224,219.0882006,1
C1=CC(=O)C=C([C@@H](Cl)C2)[C@@]1(C)[C@@H](C(=O)C3)[C@@H]2[C@@H]([C@]34C)CC[C@@]4([20*])O,TRUE,1,3,1,0,0,0,1,0,4,0,5,23,0.684210526,54.37,2.9285,333.835,333.1257472,7
Clc(c1)ccc(c12)Sc3c(C[C@@H]2[2*])cccc3,TRUE,0,1,2,2,0,0,1,0,3,2,3,16,0.142857143,0,4.6377,245.754,245.019174,1
[*]Nc1nsnc1OC,TRUE,1,5,1,1,0,0,0,2,1,1,6,8,0.333333333,47.04,0.4229,130.152,130.0075077,0
[4*]N1CCCN(C)CC1,TRUE,0,2,0,0,0,0,0,0,1,0,3,8,1,6.48,0.0882,113.184,113.1078734,0
C1CC(=O)C(Cl)=C(CC2)[C@@]1(C)[C@@H](CC3)[C@@H]2[C@@H]([C@]34C)CC[C@@H]4[1*],TRUE,0,1,1,0,0,0,1,0,4,0,3,21,0.842105263,17.07,5.4226,305.869,305.1672181,6
O=C([10*])Nc1cc(ccc1)OC(=O)N(C)C,TRUE,1,3,1,1,0,0,0,2,1,1,6,15,0.2,58.64,1.8282,207.209,207.0769672,0
C1N(C)C[C@@H]([C@@H]([*])[C@@H]12)CCC2,TRUE,0,1,0,0,0,0,0,0,2,0,2,10,1,3.24,1.6859,138.234,138.1282745,3
O1COc(c12)c(OC)cc([21*])c2-c3c(C(=O)OC)cc(OC)c(c34)OCO4,TRUE,0,8,1,2,0,0,0,4,4,2,9,26,0.277777778,81.68,1.7894,359.31,359.0766924,0
[8*]N1C(=O)CCCC1=O,TRUE,0,2,1,0,0,0,0,0,1,0,4,8,0.6,37.38,-0.0102,112.108,112.0398534,0
[7*]c1oc(cc1)C(=O)/C=C(\O)c2[nH]ncn2,TRUE,2,5,1,2,0,0,0,3,2,2,7,15,0,92.01,0.3541,204.165,204.0409161,0
C1CN([16*])C(=O)Nc(c12)cccc2,TRUE,1,1,1,1,0,0,0,0,2,1,4,12,0.222222222,32.34,1.5409,161.184,161.0714879,0
c1c(C)c(O)c(C)cc1[29*],TRUE,1,1,1,1,0,0,0,0,1,1,2,9,0.25,20.23,1.18364,121.159,121.0653399,0
C1C[C@@H](F)CN1[*],TRUE,0,1,0,0,0,0,1,0,1,0,3,6,1,3.24,0.4945,88.105,88.05625244,1
O1CCOc(c12)cc(Cl)cc2N(CC3)CCN3[14*],TRUE,0,4,1,1,0,0,1,1,3,1,6,17,0.5,24.94,1.6975,253.709,253.0743804,0
c1c([1*])c(OC)cc(c12)CCN(C)CC2,TRUE,0,2,1,1,0,0,0,1,2,1,3,14,0.5,12.47,0.9002,190.266,190.1231891,0
[17*][C@H]1OCC1,TRUE,0,1,0,0,0,0,0,0,1,0,2,4,1,9.23,0.2821,57.072,57.03403978,1
O=S(=O)([18*])n(c(n1)C)c(c12)cccc2N3CCNCC3,TRUE,1,6,1,1,0,0,0,2,3,2,8,19,0.416666667,67.23,0.39652,279.345,279.0915717,0
Cn1cc(C(=O)O)c(c12)ccc(c2)N3CCC([3*])CC3,TRUE,1,3,1,1,0,0,0,2,3,2,5,19,0.4,45.47,2.8145,257.313,257.1290028,0
[11*]c1cc(C)c(O)c(c12)CCC2,TRUE,1,1,1,1,0,0,0,0,2,1,2,11,0.4,20.23,1.36392,147.197,147.08099,0
Clc(s1)cc(C(F)(F)CO2)c1C23CCN([19*])CC3,TRUE,0,3,1,1,0,0,3,0,3,1,7,17,0.636363636,12.47,3.2789,278.731,278.0217941,0
O1C(C)(C)C(=O)N(C)c(c12)cc([*])cc2-c3cn(C)c(=O)c(c34)[nH]cc4,TRUE,1,4,1,2,0,0,0,1,4,3,7,25,0.263157895,67.33,1.842,336.371,336.1348164,0
[12*]Cn1c(N)nc(c12)cc(cn2)-c(c3)cnn3C,TRUE,1,6,1,2,0,0,0,2,3,3,7,17,0.181818182,74.55,0.9208,227.251,227.1045194,0
[O-][N+](=O)c(cc1)c(cc1[15*])Oc2cc(ccc2)C(=O)N(C)C,TRUE,0,4,1,2,2,0,0,4,2,2,7,21,0.133333333,72.68,2.2635,285.279,285.0875319,0
NC1(C)CCN(CC1)c2c(nccc2)NC(=O)c3nc(cnc3N)-c4ncccc4[31*],TRUE,3,8,1,3,0,0,0,4,4,3,10,30,0.285714286,135.94,1.2603,403.47,403.1994824,0
[11*][C@@H]1[C@@H](O)CNCC1,TRUE,2,2,0,0,0,0,0,0,1,0,3,7,1,32.26,-0.3216,100.141,100.0762389,2
C1N([10*])Cc(c12)cccc2,TRUE,0,1,1,1,0,0,0,0,2,1,2,9,0.25,3.24,1.4665,118.159,118.0656743,0
[nH]1[nH]c(=O)c2cccc3nc([10*])nc1c23,TRUE,2,4,1,1,0,0,0,0,3,2,6,14,0,66.91,-0.1253,185.166,185.0463358,0
[30*]c1occn1,TRUE,0,2,1,1,0,0,0,0,1,1,3,5,0,26.03,-0.1508,68.055,68.01363868,0
c1c(C)cnc(c1N[1*])C(=O)c2ncnc(c23)[nH]cc3,TRUE,2,5,1,2,0,0,0,3,3,3,7,19,0.076923077,83.56,1.76852,252.257,252.0885349,0
O=c(c1)c(=O)[nH][nH]c1[8*],TRUE,2,2,1,1,0,0,0,0,1,1,5,8,0,65.72,-1.7622,111.08,111.0194523,0
O[C@H]1[C@H](F)[C@@H](S[C@@H]1[12*])n2ccc(N)nc2=O,TRUE,2,6,1,1,0,0,1,1,2,1,8,15,0.5,81.14,-0.3547,230.244,230.0399507,4
n1cnc(N)c(c12)nc(Cl)n2[C@@H]([C@@H]3O)O[C@H]([14*])[C@H]3O,TRUE,3,8,1,1,0,0,1,1,3,2,10,18,0.444444444,119.31,-0.8121,270.656,270.0393918,4
c1cc(O)cc(c12)O[C@@H]([15*])C(=C2C)c3ccc(O)cc3,TRUE,2,3,1,2,0,0,0,1,3,2,4,19,0.125,49.69,3.2963,253.277,253.0864693,1
[15*]c1c(F)ccc(F)c1F,TRUE,0,0,1,1,0,0,3,0,1,1,4,9,0,0,1.2785,131.076,131.0108597,0
c1cc(O)ccc1\C=C\[1*],TRUE,1,1,1,1,0,0,0,1,1,1,2,9,0,20.23,1.9122,119.143,119.0496898,0
c1cc(OC)c(F)cc1N[*],TRUE,1,2,1,1,0,0,1,2,1,1,4,10,0.142857143,21.26,1.7105,140.137,140.0511671,0
c1cccc(C(=O)N[2*])c1Nc(c2)c(Cl)cnc2Nc3cc(C)nn3C(C)C,TRUE,3,6,1,3,0,0,1,6,3,3,9,27,0.210526316,83.87,4.50212,383.863,383.1387119,0
c1ccc(C)cc1-c2nc([10*])sc2-c3cc(ncc3)NC(=O)c4ccccc4,TRUE,1,4,1,4,0,0,0,4,4,4,6,27,0.045454545,54.88,4.60742,370.457,370.1014081,0
[18*]OC(=O)c1c(C)cc(O)c(O)c1,TRUE,2,4,1,1,0,0,0,1,1,1,5,12,0.125,66.76,1.02732,167.14,167.0344337,0
C1CCCN(S1(=O)=O)c(n2C)nc(c(O)c2=O)C(=O)N[21*],TRUE,2,7,1,1,0,0,0,2,2,1,11,20,0.5,121.6,-1.39,301.304,301.0606655,0
[15*]NC(=O)c1c(Cl)cccc1Cl,TRUE,1,1,1,1,0,0,2,1,1,1,5,11,0,29.1,2.1875,189.021,187.9669941,0
c1cc(N(C)C)cc(c12)c(=O)n(c(=O)n2C)-c3ccc([13*])cc3,TRUE,0,5,1,2,0,0,0,2,3,3,6,22,0.176470588,47.24,0.93,294.334,294.1242518,0
[7*]N1CCN(CC1)c2cc(C)ccc2,TRUE,0,2,1,1,0,0,0,1,2,1,3,13,0.454545455,6.48,1.58132,175.255,175.1235235,0
c1cc(C)oc1-c(nc(n2)N)c(c23)nnn3C[17*],TRUE,1,7,1,2,0,0,0,2,3,3,8,17,0.2,95.65,0.87872,229.223,229.0837839,0
C[C@@]1([10*])N=C(SC1)c2c(O)cc(O)cc2,TRUE,2,4,1,1,0,0,0,1,2,1,5,14,0.3,52.82,1.8567,208.262,208.0432246,1
C[C@H]1CN(C(=O)[16*])[C@]12CCN(C2)c3ncnc(c34)[nH]cc4,TRUE,1,4,2,1,0,0,0,1,4,2,7,20,0.5,65.12,1.5278,270.316,270.1354851,2
Cc1csc(n12)nc([10*])c(c2=O)-c3cc(F)ccc3,TRUE,0,4,1,2,0,0,1,1,3,3,6,18,0.076923077,34.37,2.04512,259.285,259.0341371,0
Fc(c1)c(F)cc(n2)c1cc(C3)c2c(n34)cc5c(c4=O)COC(=O)C[C@@]5([13*])O,TRUE,1,6,2,2,0,0,2,0,5,3,9,27,0.210526316,81.42,1.8447,369.303,369.0686883,1
C1CC(=O)C=C(C[C@H]2C)[C@H]1[C@@H]([C@H](C3)C)[C@@H]2[C@@H]([C@]34C)CC[C@@H]4[*],TRUE,0,1,1,0,0,0,0,0,4,0,2,21,0.85,17.07,4.958,285.451,285.2218405,8
C1COC[C@H](N1[10*])C,TRUE,0,2,0,0,0,0,0,0,1,0,3,7,1,12.47,0.1714,100.141,100.0762389,1
Cn1nc([*])cn1,TRUE,0,3,1,1,0,0,0,0,1,1,4,6,0.333333333,30.71,-1.0103,82.086,82.04052213,0
c1ccccc1Oc2c(\C=N\O[21*])c(C)nn2C,TRUE,0,5,1,2,0,0,0,4,2,2,6,17,0.166666667,48.64,2.33562,230.247,230.0929516,0
Clc1c(OC)cc(OC)c(Cl)c1-c(cc2)cc(c23)cnc(n3)N[11*],TRUE,1,5,1,2,0,0,2,4,3,3,8,23,0.125,56.27,4.497,349.197,348.030657,0
[10*]NC(=O)C=C,TRUE,1,1,1,0,0,0,0,1,0,0,3,5,0,29.1,-0.2471,70.071,70.02928875,0
FC1=C([13*])[C@@H](O)[C@@H](O)[C@@H]1n2ccc(N)nc2=O,TRUE,3,6,1,1,0,0,1,1,2,1,8,16,0.333333333,101.37,-1.1676,226.187,226.0627944,3
c1ccc(F)cc1-c(cc2=O)[nH]c(c23)ccc(OC)c3O[*],TRUE,1,3,1,2,0,0,1,3,3,3,6,21,0.0625,51.32,3.1859,284.266,284.0722964,0
O=C([18*])N(CC1)C(C)(C)c(n12)nc(-c3ccc(F)cc3)c2Nc4ccc(F)cc4,TRUE,1,4,2,3,0,0,2,3,4,3,8,28,0.238095238,50.16,4.7919,381.406,381.1526927,0
c1n[nH]c(c12)ncc([36*])c2,TRUE,1,2,1,1,0,0,0,0,2,2,4,9,0,41.57,0.1325,118.119,118.0405221,0
COc(c1[11*])cc(C)c(c12)[nH]cc2,TRUE,1,1,1,1,0,0,0,1,2,2,3,12,0.2,25.02,1.65952,160.196,160.0762389,0
c1nccc(c12)ccc([11*])c2,TRUE,0,1,1,1,0,0,0,0,2,2,2,10,0,12.89,1.4094,128.154,128.0500242,0
COc(c1[23*])c(OC)ccc1,TRUE,0,2,1,1,0,0,0,2,1,1,3,10,0.25,18.46,0.8784,137.158,137.0602545,0
C1COCCN1c2c(NC(=O)C=C)cc(c(c2)OC)Nc3nc(ccn3)-n4nc(c([22*])c4)-c5ccccc5,TRUE,2,9,1,4,0,0,0,8,5,4,11,37,0.185185185,106.43,3.2172,496.551,496.2097127,0
C1CCCCC12n3c(C(=O)NC2)cc4c3nc(nc4)Nc(nc5)ccc5N(CC6)CCN6[27*],TRUE,2,8,1,2,0,0,0,3,6,3,10,32,0.47826087,91.21,2.559,431.524,431.2307825,0
C1[C@H]([6*])Oc(c12)[n+](C)c3c(c2OC)cccc3OC,TRUE,0,3,1,1,1,1,0,2,3,2,5,18,0.357142857,31.57,1.4918,245.278,245.1046448,1
[14*][N+]12CCN(CC1)CC2,TRUE,0,1,0,0,1,1,0,0,3,0,3,8,1,3.24,-0.4033,112.176,112.0994998,0
F[C@H](C1)[C@H]([4*])CN1c(n2)nc(c(c23)ncn3C)Nc(c4)c(OC)nn4C,TRUE,1,9,1,2,0,0,1,4,4,3,11,25,0.466666667,85.92,1.3449,345.362,345.1587604,2
COc(c1)ccc2c1C(c3ccc(Cl)cc3)=N[C@@H]([12*])c(n24)nnc4C,TRUE,0,5,1,3,0,0,1,2,4,3,7,24,0.166666667,52.3,3.63662,337.79,337.0856137,1
Cc1c(OC)ncnc1[9*],TRUE,0,3,1,1,0,0,0,1,1,1,4,9,0.333333333,35.01,-0.03178,123.135,123.0558378,0
FC(=C1)C(=O)N(C)[C@H](CC2)[C@@]1(C)[C@@H](CC3)[C@@H]2[C@@H]([C@]34C)CC[C@@H]4[24*],TRUE,0,1,1,0,0,0,1,0,4,0,4,22,0.842105263,20.31,4.2608,304.429,304.2076677,7
[nH]1c([28*])nc(c12)nccc2,TRUE,1,2,1,1,0,0,0,0,2,2,4,9,0,41.57,0.1325,118.119,118.0405221,0
c1cc(Cl)cc(c12)nccc2Nc3cc([14*])c(O)c(c34)CCCC4,TRUE,2,3,1,2,0,0,1,2,4,3,5,23,0.210526316,45.15,4.3908,323.803,323.0951158,0
[26*]\C=C\C(=O)N1C[C@@H](CCCC1)n2c(nc(c23)cccc3Cl)NC(=O)c4cc(C)ncc4,TRUE,1,5,2,2,0,0,1,4,4,3,9,31,0.304347826,80.12,4.26202,436.923,436.1540277,1
Fc1cc(Cl)c([24*])cc1-c2ncnc(c23)cc(cc3)N4CCOCC4,TRUE,0,4,1,2,0,0,2,2,4,3,7,24,0.222222222,38.25,3.1005,342.781,342.080943,0
c1cc(OC)nnc1[24*],TRUE,0,3,1,1,0,0,0,1,1,1,4,8,0.2,35.01,-0.3402,109.108,109.0401878,0
[12*]c1oc(nc1)-c2cc(cc(c23)[nH]nc3)-c4cccc(c45)[nH]cc5,TRUE,2,3,1,3,0,0,0,2,5,5,6,23,0,70.5,3.5408,299.313,299.093286,0
c1cc(O[15*])cc(c12)nccc2Oc(cc3)c(F)cc3NC(=O)c(c4C)c(=O)n(n4C)-c5ccccc5,TRUE,1,7,1,4,0,0,1,6,5,5,10,36,0.074074074,87.38,5.05942,483.479,483.1468583,0
CO/N=C(C1)/C[C@@H]([9*])N1C(=O)c2ccc(cc2)-c3c(C)cccc3,TRUE,0,3,2,2,0,0,0,3,3,2,5,23,0.263157895,41.9,3.38572,307.373,307.1446528,1
Clc(c1)ccc(c12)[nH]c(=O)c([7*])c2,TRUE,1,1,1,1,0,0,1,0,2,2,4,12,0,32.86,1.3561,178.598,178.0059665,0
O=C(N)c(cc1)c(nc1[6*])-c2ccc(cc2)Oc3ccccc3,TRUE,1,3,1,3,0,0,0,4,3,3,5,22,0,65.21,2.8144,289.314,289.0977027,0
C1CC(N)CCN1c2c(-c3cc(F)cc(F)c3)cnc(c24)ccc(c4)-c5c(O)c([33*])ccc5,TRUE,2,4,1,3,0,0,2,3,5,4,7,32,0.192307692,62.38,4.6547,430.478,430.1730938,0
OC(=O)/C=C(C)/C=C/C=C([5*])\C,TRUE,1,1,1,0,0,0,0,3,0,0,3,11,0.222222222,37.3,2.0266,151.185,151.0759046,0
[10*]NC(=O)c(c(n1)N)c(n12)nccc2,TRUE,2,5,1,1,0,0,0,1,2,2,7,13,0,85.31,-0.4944,176.159,176.0572348,0
Cn1ncc([35*])c1,TRUE,0,2,1,1,0,0,0,0,1,1,3,6,0.25,17.82,-0.4053,81.098,81.04527316,0
[8*]Oc(c1)ccc(c12)nc(s2)/C=C/C=C/c3ccc(nc3)NC,TRUE,1,5,1,2,0,0,0,5,3,3,6,22,0.058823529,47.04,4.3027,308.386,308.0857581,0
C1CS(=O)(=O)N=C(N12)C(=NC(=C2)C)c(cc3)ccc3O[7*],TRUE,0,5,1,1,0,0,0,2,3,1,8,20,0.230769231,71.33,1.2376,290.324,290.0599372,0
n1cc(F)cc(c12)nc(N)nc2N[7*],TRUE,2,5,1,1,0,0,1,1,2,2,7,13,0,76.72,0.6223,178.15,178.0528984,0
O=C([13*])C(CN1)=Nc(c12)c(=O)nc([nH]2)N,TRUE,3,6,1,1,0,0,0,1,2,1,8,14,0.142857143,113.23,-1.074,192.158,192.0521494,0
[nH]1c([8*])nc(=O)c(c12)sc(c2)-c3c(C)[nH]nc3,TRUE,2,4,1,2,0,0,0,1,3,3,7,16,0.1,74.43,0.85772,231.26,231.0340568,0
N12[C@H]([14*])CC(CC1)CC2,TRUE,0,1,0,0,0,0,0,0,3,0,2,8,1,3.24,0.9775,110.18,110.0969744,1
Clc(c1)cc(c(=O)n1C)N([C@H]2[18*])C(=O)c(c23)nc(n3C(C)C)-c4c(OC)nc(OC)nc4,TRUE,0,9,1,3,0,0,1,5,4,3,12,31,0.35,104.37,2.4986,443.871,443.1234558,1
[13*]c1nc(sc1)-c2sccc2,TRUE,0,3,1,2,0,0,0,1,2,2,4,10,0,12.89,2.0462,166.25,165.9785161,0
[1*]c1cc(O)c(C)cc1,TRUE,1,1,1,1,0,0,0,0,1,1,2,8,0.142857143,20.23,0.87522,107.132,107.0496898,0
Clc(c1)ccc(c12)CCN[C@H]2[23*],TRUE,1,1,1,1,0,0,1,0,2,1,3,11,0.333333333,12.03,2.0336,166.631,166.042352,1
[N-]=[N+]=N[C@]1([15*])O[C@H]([C@@H](F)[C@@H]1O)n2ccc(N)nc2=O,TRUE,2,7,2,1,2,0,1,2,2,1,11,18,0.5,139.13,-0.4333,255.189,255.0641913,4
[10*]c1oc(nn1)N,TRUE,1,4,1,1,0,0,0,0,1,1,5,6,0,64.94,-1.1736,84.058,84.01978668,0
O=C1C=C(C)C(=O)C=C1[2*],TRUE,0,2,1,0,0,0,0,0,1,0,3,9,0.142857143,34.14,0.5177,121.115,121.0289544,0
[20*]NC(=O)c(c1)[nH]c(c12)cccc2OC,TRUE,2,2,1,1,0,0,0,2,2,2,5,14,0.1,54.12,1.3706,189.194,189.0664025,0
O=C1NCC[C@H]1[15*],TRUE,1,1,1,0,0,0,0,0,1,0,3,6,0.75,29.1,-0.1559,84.098,84.04493881,1
C1CSC(N12)=N[C@H]([8*])C2,TRUE,0,3,1,0,0,0,0,0,2,0,4,8,0.8,15.6,0.2802,127.192,127.0329942,1
O=C1O[C@@H]([10*])CN1/N=C/c2oc([N+]([O-])=O)cc2,TRUE,0,6,1,1,2,0,0,3,2,1,9,16,0.25,98.18,0.8493,224.152,224.0307453,1
Cc1ccsc1C(=O)Nc(cc2[13*])c(cc2)/C=C/c3n[nH]c(c34)cccc4,TRUE,2,3,1,3,0,0,0,4,4,4,6,26,0.047619048,57.78,4.53012,358.446,358.1014081,0
C=CC(=O)Nc(c1)c(N([26*])C)cc(OC)c1Nc(ncc2)nc2-c(cn3C4CC4)c(c35)cccc5,TRUE,2,7,1,3,0,0,0,8,5,4,9,34,0.192307692,84.31,5.2104,453.526,453.203899,0
Clc(c1)ccc(c12)nc([4*])c(N)c2,TRUE,1,2,1,1,0,0,1,0,2,2,4,12,0,38.91,1.645,177.614,177.0219509,0
Fc1cc(F)cc(c12)OCC[C@@H]2[2*],TRUE,0,1,1,1,0,0,2,0,2,1,4,12,0.333333333,9.23,2.3377,169.15,169.0464963,1
[8*]Oc1cc(C(=O)N(C)C)cc(c12)[nH]c(n2)C,TRUE,1,3,1,1,0,0,0,2,2,2,6,16,0.272727273,58.22,1.41622,218.236,218.0929516,0
c1cccc(c12)nc(-c3cc(O[30*])ccc3)nc2Nc(c4)ccc(c45)[nH]nc5,TRUE,2,5,1,3,0,0,0,4,5,5,7,27,0,75.72,4.7598,352.377,352.1198351,0
FC1(F)CCC([3*])CC1,TRUE,0,0,0,0,0,0,2,0,1,0,3,8,1,0,2.5335,119.134,119.0672317,0
C1COCCN1c(c2)nc(nc2N[9*])-n3nc(C)cc3,TRUE,1,7,1,2,0,0,0,3,3,2,8,19,0.416666667,68.1,0.68352,259.293,259.1307341,0
O=P([O-])([6*])C,TRUE,0,2,0,0,1,-1,0,0,0,0,4,4,1,40.13,-0.2811,78.007,77.98761455,1
C1C[NH2+]CC=C1[*],TRUE,1,0,0,0,1,1,0,0,1,0,2,6,0.6,16.61,-0.6133,83.134,83.07295071,0
[17*]c1ccc(cc1)C(=O)Nc2cccnc2,TRUE,1,2,1,2,0,0,0,2,2,2,4,15,0,41.99,1.5085,197.217,197.0714879,0
O1C(=O)/C=C/[C@H](O)CCC[C@@H](C)C\C=C\[C@H]2[C@H](O)C(=C)[C@@H](C)[C@H]([C@]123)[C@H]([14*])NC3=O,TRUE,3,5,2,0,0,0,0,0,3,0,7,28,0.636363636,95.86,1.7562,388.484,388.2123981,8
c1cc(O)c(O)cc1/C=C([20*])/C(=O)Nc2ccccc2,TRUE,3,3,1,2,0,0,0,3,2,2,5,19,0,69.56,2.6267,254.265,254.0817182,0
O=C1SCC(=O)N1[24*],TRUE,0,3,1,0,0,0,0,0,1,0,5,7,0.333333333,37.38,0.1461,116.121,115.9806243,0
C1CC1n2ncc(c2)-c(n3)ccc(n34)nnc4[18*],TRUE,0,6,1,2,0,0,0,2,4,3,7,17,0.272727273,60.9,0.4973,225.235,225.0888693,0
c1c([18*])c(F)cc(c12)nn(c2)C,TRUE,0,2,1,1,0,0,1,0,2,2,4,11,0.125,17.82,0.887,149.148,149.0515014,0
c1cc(Cl)c(Cl)cc1-c(cc2)c(F)cc2[5*],TRUE,0,0,1,2,0,0,3,1,2,2,4,15,0,0,3.9741,240.084,238.9830588,0
O=c1[nH]nc(n12)c3c(cc2)nc(-c(cc4)ccc4[6*])c(c3)-c5ccccc5,TRUE,1,4,1,3,0,0,0,2,5,5,6,26,0,63.05,3.0794,337.362,337.108936,0
CC1(C)[C@]([11*])(O)C(C)=CC(=O)C1,TRUE,1,2,1,0,0,0,0,0,1,0,3,11,0.666666667,37.3,1.1696,153.201,153.0915547,1
OC(=O)/C=C(C)\C=C\[5*],TRUE,1,1,1,0,0,0,0,2,0,0,3,8,0.166666667,37.3,1.0803,111.12,111.0446045,0
c1ncc(n12)CCC[C@@H]2[8*],TRUE,0,2,1,1,0,0,0,0,2,1,3,9,0.571428571,17.82,1.2673,121.163,121.0765733,1
c1cc(O)ccc1-c(o2)cc(=O)c(c23)c(O)cc(O)c3[12*],TRUE,3,5,1,2,0,0,0,1,3,3,6,20,0,90.9,1.7514,269.232,269.0449984,0
[8*]NC(=O)c1cc(Cl)cc(c12)N(C)C(=O)CO2,TRUE,1,3,1,1,0,0,1,1,2,1,7,16,0.2,58.64,0.8893,239.638,239.0223448,0
[8*]Nc(s1)nc(c12)ccc(c2)Oc3cc(ncc3)C(=O)NC,TRUE,2,6,1,2,0,0,0,4,3,3,8,21,0.071428571,76.14,2.7194,299.335,299.0602716,0
S1CCN=C1N2CC([*])C2,TRUE,0,3,1,0,0,0,0,0,2,0,4,9,0.833333333,15.6,0.7426,141.219,141.0486443,0
c1cc(F)cc(F)c1-c(c2)cc(cc2N[*])-n3cnc(c34)cc(cc4)-c(c5)cnn5C,TRUE,1,5,1,4,0,0,2,4,5,5,8,30,0.043478261,47.67,5.2474,400.412,400.137377,0
c1c([12*])ccc(C)c1NC(=O)c2ccc(cc2)Nc(nc(c34)cccc4)nc3-c5ccccc5,TRUE,2,4,1,4,0,0,0,5,5,5,6,33,0.035714286,66.91,5.77572,429.503,429.1715363,0
O=C1CN(C)CCN1[16*],TRUE,0,2,1,0,0,0,0,0,1,0,4,8,0.8,23.55,-0.7753,113.14,113.0714879,0
c1cccc2c1sc3c(C(=O)N[31*])c(=O)c(c4n23)ccc(n4)N5CCCN(C)CC5,TRUE,1,7,1,1,0,0,0,2,5,4,9,29,0.285714286,69.95,2.3984,406.491,406.1337709,0
[31*]c1ncc(C)nc1,TRUE,0,2,1,1,0,0,0,0,1,1,3,7,0.2,25.78,-0.04038,93.109,93.04527316,0
c1c([18*])c(=O)[nH]c(C)c1-c(c2)ccc(n23)ncc3,TRUE,1,3,1,2,0,0,0,1,3,3,5,17,0.076923077,50.16,1.17262,224.243,224.0823869,0
C1C[C@@H](N)CC[C@@H]1[6*],TRUE,1,1,0,0,0,0,0,0,1,0,2,7,1,26.02,1.2255,98.169,98.09697438,0
Fc1c(N[8*])nc(c(c12)C(=O)NC2)-c(c3)cnn3C,TRUE,2,5,1,2,0,0,1,2,3,2,8,18,0.181818182,71.84,0.7408,246.225,246.0791131,0
C=CC(=O)N([30*])C,TRUE,0,1,1,0,0,0,0,1,0,0,3,6,0.25,20.31,0.0951,84.098,84.04493881,0
c1cc(O[14*])cc(c12)C(C)=CC(N2)(C)C,TRUE,1,2,1,1,0,0,0,1,2,1,3,14,0.333333333,21.26,3.1371,188.25,188.1075391,0
O=C(C1)[C@@](C2)(C)CC[C@H]([C@@]123)[C@@]4(C)[C@H](CC3)[C@@]([22*])(C)CCC4,TRUE,0,1,0,0,0,0,0,0,4,0,2,20,0.947368421,17.07,5.0801,273.44,273.2218405,6
C1OCCc(c12)nc(nc2N[22*])-n3c(C)cc(c34)c(C(=O)N)ccc4,TRUE,2,6,1,2,0,0,0,3,4,3,8,24,0.235294118,95.06,1.77672,322.348,322.1303998,0
c1cccc(c12)OC[C@H]([4*])C(=O)N2C,TRUE,0,2,1,1,0,0,0,0,2,1,4,13,0.3,29.54,1.3796,176.195,176.0711536,1
c1cccc(c12)C(O[21*])=C(N(S2(=O)=O)C)C(=O)Nc3ncccc3,TRUE,1,5,1,2,0,0,0,3,3,2,9,23,0.066666667,88.6,1.5039,330.345,330.0548519,0
o1c(C)nc(c12)ccc(c2)N(C(=O)[12*])C,TRUE,0,3,1,1,0,0,0,1,2,2,5,14,0.2,46.34,2.24172,189.194,189.0664025,0
c1cc(F)cc(c12)nc(c([8*])c2)-c3ncccc3,TRUE,0,2,1,2,0,0,1,1,3,3,4,17,0,25.78,2.6105,223.23,223.0671515,0
Cc1cc(O[10*])nn1-c(c2)ccc(c23)cccc3,TRUE,0,3,1,2,0,0,0,2,3,3,4,17,0.071428571,27.05,3.17702,223.255,223.087138,0
[8*]c1nnc(n12)ccc(n2)-c3ccncc3,TRUE,0,5,1,2,0,0,0,1,3,3,6,15,0,55.97,0.3609,196.193,196.0623202,0
[13*]Oc1ccc(cc1)C(=O)N,TRUE,1,2,1,1,0,0,0,2,1,1,4,10,0,52.32,0.6286,136.13,136.0398534,0
Cc1noc(C)c1-c(c(c2n34)OC[C@@H]3[14*])ccc2[nH]c4=O,TRUE,1,5,1,2,0,0,0,1,4,3,7,20,0.285714286,73.05,2.04174,270.268,270.0878662,1
Clc(c1)ccc(c1[8*])OC,TRUE,0,1,1,1,0,0,1,1,1,1,3,9,0.142857143,9.23,1.5232,141.577,141.0107175,0
COc(c1)c(Cl)cc(c12)[nH]cc2[5*],TRUE,1,1,1,1,0,0,1,1,2,2,4,12,0.111111111,25.02,2.0045,180.614,180.0216165,0
O=C([15*])N(C1)[C@@H](C)SC12CCN(C)CC2,TRUE,0,3,1,0,0,0,0,0,2,0,5,14,0.9,23.55,1.5149,213.326,213.1061592,1
O=C([11*])/C=C/c1cc(OC)c(OC)cc1,TRUE,0,3,1,1,0,0,0,4,1,1,4,14,0.181818182,35.53,1.7929,191.206,191.0708192,0
[18*][C@H]1CC[C@](O)([C@@]12C)C=3[C@H](CC2)[C@]4(C)[C@H](C(=O)C3)C[C@@H](O)[C@@H](O)C4,TRUE,3,4,1,0,0,0,0,0,4,0,5,23,0.842105263,77.76,1.9126,319.421,319.1909343,8
c1cc(F)c(Cl)cc1C(=O)N(CC2)CCC2(F)[13*],TRUE,0,1,1,1,0,0,3,1,2,1,6,17,0.416666667,20.31,2.9302,258.675,258.0497231,0
[15*]c1ncc(cn1)C,TRUE,0,2,1,1,0,0,0,0,1,1,3,7,0.2,25.78,-0.04038,93.109,93.04527316,0
c1sc(C)nc1[21*],TRUE,0,2,1,1,0,0,0,0,1,1,3,6,0.25,12.89,0.62612,98.15,98.00644513,0
C1N([7*])CCSc(c12)ccc(c2)OC,TRUE,0,3,1,1,0,0,0,1,2,1,4,13,0.4,12.47,2.0672,194.279,194.06396,0
[8*][C@H]1CNC=NC1,TRUE,1,2,1,0,0,0,0,0,1,0,3,6,0.75,24.39,-0.0443,83.114,83.06092322,1
[8*]NC(=O)c1ccc(C)cc1,TRUE,1,1,1,1,0,0,0,1,1,1,3,10,0.125,29.1,1.18912,134.158,134.0605889,0
O=C([9*])Nc1c(N)cccc1,TRUE,2,2,1,1,0,0,0,1,1,1,4,10,0,55.12,1.35,135.146,135.0558378,0
Clc1cc(Cl)c(O)c(c12)nc([8*])n(c2=O)C,TRUE,1,4,1,1,0,0,2,0,2,2,7,15,0.111111111,55.12,1.1205,244.057,242.9728078,0
c1coc(c12)cccc2[20*],TRUE,0,1,1,1,0,0,0,0,2,2,2,9,0,13.14,1.6074,117.127,117.0340398,0
OC1([10*])CCN(CC1)C(=O)c2c(nccc2)-c3ccncc3,TRUE,1,4,1,2,0,0,0,2,3,2,6,21,0.3125,66.32,1.6175,282.323,282.1242518,0
[13*]O/N=C(\N)c1cccnc1,TRUE,1,3,1,1,0,0,0,2,1,1,5,10,0,60.5,0.1828,136.134,136.0510868,0
C1=CC(=O)N(C)[C@H](CC2)[C@@]1(C)[C@@H](CC3)[C@@H]2[C@@H]([C@]34C)CC[C@@H]4[7*],TRUE,0,1,1,0,0,0,0,0,4,0,3,21,0.842105263,20.31,3.9636,286.439,286.2170895,7
[20*]N1[C@H](C)C(=O)N(C)CC1,TRUE,0,2,1,0,0,0,0,0,1,0,4,9,0.833333333,23.55,-0.3868,127.167,127.087138,1
COc1nnc(n12)ccc(n2)N3CCC([15*])CC3,TRUE,0,6,1,1,0,0,0,2,3,2,7,17,0.545454545,55.55,1.0709,232.267,232.1198351,0
c1cccc(n2C[23*])c1c(c23)c4c(C(=O)NC4)c5c3n(C)c6c5cccc6,TRUE,1,3,1,1,0,0,0,1,6,5,5,26,0.136363636,38.96,4.1896,338.39,338.1293371,0
[18*]Oc1ccc(cc1)C(=O)Nc(ccc2)cc2Oc(c3)ncc(c34)nc(n4CC)-c5nonc5N,TRUE,2,10,1,4,0,0,0,7,5,5,12,34,0.086956522,143.21,3.9711,456.442,456.1420271,0
c1cccc(c1[12*])C(=O)Nc(c2)ccc(c23)nc(C)cc3N,TRUE,2,3,1,2,0,0,0,2,3,3,5,21,0.058823529,68.01,2.55232,276.319,276.1136871,0
CN(C)C(=O)n1nnnc1[6*],TRUE,0,5,1,1,0,0,0,0,1,1,7,10,0.5,63.91,-1.6226,140.126,140.0572348,0
O=C1C(N[12*])=C(Cl)C(=O)c(c12)cccn2,TRUE,1,4,1,1,0,0,1,1,2,1,6,14,0,59.06,0.9649,207.596,206.99613,0
Brc(c1)ccc(n12)ncc2\C=N\N([1*])C,TRUE,0,4,1,1,0,0,1,2,2,2,6,14,0.111111111,32.9,1.8268,252.095,250.9932334,0
[O-][N+](=O)c(c1)ccc(c1[1*])C,TRUE,0,2,1,1,2,0,0,1,1,1,4,10,0.142857143,43.14,1.07782,136.13,136.0398534,0
O=C(C1)C(O)=C(C)C(=CC2)C=1[C@](C)(CC3)C=2[C@@]4(C)CC[C@](C)([C@@H]5[C@]34C)CC[C@@]([25*])(C5)C,TRUE,1,2,1,0,0,0,0,0,5,0,3,30,0.678571429,37.3,7.3347,405.602,405.2793554,6
[11*]c1csc(n12)nc(c2)-c3c(cccc3)NC(=O)c(n4)cnc(c45)cccc5,TRUE,1,6,1,3,0,0,0,3,5,5,8,27,0,72.18,3.4329,370.417,370.076256,0
[21*]OC(=O)c(c1C)c(C)[nH]c1\C=C\2C(=O)Nc(c23)cccc3,TRUE,2,3,1,2,0,0,0,2,3,2,6,21,0.125,71.19,2.74534,281.291,281.0926173,0
C1NCC[C@@H]1[7*],TRUE,1,1,0,0,0,0,0,0,1,0,2,5,1,12.03,0.3175,70.115,70.06567426,1
c1ncncc1\C=C\[3*],TRUE,0,2,1,1,0,0,0,1,1,1,3,8,0,25.78,0.9966,105.12,105.0452732,0
C1O[C@@H](C2)CN([C@H]12)c3nc(N(CC4(F)F)CC4)nc(c3)-c5cc(O[30*])c(N)nc5,TRUE,1,8,1,2,0,0,2,4,5,2,11,28,0.5,89.63,1.7868,389.386,389.1537553,2
OC(=O)c1scc(c12)[nH]c(=O)n(c2=O)-c3cc(O[25*])c(OC)cc3F,TRUE,2,7,1,2,0,0,1,4,3,3,11,24,0.071428571,110.62,1.4295,351.291,351.0087102,0
Fc1c(F)ccc(c1[25*])OC,TRUE,0,1,1,1,0,0,2,1,1,1,4,10,0.142857143,9.23,1.148,143.112,143.0308462,0
CC1(C)NC[C@@H]([6*])CC1,TRUE,1,1,0,0,0,0,0,0,1,0,2,8,1,12.03,1.4862,112.196,112.1126244,1
[17*]OC(=O)NC(=O)c(nc1)c(n12)nnn(c2=O)C,TRUE,1,9,1,1,0,0,0,1,2,2,11,17,0.142857143,120.48,-1.8463,237.155,237.0372276,0
[11*]NC(=O)c1c(OC)cc(c([131I])c1)NC(=O)c2ccc(F)cc2,TRUE,2,3,1,2,0,0,2,4,2,2,8,22,0.066666667,67.43,2.8853,417.1681246,416.981495,0
ON1CCC[C@@H]([*])C1=O,TRUE,1,2,1,0,0,0,0,0,1,0,4,8,0.8,40.54,0.3358,114.124,114.0555035,1
O1C(=O)[C@@H]([17*])[C@@H]([C@H]1[C@@H]23)CCC(C)=C3CC[C@]2(O)C,TRUE,1,3,1,0,0,0,0,0,3,0,4,17,0.785714286,46.53,2.1371,235.303,235.1334195,5
c1cc(Cl)c(Cl)cc1NC(=O)Nc(nc2N[11*])nc(c2)C,TRUE,3,4,1,2,0,0,2,3,2,2,9,20,0.083333333,78.94,3.61202,311.152,310.0262403,0
c1c([24*])ccc(C)c1Nc(nc2)oc2-c(cc3)ccc3N4CCNC4=O,TRUE,2,4,1,3,0,0,0,4,4,3,7,25,0.157894737,70.4,3.09782,333.371,333.1351508,0
Clc(c1)ccc(O)c1\C(C)=N\NC(=O)c(cc2[1*])ccc2,TRUE,2,3,1,2,0,0,1,3,2,2,6,20,0.066666667,61.69,2.3742,287.726,287.0587303,0
c1cc(O[21*])ccc1/N=C(N)/N=C(N)/N2CCCC2,TRUE,2,2,1,1,0,0,0,2,2,1,7,18,0.333333333,89.23,0.8864,246.294,246.1354851,0
[5*]c1cc([18F])ccc1,TRUE,0,0,1,1,0,0,1,0,1,1,2,7,0,0,1.0003,94.098938,94.03223813,0
c1cc(Cl)ccc1C(=N[C@H]2[11*])c(c3c(c24)c(no4)C)cccc3,TRUE,0,3,1,3,0,0,1,1,4,3,5,22,0.111111111,38.39,4.70232,307.76,307.0638157,1
C1OC[C@@H](N)C12CCN(CC2)c3nc(N)c([*])nc3,TRUE,2,6,1,1,0,0,0,1,3,1,7,18,0.666666667,90.29,-0.8225,248.31,248.1511352,1
FC1(F)CN(C(=O)C)c(c12)cccc2[*],TRUE,0,1,1,1,0,0,2,0,2,1,5,14,0.3,20.31,1.3195,196.176,196.0573953,0
O=C1C(N[8*])=C(Cl)C(=O)c(c12)cccc2,TRUE,1,3,1,1,0,0,1,1,2,1,5,14,0,46.17,1.5699,206.608,206.0008811,0
c1cc([131I])ccc1[4*],TRUE,0,0,1,1,0,0,1,0,1,1,2,7,0,0,1.4658,207.0041246,206.9374247,0
[5*]c1nc(on1)\C=C\c2cc(O)c(O)cc2,TRUE,2,5,1,2,0,0,0,2,2,2,6,15,0,79.38,0.8258,203.177,203.0456671,0
Clc1cccc(C)c1C(=O)NNC(=O)c(cc2)cc([28*])c2C,TRUE,2,2,2,2,0,0,1,2,2,2,6,21,0.125,58.2,2.20624,301.753,301.0743804,0
[6*]S[11CH3],TRUE,0,1,0,0,0,0,0,0,0,0,2,2,1,0,0.8137,46.1024336,46.0069797,0
O=C1NC(N)=NCN1[10*],TRUE,2,3,1,0,0,0,0,0,1,0,6,8,0.333333333,70.72,-1.2519,113.1,113.0463358,0
Brc1c[nH]c(=O)c(c12)c(nc(n2)N[9*])Nc3ccc(cc3)Oc4ccccc4,TRUE,3,6,1,3,0,0,1,5,4,4,9,27,0,91.93,4.4927,423.25,422.0252618,0
Fc1ccc([19*])cc1C(=O)N2CCN(CC2)c3ncccn3,TRUE,0,4,2,2,0,0,1,2,3,2,7,21,0.266666667,49.33,0.7527,285.302,285.1151643,0
c1cc(Cl)cc(CCC2)c1[C@]23CN4c5c(OC3)ccc(c5)C(=O)NS(=O)(=O)[C@H](C)[C@@H](C)C\C=C\[C@H]([2*])[C@H]6[C@H](C4)CC6,TRUE,1,5,2,2,0,0,1,0,6,2,9,40,0.53125,75.71,6.2212,582.186,581.2240814,6
FC1(F)[C@H]([3*])CCN(C1)C,TRUE,0,1,0,0,0,0,2,0,1,0,4,9,1,3.24,1.295,134.149,134.0781308,1
C1COCCN1c2ccc(cc2)-c3ccc([20*])nc3,TRUE,0,3,1,2,0,0,0,2,3,2,4,18,0.266666667,25.36,1.7598,239.298,239.1184381,0
[19*]OC(=O)N1CCN(CC1)[N+](\[O-])=N\Oc2c([N+]([O-])=O)cc([N+]([O-])=O)cc2,TRUE,0,9,2,1,6,0,0,5,2,1,15,25,0.363636364,166.72,0.8928,355.243,355.0638363,0
c1cc(O)c(OC)cc1-c(o2)cc(=O)c(c23)c(O)cc(O)c3[9*],TRUE,3,6,1,2,0,0,0,2,3,3,7,22,0.0625,100.13,1.76,299.258,299.0555631,0
N=[S@@](=O)([9*])C,TRUE,1,2,0,0,0,0,0,0,0,0,4,4,1,40.92,0.12727,78.116,78.00135975,1
c1cnc(cc1[9*])Nc(ncc2F)cc2-c3c(OC)cc(F)cc3,TRUE,1,4,1,3,0,0,2,4,3,3,7,23,0.058823529,47.04,3.3486,312.299,312.0948434,0
O=C1CCCCCN1[2*],TRUE,0,1,1,0,0,0,0,0,1,0,3,8,0.833333333,20.31,0.8533,112.152,112.0762389,0
[14*]c1ccc(cc1)NC(=O)c2[nH]ncc2Nc3ncnc(c34)[nH]cc4,TRUE,4,5,1,3,0,0,0,4,4,4,9,24,0,111.38,1.8515,318.32,318.110333,0
Clc1ccc(Cl)c(c12)NC(=O)[C@@]2([13*])O,TRUE,2,2,1,1,0,0,2,0,2,1,6,13,0.125,49.33,1.6399,217.031,215.9619087,1
C1CCCC1n2c(=O)c(C(=O)C)c(C)c(c23)cnc(n3)Nc(nc4)ccc4[13*],TRUE,1,7,1,2,0,0,0,4,4,3,8,27,0.35,89.77,2.73082,362.413,362.1616999,0
Fc(c1)ccc(OC)c1C(=O)N[25*],TRUE,1,2,1,1,0,0,1,2,1,1,5,12,0.125,38.33,1.0284,168.147,168.0460817,0
c1cc(O)c(O)c(Br)c1/C=C/C(=S)N[9*],TRUE,3,3,1,1,0,0,1,2,1,1,6,14,0,52.49,2.2548,273.131,271.9380866,0
[1*]c1cc(Br)cnc1,TRUE,0,1,1,1,0,0,1,0,1,1,3,7,0,12.89,1.0187,156.99,155.9448862,0
Cn1ncc(c1)-c(ncc2)cc2Oc(cc3)c(C)nc3-c(c4=O)cnc(N[9*])n4C,TRUE,1,9,1,4,0,0,0,5,4,4,10,29,0.15,99.75,2.61472,388.411,388.1521978,0
O=C([10*])Nc1ccc(cc1)Oc2ccnc(c23)cc(OC)c(c3)C(=O)NC,TRUE,2,5,1,2,0,0,0,5,3,3,8,26,0.105263158,89.55,3.4765,350.354,350.114081,0
O=C([19*])C=[N+]=[N-],TRUE,0,1,1,0,2,0,0,1,0,0,4,5,0,53.47,-0.6371,69.043,69.00888765,0
Cc1noc(C)c1-c(c2)cnc(c23)c(cn3[C@H]([14*])C)-c4ccc(cc4)C(=O)O,TRUE,1,5,1,3,0,0,0,4,4,4,7,27,0.19047619,81.15,4.74114,360.393,360.1348164,1
[17*][C@@H]1C[C@H](F)[C@@H](O)CC1,TRUE,1,1,0,0,0,0,1,0,1,0,3,8,1,20.23,1.2071,117.143,117.0715682,3
Brc(c1)cc(F)cc1[22*],TRUE,0,0,1,1,0,0,2,0,1,1,3,8,0,0,1.7628,173.992,172.9402154,0
c1cccc(c12)c(O)c(cc2N[*])-c3c(O)ccc(c34)cccc4,TRUE,3,3,1,2,0,0,0,2,4,4,4,23,0,52.49,4.9474,300.337,300.1024537,0
[18F]c1ccc(O)cc1[5*],TRUE,1,1,1,1,0,0,1,0,1,1,3,8,0,20.23,0.7059,110.097938,110.0271527,0
n1c([4*])[nH]c(c12)C(=O)C(=O)c3c2cccc3,TRUE,1,3,1,2,0,0,0,0,3,2,5,15,0,62.82,0.6303,197.173,197.0351024,0
[7*]N1CCN=C1N,TRUE,1,3,1,0,0,0,0,0,1,0,4,6,0.666666667,41.62,-0.919,84.102,84.05617219,0
[13*]c1c(C)oc(c12)c(C)c3c(c2)c(C)cc(o3)=O,TRUE,0,3,1,1,0,0,0,0,3,3,4,17,0.214285714,43.35,2.63906,227.239,227.0708192,0
c1cccc(O[15*])c1\C=N\NC(=O)c2ccncc2,TRUE,1,4,1,2,0,0,0,4,2,2,6,18,0,63.58,1.6886,240.242,240.0773016,0
[nH]1c(N)nc(=O)c(c12)ncn2[C@@H]3C[C@H]([12*])C=C3,TRUE,2,5,1,1,0,0,0,1,3,2,7,16,0.3,89.59,0.5406,216.224,216.0885349,2
O1C[C@H](C)OC12CCN(CC2)c(s3)nc(=O)c(c34)cc([28*])cc4[N+]([O-])=O,TRUE,0,8,1,1,2,0,0,2,4,2,10,25,0.5,94.8,1.4711,362.387,362.0810666,1
O[C@@H]1[C@H](O)[C@@H]([13*])O[C@H]1n2ncc(c23)c(O)ncn3,TRUE,3,8,1,1,0,0,0,1,3,2,9,17,0.444444444,113.52,-1.3421,237.195,237.0623798,4
[N-]=[N+]=N[C@H]1C[C@@H](O[C@@H]1[13*])n2c(=O)[nH]c(=O)cc2,TRUE,1,5,2,1,2,0,0,2,2,1,9,16,0.5,112.85,0.0098,222.184,222.0627141,3
[13*]NC(=O)N1CCN(C)CC1,TRUE,1,2,1,0,0,0,0,0,1,0,5,10,0.833333333,35.58,-0.5923,142.182,142.098037,0
[15*]Oc1ccc(F)c(c12)NC(=O)CC2,TRUE,1,2,1,1,0,0,1,1,2,1,5,13,0.222222222,38.33,1.5535,180.158,180.0460817,0
Fc1cc(Cl)cc(F)c1N(CC2)C[C@@H](O)[C@@]2([15*])O,TRUE,2,3,1,1,0,0,3,1,2,1,7,17,0.454545455,43.7,1.4271,262.663,262.0446377,2
c1ccccc1-c(nn2)c(Cl)c(c23)c(nn3C[6*])-c4ccccc4,TRUE,0,4,1,3,0,0,1,3,4,4,6,23,0.055555556,43.6,4.3205,319.775,319.0750491,0
O[C@H]1C[C@@H]([C@H]([C@]12[12*])C2)n3cc(C)c(=O)[nH]c3=O,TRUE,2,4,1,1,0,0,0,1,3,1,6,16,0.636363636,75.09,-0.12138,221.236,221.0926173,4
O=C1NC(=O)CCN1[8*],TRUE,1,2,1,0,0,0,0,0,1,0,5,8,0.5,49.41,-0.6074,113.096,113.0351024,0
C1CC([16*])CCN1C(=O)c2n[nH]c(c23)CN(CC3)C(=O)C,TRUE,1,3,2,1,0,0,0,1,3,1,7,20,0.642857143,69.3,0.8881,275.332,275.1508008,0
O=C\C=C(C)\C(=C\[34*])\C,TRUE,0,1,1,0,0,0,0,2,0,0,2,8,0.285714286,17.07,1.5847,109.148,109.0653399,0
[35*]/C=C\C=C,TRUE,0,0,1,0,0,0,0,1,0,0,1,4,0,0,1.2354,53.084,53.03912516,0
COc(c1)c(Br)c(OC)cc1\C=N\NC(=O)[9*],TRUE,1,4,1,1,0,0,1,4,1,1,7,16,0.2,59.92,2.0591,286.105,284.9874793,0
[17*]SN=O,TRUE,0,3,0,0,0,0,0,1,0,0,4,3,0,29.43,0.8653,62.073,61.97005962,0
FC(F)=C(C1)[C@@H](N)C[C@H]1[10*],TRUE,1,1,0,0,0,0,2,0,1,0,4,9,0.666666667,26.02,1.5959,132.133,132.0624807,2
Clc(c1)c(Cl)c(Cl)cc1[16*],TRUE,0,0,1,1,0,0,3,0,1,1,4,9,0,0,2.8214,180.441,178.9222081,0
Fc1ccc(C(=O)O)cc1O[11*],TRUE,1,2,1,1,0,0,1,2,1,1,5,11,0,46.53,1.367,155.104,155.0144472,0
[6*]c1c(C)[nH]nc1C,TRUE,1,1,1,1,0,0,0,0,1,1,3,7,0.4,28.68,0.20114,95.125,95.06092322,0
O[C@]1([20*])[C@H](O)C[C@H]([C@@]12C)[C@H]3[C@H](CC2)[C@]4(C)C(CC3)=CC(=O)CC4,TRUE,2,3,1,0,0,0,0,0,4,0,4,22,0.842105263,57.53,2.727,303.422,303.1960197,7
FC1(F)CN([19*])CCC1,TRUE,0,1,0,0,0,0,2,0,1,0,4,8,1,3.24,1.1818,120.122,120.0624807,0
c1cc(Br)oc1[12*],TRUE,0,1,1,1,0,0,1,0,1,1,3,6,0,13.14,1.2167,145.963,144.9289018,0
OC(=O)c(cc1)cc2c1O[C@@H]([19*])c(n23)c4c(c(=O)n(C)c(=O)n4C)c3-c5ccccc5,TRUE,1,7,1,3,0,0,0,2,5,4,9,30,0.136363636,95.46,2.3334,402.386,402.1089956,1
[10*]c1c(O)c(OC)ccc1,TRUE,1,2,1,1,0,0,0,1,1,1,3,9,0.142857143,29.46,0.5754,123.131,123.0446045,0
Cc1ccc(Br)nc1NC(=O)[15*],TRUE,1,2,1,1,0,0,1,1,1,1,5,11,0.142857143,41.99,2.23372,214.042,212.9663499,0
c1cc(Cl)c(Cl)c(c12)ncn2C[12*],TRUE,0,2,1,1,0,0,2,1,2,2,5,12,0.125,17.82,2.8499,200.048,198.9829785,0
Clc(n1)nc(N[18*])c(c12)ncn2[C@@H]3SC[C@@H](O)[C@H]3O,TRUE,3,8,1,1,0,0,1,2,3,2,10,18,0.444444444,96.09,0.3231,286.724,286.0165482,3
Fc1ccc(nc1[15*])Nc2n[nH]c(c2)C,TRUE,2,3,1,2,0,0,1,2,2,2,6,14,0.111111111,53.6,1.17042,191.189,191.0732995,0
[nH]1c(N)nc(=O)c(c12)cc([12*])[nH]2,TRUE,3,3,1,1,0,0,0,0,2,2,6,11,0,87.56,-0.992,149.133,149.0463358,0
O=C([12*])c1ncccc1,TRUE,0,2,1,1,0,0,0,1,1,1,3,8,0,29.96,0.7711,106.104,106.0292887,0
C1N([11*])C(=O)c(c12)cc(cc2)N=C(N)N,TRUE,2,2,1,1,0,0,0,1,2,1,6,14,0.111111111,84.71,0.0116,189.198,189.0776359,0
C1COC[C@@H](O)[C@@H]1[5*],TRUE,1,2,0,0,0,0,0,0,1,0,3,7,1,29.46,0.1054,101.125,101.0602545,2
C1CCCC1n2c(=O)c(C(=O)C)c(C)c(c23)cnc(N[13*])c3,TRUE,1,5,1,1,0,0,0,3,3,2,6,21,0.4375,63.99,2.89882,284.339,284.1399018,0
c1cccc(C2=O)c1C(=O)c(c23)c(cc(c3N)N(CC4)CCN4[8*])Nc5ccc(cc5)C(=O)O,TRUE,3,7,1,3,0,0,0,4,5,3,9,33,0.16,115.97,3.0723,441.467,441.1562802,0
O=C([15*])Nc1cccc(c12)c(c[nH]2)-c3nc(ncc3)Nc(c4)c(OC)nn4C,TRUE,3,7,1,3,0,0,0,5,4,4,10,27,0.111111111,109.75,3.1918,362.373,362.1365478,0
[10*]C1CC(=O)CC(=O)C1,TRUE,0,2,0,0,0,0,0,0,1,0,3,8,0.666666667,34.14,0.6463,111.12,111.0446045,0
Fc1c(C)nc(cc1[10*])Nc(nc2)nc(Nc(nn3C)cc3C)c2N(CC4)C[C@@H](C)N4C,TRUE,2,9,1,3,0,0,1,5,4,3,11,31,0.428571429,87.03,2.16314,424.508,424.2373451,1
C1COCCN1c2ccc(cc2)Nc3[nH]nc(N[20*])c3C(=O)N,TRUE,4,6,1,2,0,0,0,5,3,2,9,22,0.285714286,108.3,0.965,301.33,301.1412988,0
C1CC([2*])CCN1c2nc([nH]n2)N,TRUE,2,4,1,1,0,0,0,1,2,1,6,12,0.714285714,70.83,0.3249,166.208,166.1092704,0
c1cc(Cl)c(Cl)cc1C(=O)N[10*],TRUE,1,1,1,1,0,0,2,1,1,1,5,11,0,29.1,2.1875,189.021,187.9669941,0
[9*]c1onc(c1)C(=O)NO,TRUE,2,4,1,1,0,0,0,1,1,1,6,9,0,75.36,-1.0318,127.079,127.014367,0
c1cc(OC)c(OC)cc1-c(nc2N[8*])cnc2,TRUE,1,5,1,2,0,0,0,4,2,2,6,17,0.166666667,56.27,2.037,230.247,230.0929516,0
c1ccc(cc1[8*])NC(=O)c2cc(C)cnc2,TRUE,1,2,1,2,0,0,0,2,2,2,4,16,0.076923077,41.99,1.81692,211.244,211.087138,0
Fc1cccc(F)c1NC(=O)C(=O)N[18*],TRUE,2,2,1,1,0,0,2,1,1,1,7,14,0,58.2,0.4838,199.136,199.0319088,0
O=C(C)Nc1scc(c12)C(=O)N([11*])C2=O,TRUE,1,4,1,1,0,0,0,1,2,1,7,14,0.125,66.48,0.7668,209.206,209.002088,0
Fc(c1)ccc(c12)nc(C)n2-c3nc(c(F)c(n3)N)Nc4ccc([29*])cc4,TRUE,2,6,1,3,0,0,2,3,4,4,9,26,0.055555556,81.65,2.90252,351.34,351.1169759,0
C1CCCC12c3c(N=C2C)c(F)cc(c3)-c4nc(ncc4F)Nc(nc5)ccc5[20*],TRUE,1,5,1,3,0,0,2,3,5,3,8,29,0.272727273,63.06,4.6528,390.417,390.153027,0
Brc(c1)c(Br)c([N+]([O-])=O)c(c12)nc([8*])n2C(C)C,TRUE,0,4,1,1,2,0,2,2,2,2,8,17,0.3,60.96,3.225,362.001,359.8983257,0
c1ccc(F)c(S(=O)(=O)C2)c1c(c23)n(-c4ccc([19*])cc4)nc3C(=O)N5CCOCC5,TRUE,0,6,1,3,0,0,1,2,5,3,10,30,0.238095238,81.5,1.6127,426.449,426.0923802,0
O=C1C(C)=C(C)C(=O)C=C1[27*],TRUE,0,2,1,0,0,0,0,0,1,0,3,10,0.25,34.14,0.9078,135.142,135.0446045,0
O=C(C)c(c1)ccc(N[C@H]2[13*])c1[C@@H]([C@@H]23)C=CC3,TRUE,1,2,1,1,0,0,0,1,3,1,3,16,0.357142857,29.1,2.8498,212.272,212.1075391,3
Fc1cccc(F)c1Oc(cc2)ccc2-c(c(c34)c(N)n[nH]c4=O)cn3[C@H](CC5)CN5C(=O)[24*],TRUE,2,6,2,3,0,0,2,4,5,4,11,33,0.173913043,106.24,3.9604,450.425,450.1377709,1
OC(=O)c(cc1)c(C)cc1-c(c2[15*])cccc2,TRUE,1,1,1,2,0,0,0,2,2,2,3,16,0.071428571,37.3,2.53482,211.24,211.0759046,0
c1cc(I)cc(F)c1Nc(c2C(=O)N[3*])n(C)c(c23)nccc3,TRUE,2,4,1,2,0,0,2,3,3,3,8,22,0.066666667,58.95,3.2547,409.182,408.9961622,0
c1cccc(c12)nc(s2)-c3ccc(O[12*])cc3,TRUE,0,3,1,2,0,0,0,2,3,3,4,16,0,22.12,3.8064,226.28,226.0326599,0
[2*]c1ccc(cc1)-c([nH]2)nc(c23)cccc3,TRUE,1,1,1,2,0,0,0,1,3,3,3,15,0,28.68,2.4045,193.229,193.0765733,0
N1CCCc(c12)c(=O)[nH]c3c2ccc([11*])c3,TRUE,2,2,1,1,0,0,0,0,3,2,4,15,0.25,44.89,1.0608,199.233,199.087138,0
O=C1C(N[5*])=CC(=O)c(c12)cccc2,TRUE,1,3,1,1,0,0,0,1,2,1,4,13,0,46.17,1.0034,172.163,172.0398534,0
n1c(N)nc(S)c(c12)ncn2[C@@H]3O[C@H]([13*])[C@@H](O)C3,TRUE,3,8,1,1,0,0,0,1,3,2,9,17,0.444444444,99.08,-0.1476,252.279,252.0555206,3
[13*]N1CCN(CC1)c2c(Cl)cnc(c23)nc([nH]3)-c(c4)c(C)nn4C,TRUE,1,6,1,2,0,0,1,2,4,3,9,23,0.4,65.87,1.90652,330.803,330.1233962,0
C1CC(O)(CC2)CCC12[4*],TRUE,1,1,0,0,0,0,0,0,3,0,2,9,1,20.23,1.7933,125.191,125.09664,0
O1CCOc(c12)ncc([*])c2,TRUE,0,3,1,1,0,0,0,0,2,1,4,10,0.285714286,31.35,0.0274,136.13,136.0398534,0
C1C[C@]([22*])(O)C[C@@H]2CC[C@H]([C@H]3[C@@]12C)[C@H]4[C@](C)(CC3)\C(=N\O)CC4,TRUE,2,3,1,0,0,0,0,0,4,0,4,22,0.947368421,52.82,4.0972,304.454,304.2276542,7
[2*]c1c(F)c(C(=O)O)ccc1,TRUE,1,1,1,1,0,0,1,1,1,1,4,10,0,37.3,0.6985,139.105,139.0195326,0
n1cc(Cl)cnc1[16*],TRUE,0,2,1,1,0,0,1,0,1,1,4,7,0,25.78,0.3046,113.527,112.9906507,0
Fc(c1)cc(C(=O)N)c(c12)oc(c2)-c3ccc([17*])cc3,TRUE,1,2,1,2,0,0,1,2,3,3,5,19,0,56.23,2.5124,254.24,254.0617317,0
c1ccccc1-c(o2)nc(c23)cc(N)cc3[14*],TRUE,1,3,1,2,0,0,0,1,3,3,4,16,0,52.05,2.2516,209.228,209.0714879,0
c1cc(F)ccc1NC(=O)c(cc2)ccc2N(CC3)CCN3c(cc4)cc(C)c4O[18*],TRUE,1,4,2,3,0,0,1,5,4,3,7,30,0.208333333,44.81,4.55612,404.465,404.1774302,0
[41*]c1cnc(n12)c(ccc2)Nc(c3)cnn3C,TRUE,1,5,1,2,0,0,0,2,3,3,6,16,0.090909091,47.15,0.986,212.236,212.0936203,0
C1CC1n2c(C)nc(c23)c(F)cc(c3)-c4nc(ncc4F)Nc(cc5)nc(c56)CCN([24*])C6,TRUE,1,7,1,3,0,0,2,4,6,4,10,32,0.304347826,71.76,4.37582,432.458,432.1748251,0
c1cccc(F)c1-c2nc(C)oc2C(=O)N[8*],TRUE,1,3,1,2,0,0,1,2,2,2,6,16,0.090909091,55.13,1.98322,219.195,219.0569807,0
c1ccc(O[15*])c(c12)nc(C)cc2-c3ncnn3C,TRUE,0,5,1,2,0,0,0,2,3,3,6,18,0.153846154,52.83,2.18182,239.258,239.093286,0
[*]NC(=O)Nc1c(CCC2)c2cc(c13)CCC3,TRUE,2,1,1,1,0,0,0,1,3,1,4,16,0.461538462,41.13,2.2498,215.276,215.1184381,0
CC(C)n1nc([*])cc1,TRUE,0,2,1,1,0,0,0,1,1,1,3,8,0.5,17.82,0.6386,109.152,109.0765733,0
[13*]Cn1c(=O)cccc1,TRUE,0,2,1,1,0,0,0,1,1,1,3,8,0.166666667,22,0.3551,108.12,108.0449388,0
Fc1c(OC)ccnc1[23*],TRUE,0,2,1,1,0,0,1,1,1,1,4,9,0.166666667,22.12,0.4039,126.11,126.035517,0
Cn1ncc(c12)cc(c(c2)-c3c[nH]nc3)Oc4c(F)cc(cc4)NC(=O)c(c5=O)ccc(O[23*])n5-c6ccc(F)cc6,TRUE,2,8,1,5,0,0,2,7,6,6,13,41,0.034482759,116.06,5.2802,553.505,553.1435845,0
[*]Nc(s1)nc(c12)cccc2,TRUE,1,3,1,1,0,0,0,1,2,2,4,10,0,24.92,2.1725,149.198,149.0173442,0
OC(=O)c(cc1)ccc1\C=C\[1*],TRUE,1,1,1,1,0,0,0,2,1,1,3,11,0,37.3,1.9048,147.153,147.0446045,0
CC1(C)C[C@@H](C2)CCCNc(ccc3)nc3S(=O)(=O)NC(=O)c(c4N12)ccc(n4)-n5nc(O[20*])cc5,TRUE,2,10,2,3,0,0,0,2,5,3,13,35,0.391304348,131.34,2.4347,496.573,496.1766983,1
C1CC12C3(C2[19*])CC3,TRUE,0,0,0,0,0,0,0,0,3,0,1,7,1,0,1.8982,93.149,93.07042529,0
c1cc(O)c(C(=O)O)cc1N[8*],TRUE,3,3,1,1,0,0,0,2,1,1,5,11,0,69.56,0.9666,152.129,152.0347681,0
c1cc(O[42*])cc(c12)nccc2-c(c(n34)CCC4)c(n3)-c5ncccc5,TRUE,0,5,1,3,0,0,0,3,5,4,6,25,0.15,52.83,3.9496,327.367,327.1245861,0
[16*]Nc1ncnc(c12)cccc2,TRUE,1,3,1,1,0,0,0,1,2,2,4,11,0,37.81,1.506,144.157,144.0561722,0
C[C@H]1[C@H](O)C[C@H]([2*])CC1,TRUE,1,1,0,0,0,0,0,0,1,0,2,8,1,20.23,1.5051,113.18,113.09664,3
c1cc(Cl)cc(c1[25*])-c2ccccc2,TRUE,0,0,1,2,0,0,1,1,2,2,2,13,0,0,3.1816,187.649,187.0314529,0
[11*]Oc1ccc(cc1)C(=O)N2CCN(C)CC2,TRUE,0,3,1,1,0,0,0,2,2,1,5,16,0.416666667,32.78,0.9173,219.264,219.1133527,0
[7*]NC(=O)c(c1)cnn1C,TRUE,1,3,1,1,0,0,0,1,1,1,5,9,0.2,46.92,-0.3858,124.123,124.0510868,0
[C@@H]12[C@@H]([21*])N[C@@H](CC1)CC2=C,TRUE,1,1,0,0,0,0,0,0,3,0,2,9,0.75,12.03,1.1899,122.191,122.0969744,3
[10*]NC(=O)c1c(O)cccc1,TRUE,2,2,1,1,0,0,0,1,1,1,4,10,0,49.33,0.5863,136.13,136.0398534,0
[10*]c1cc(F)c(C)cc1,TRUE,0,0,1,1,0,0,1,0,1,1,2,8,0.142857143,0,1.30872,109.123,109.0453534,0
C1COCCN1c(sc2Cl)nc2-c(c(n3)C)c(n34)nc(C)cc4[8*],TRUE,0,7,1,2,0,0,1,2,4,3,9,23,0.4,55.55,2.13424,348.839,348.0685838,0
n1cc(C)[nH]c1-c(c(c23)C(=O)NC2)ccc3-c4c(F)cc(cc4)NC(=O)Nc5cc([36*])ccc5,TRUE,4,3,1,4,0,0,1,4,5,4,9,33,0.08,98.91,4.25322,440.458,440.1522781,0
Fc1ccc([19*])cc1C(=O)N2CCN(CC2)C(=O)c3ccc([18F])cc3,TRUE,0,2,2,2,0,0,2,2,3,2,7,24,0.222222222,40.62,1.7376,328.328938,328.1126939,0
O=C([11*])N(C1)Cc(c12)nc(C)cc2C,TRUE,0,2,2,1,0,0,0,0,2,1,4,13,0.4,33.2,1.68334,175.211,175.087138,0
Cc1onc(c1[19*])-c2ccc(C)nc2,TRUE,0,3,1,2,0,0,0,1,2,2,4,13,0.2,38.92,1.52804,173.195,173.0714879,0
[10*]Cn1n[n+](C)cc1,TRUE,0,2,1,1,1,1,0,1,1,1,4,7,0.5,21.7,-0.7856,97.121,97.06344864,0
